股票代號,股票名稱,成交價,漲跌,開盤價,最高價,最低價,成交量
006201,元大富櫃50,42.42,+1.22,43.18,43.44,42.30,"667,697"
00679B,元大美債20年,26.67,+0.22,26.68,26.73,26.64,"47,313,881"
00687B,國泰20年美債,27.76,+0.22,27.76,27.82,27.73,"28,754,471"
00687C,國泰20年美債+櫃U,9.18,+0.13,9.18,9.18,9.18,"25,000"
00694B,富邦美債1-3,42.34,-0.15,42.62,42.62,42.31,"213,482"
00695B,富邦美債7-10,35.41,+0.05,35.42,35.45,35.41,"150,255"
00696B,富邦美債20年,28.74,+0.25,28.75,28.80,28.72,"4,081,359"
00697B,元大美債7-10,35.99,+0.08,36.00,36.04,35.98,"310,826"
00719B,元大美債1-3,31.48,-0.12,31.60,31.60,31.43,"5,828,365"
00720B,元大投資級公司債,32.61,+0.26,32.64,32.66,32.59,"7,352,733"
00722B,群益投資級電信債,35.02,+0.33,35.06,35.07,34.99,"2,277,800"
00723B,群益投資級科技債,30.19,+0.27,30.18,30.23,30.18,"110,366"
00724B,群益投資級金融債,33.63,+0.21,33.70,33.70,33.62,"5,449,041"
00725B,國泰投資級公司債,34.77,+0.28,34.75,34.84,34.73,"2,461,348"
00726B,國泰新興投等債,32.62,+0.07,32.64,32.67,32.62,"295,783"
00727B,國泰優選非投等債,39.89,+0.01,39.91,39.94,39.89,"103,083"
00734B,台新JPM新興債,15.72,+0.07,15.72,15.72,15.72,"220,002"
00740B,富邦全球投等債,38.37,+0.28,38.33,38.43,38.33,"1,313,461"
00741B,富邦全球非投等債,37.95,-0.03,38.00,38.00,37.87,"149,440"
00746B,富邦A級公司債,35.33,+0.22,35.31,35.37,35.31,"222,896"
00749B,凱基新興債10+,31.35,+0.10,31.28,31.35,31.28,"101,000"
00750B,凱基科技債10+,32.53,+0.27,32.53,32.53,32.53,"150,000"
00751B,元大AAA至A公司債,31.17,+0.25,31.19,31.23,31.15,"4,293,526"
00754B,群益AAA-AA公司債,32.95,+0.33,32.88,32.95,32.86,"160,034"
00755B,群益投資級公用債,32.86,+0.23,32.82,32.87,32.82,"107,408"
00756B,群益投等新興公債,31.51,+0.17,31.55,31.56,31.48,"246,725"
00758B,復華能源債,51.60,+0.25,51.65,51.65,51.60,"102,000"
00759B,復華製藥債,54.50,+0.20,54.50,54.50,54.50,"101,001"
00760B,復華新興企業債,53.75,+0.25,53.75,53.75,53.75,"100,978"
00761B,國泰A級公司債,34.42,+0.26,34.41,34.48,34.40,"742,851"
00764B,群益25年美債,27.67,+0.24,27.70,27.71,27.63,"13,352,181"
00768B,復華20年美債,49.98,+0.39,49.94,50.05,49.93,"1,856,341"
00772B,中信高評級公司債,33.40,+0.22,33.45,33.48,33.40,"2,259,607"
00773B,中信優先金融債,35.91,+0.22,35.92,35.97,35.89,"577,661"
00777B,凱基AAA至A公司債,32.06,+0.20,32.11,32.12,32.06,"122,506"
00778B,凱基金融債20+,34.31,+0.35,34.23,34.31,34.21,"114,000"
00779B,凱基美債25+,27.96,+0.17,27.96,28.03,27.93,"387,005"
00780B,國泰A級金融債,37.71,+0.04,37.76,37.77,37.70,"116,301"
00781B,國泰A級科技債,27.92,+0.28,27.79,27.97,27.79,"180,755"
00782B,國泰A級公用債,30.15,+0.17,30.16,30.19,30.15,"122,000"
00785B,富邦金融投等債,34.88,+0.26,34.84,34.91,34.84,"105,468"
00786B,元大10年IG銀行債,32.95,+0.19,32.94,32.97,32.93,"117,002"
00787B,元大10年IG醫療債,32.51,+0.21,32.54,32.56,32.48,"17,188"
00788B,元大10年IG電能債,29.84,+0.14,29.88,29.90,29.84,"15,095"
00789B,復華公司債A3,47.20,+0.30,47.22,47.25,47.19,"176,021"
00791B,復華信用債1-5,57.50,-0.05,57.60,57.60,57.50,"121,999"
00792B,群益A級公司債,31.59,+0.28,31.54,31.63,31.54,"152,700"
00793B,群益AAA-A醫療債,30.59,+0.19,30.64,30.64,30.59,"36,162"
00795B,中信美國公債20年,26.86,+0.25,26.86,26.90,26.83,"6,601,549"
00799B,國泰A級醫療債,29.62,+0.16,29.53,30.06,29.53,"389,794"
00834B,第一金金融債10+,33.81,+0.18,33.81,33.81,33.81,"100,000"
00836B,永豐10年A公司債,28.55,+0.24,28.55,28.55,28.55,"73,000"
00840B,凱基IG精選15+,29.67,+0.23,29.67,29.67,29.67,"100,034"
00841B,凱基AAA-AA公司債,28.52,+0.29,28.46,28.52,28.44,"116,000"
00842B,台新美元銀行債,29.98,+0.06,29.99,30.10,29.98,"155,379"
00844B,台新15年IG金融債,31.64,+0.25,31.66,31.67,31.64,"235,001"
00845B,富邦新興投等債,33.44,+0.01,33.44,33.44,33.44,"101,170"
00846B,富邦歐洲銀行債,36.40,+0.03,36.40,36.40,36.40,"101,000"
00847B,中信美國市政債,25.52,+0.16,25.48,25.52,25.48,"212,000"
00848B,中信新興亞洲債,33.98,+0.12,33.99,34.01,33.97,"210,001"
00849B,中信EM主權債0-5,37.76,-0.13,37.87,37.87,37.76,"213,482"
00853B,統一美債10年Aa-A,27.45,+0.20,27.43,27.48,27.43,"1,005,341"
00856B,永豐1-3年美公債,38.11,-0.04,38.13,38.13,38.11,"34,060"
00857B,永豐20年美公債,23.07,+0.21,23.05,23.11,23.03,"1,097,541"
00858,永豐美國500大,36.67,+0.58,36.60,36.77,36.60,"680,195"
00859B,群益0-1年美債,41.54,-0.21,41.75,41.75,41.53,"2,900,343"
00860B,群益1-5Y投資級債,38.91,-0.09,38.96,38.98,38.89,"211,051"
00862B,中信投資級公司債,31.46,+0.28,31.37,31.48,31.37,"240,406"
00863B,中信全球電信債,31.63,+0.29,31.50,31.63,31.50,"286,030"
00864B,中信美國公債0-1,47.10,-0.25,47.35,47.35,47.06,"1,706,950"
00867B,台新A-BBB電信債,30.68,+0.31,30.59,30.68,30.59,"27,281"
00870B,元大15年EM主權債,27.85,+0.12,27.85,27.85,27.85,"1,000"
00877,復華中國5G,37.12,+1.19,36.08,37.12,35.16,"7,574,834"
00884B,中信低碳新興債,29.27,+0.18,29.27,29.27,29.27,"200,355"
00886,永豐美國科技,46.68,+1.26,47.31,47.31,46.68,"64,366"
00887,永豐中國科技50大,17.04,+0.70,16.65,17.10,16.42,"13,023,385"
00888,永豐台灣ESG,32.09,+0.71,32.75,32.79,32.09,"10,218,194"
00890B,凱基ESG BBB債15+,32.07,+0.23,31.89,32.07,31.89,"103,000"
00928,中信上櫃ESG 30,31.27,+1.25,31.50,31.74,31.18,"818,748"
00931B,統一美債20年,13.35,+0.12,13.35,13.37,13.33,"2,146,314"
00933B,國泰10Y+金融債,16.05,+0.09,16.05,16.09,16.03,"9,292,998"
00937B,群益ESG投等債20+,14.73,+0.11,14.74,14.76,14.72,"35,571,505"
00942B,台新美A公司債20+,14.16,+0.11,14.20,14.21,14.14,"1,511,264"
00948B,中信優息投資級債,9.39,+0.06,9.39,9.41,9.39,"7,286,049"
00950B,凱基A級公司債,14.03,+0.09,14.02,14.05,14.01,"7,688,351"
00955,中信日本商社,15.30,-0.08,15.45,15.45,15.29,"3,665,279"
00957B,兆豐US優選投等債,13.35,+0.11,13.33,13.38,13.33,"165,418"
00958B,永豐ESG銀行債15+,9.29,+0.06,9.32,9.32,9.29,"746,492"
00959B,大華投等美債15Y+,9.34,+0.07,9.32,9.35,9.32,"967,685"
00966B,統一ESG投等債15+,13.81,+0.10,13.80,13.83,13.79,"1,701,297"
00967B,元大優息美債,9.13,+0.08,9.15,9.15,9.12,"181,792"
00968B,元大優息投等債,9.24,+0.07,9.24,9.25,9.22,"1,529,768"
00969B,元大零息超長美債,8.20,+0.13,8.18,8.21,8.16,"642,942"
00970B,台新BBB投等債20+,9.33,+0.08,9.31,9.33,9.30,"4,790,937"
009806,台新標普500,13.93,+0.22,13.95,13.96,13.92,"90,409"
009807,台新標普科技精選,17.26,+0.63,17.24,17.28,17.23,"164,507"
00980B,台新特選IG債10+,9.43,+0.07,9.42,9.44,9.42,"270,250"
00980D,主動聯博投等入息,20.49,+0.06,20.50,20.52,20.49,"603,904"
00980T,平衡凱基美國TOP,12.12,+0.17,11.96,12.14,11.96,"4,150,443"
009814,富邦標普500,11.63,+0.20,11.64,11.66,11.62,"490,044"
009815,大華美國MAG7+,11.79,+0.28,11.78,11.82,11.76,"5,332,023"
00981B,第一金優選非投債,9.34,0.00,9.34,9.36,9.32,"12,729,033"
00981D,主動中信非投等債,10.50,-0.01,10.54,10.54,10.50,"2,763,121"
009822,華南永昌未來金融,9.86,+0.01,9.87,9.87,9.83,"620,678"
009823,群益S&P500,10.70,+0.17,10.71,10.73,10.67,"8,031,588"
009825,聯邦美國金融創新,9.99,+0.11,10.01,10.05,9.99,"6,611,194"
00982B,FT投資級債20+,9.67,+0.01,9.68,9.69,9.67,"61,102"
00983B,大華優利美公債20,15.54,+0.14,15.51,15.56,15.51,"776,060"
00984B,大華優利美A債15,16.19,+0.11,16.19,16.22,16.18,"549,559"
00985D,主動貝萊德優投等,10.12,+0.05,10.11,10.14,10.11,"251,767"
00986B,FT金融債10+,9.79,+0.04,9.79,9.79,9.79,"1,000"
00986D,主動復華金融債息,14.74,+0.03,14.73,14.76,14.73,"1,045,876"
00987B,野村10+澳洲公債,16.27,+0.04,16.24,16.30,16.24,"1,191,503"
00988B,玉山嚴選非投債,20.02,+0.04,20.02,20.05,20.01,"4,035,901"
00989B,台新美國非投等債,10.27,-0.01,10.30,10.30,10.26,"3,967,539"
00990B,國泰收益非投等債,10.11,0.00,10.12,10.13,10.09,"2,288,286"
00998A,主動復華金融股息,18.11,+0.06,18.10,18.18,18.10,"2,426,602"
020001,富邦存股雙十N,---,---,---,---,---,0
020025,統一亞洲半導體N,37.61,+2.08,37.39,37.77,37.23,"42,000"
020033,統一恒生科期N,3.94,+0.08,3.90,3.94,3.90,"198,000"
020035,元大上櫃ESG高息N,---,---,---,---,---,0
020040,元大上櫃ESG龍頭N,---,---,---,---,---,0
020041,兆豐半導體氣候N,18.01,+0.50,18.49,18.57,18.01,"44,000"
1240,茂生農經,55.10,-0.10,55.10,55.10,55.10,"13,096"
1259,安心,58.70,-0.40,60.00,60.50,58.00,"24,986"
1264,德麥,256.00,+1.00,255.00,256.00,254.50,"36,631"
1268,漢來美食,169.50,-2.50,171.50,171.50,169.50,"43,190"
1294,漢田生技,56.70,+0.50,56.30,56.70,56.30,"7,513"
1295,生合,46.40,-0.20,46.60,46.80,46.15,"44,329"
1336,台翰,15.20,0.00,15.35,15.45,15.15,"109,196"
1565,精華,93.20,+0.60,94.30,94.30,92.80,"290,298"
1569,濱川,42.65,+1.05,42.10,43.20,41.95,"340,357"
1570,力肯,34.00,+0.35,33.90,35.20,33.90,"41,128"
1580,新麥,112.00,+0.50,112.00,113.00,112.00,"74,609"
1584,精剛,17.40,+0.10,17.45,17.65,17.30,"454,576"
1586,和勤,18.15,+0.05,18.10,18.25,18.05,"253,001"
1591,駿吉-KY,36.20,-0.20,37.45,37.45,36.05,"132,991"
1593,祺驊,30.15,+0.05,30.30,30.30,30.00,"21,618"
1595,川寶,62.50,+2.00,64.70,66.30,61.20,"1,435,558"
1599,宏佳騰,23.65,-0.10,23.70,23.85,23.60,"15,699"
1742,台蠟,18.10,-0.25,18.00,18.20,16.55,"267,070"
1777,生泰,72.30,+0.20,72.10,72.50,72.10,"34,115"
1780,立弘,23.40,-0.15,23.60,23.60,23.35,"55,081"
1781,合世,11.55,-0.05,11.60,11.60,11.35,"7,131"
1784,訊聯,58.70,+0.60,58.50,59.20,58.30,"65,037"
1785,光洋科,111.50,+0.50,116.50,116.50,111.50,"7,049,014"
1788,杏昌,130.50,+0.50,130.00,130.50,130.00,"20,625"
1796,金穎生技,30.70,-0.85,30.40,30.70,30.05,"12,073"
1799,易威,31.65,-0.40,32.00,32.15,31.65,"264,164"
1813,寶利徠,11.45,-0.05,11.50,11.50,11.45,"10,925"
1815,富喬,83.90,+3.80,88.00,88.10,83.20,"35,593,829"
2035,唐榮,---,---,---,---,---,33
2061,風青,55.20,+1.20,54.60,56.40,54.20,"1,147,846"
2063,世鎧,23.70,0.00,23.60,24.00,23.50,"30,783"
2064,晉椿,---,---,---,---,---,201
2065,世豐,31.40,-0.35,32.00,32.00,31.40,"39,930"
2066,世德,61.50,+0.60,61.60,61.80,60.80,"25,556"
2067,嘉鋼,6.44,+0.23,6.21,6.44,6.20,"7,701"
2070,精湛,53.00,+4.80,53.00,53.00,53.00,"58,238"
2073,雄順,26.15,-1.80,26.80,27.50,26.15,"6,211"
2221,大甲,44.75,+0.25,45.30,45.60,44.55,"214,895"
2230,泰茂,24.60,+0.35,24.90,24.90,24.20,"121,911"
2235,謚源,27.95,0.00,27.95,27.95,27.95,"1,000"
2596,綠意,30.95,+0.30,30.90,31.00,30.70,"45,528"
2640,大車隊,145.00,-1.00,147.00,147.00,145.00,"11,694"
2641,正德,17.25,+0.20,17.25,17.35,17.15,"994,214"
2643,捷迅,62.70,+0.30,63.40,63.50,62.40,"40,018"
2718,全心投控,44.80,+0.70,45.00,45.00,44.50,"10,723"
2719,燦星旅,21.60,0.00,21.60,21.60,21.35,"15,096"
2724,藝舍-KY,10.60,0.00,10.60,10.60,10.60,"1,001"
2726,雅茗-KY,8.63,0.00,8.63,8.68,8.55,"44,656"
2729,瓦城,160.00,-2.00,160.00,160.50,160.00,"7,128"
2732,六角,63.10,+0.10,63.00,63.50,63.00,"22,251"
2734,易飛網,14.65,0.00,14.90,14.90,14.55,"27,086"
2736,富野,11.50,-0.15,11.90,11.95,11.45,"86,409"
2740,華軒,33.00,-0.50,32.95,33.35,30.20,"8,214"
2743,山富,56.50,-0.30,56.70,57.50,56.40,"92,529"
2745,五福,86.60,0.00,87.50,88.30,85.80,"181,226"
2751,王座,51.90,+0.20,51.90,51.90,51.90,"2,152"
2752,豆府,175.00,+1.00,173.50,175.00,173.50,"13,449"
2754,亞洲藏壽司,71.70,+0.30,72.80,72.80,71.00,"26,591"
2755,揚秦,103.00,0.00,103.00,104.50,103.00,"25,555"
2756,聯發國際,56.50,-0.10,57.00,57.00,55.60,"17,429"
2916,滿心,40.50,+0.40,40.20,40.80,40.20,"68,960"
2924,宏太-KY,16.30,+0.45,15.75,16.30,15.75,"7,060"
2926,誠品生活,30.60,-0.15,30.50,30.65,30.25,"16,063"
2937,集雅社,45.30,-0.20,45.00,45.30,45.00,"2,361"
2941,米斯特,31.70,0.00,31.70,31.70,31.70,"1,020"
2947,振宇五金,64.00,+2.00,62.50,64.00,62.50,"9,116"
2948,寶陞,38.00,-0.20,38.50,38.50,38.00,"7,740"
2949,欣新網,59.90,+0.40,59.60,59.90,59.60,"3,000"
3064,泰偉,---,---,---,---,---,1
3066,李洲,21.85,-0.40,22.45,23.30,21.60,"1,018,039"
3067,全域,18.10,-0.45,18.10,18.10,18.10,"1,080"
3071,協禧,26.10,-0.05,26.60,26.85,26.00,"190,965"
3073,天方能源,22.00,+0.20,21.95,22.00,21.80,"14,186"
3078,僑威,52.80,-0.10,53.20,53.60,52.60,"713,701"
3081,聯亞,2160.00,+195.00,2160.00,2160.00,2160.00,"374,935"
3083,網龍,25.30,0.00,25.95,25.95,25.30,"75,225"
3085,新零售,12.05,0.00,12.35,12.35,12.05,"4,774"
3086,華義*,27.45,-0.60,27.95,28.05,27.35,"188,522"
3088,艾訊,132.50,+9.00,124.50,135.00,124.50,"3,231,082"
3093,港建*,46.50,+0.65,46.65,48.50,46.15,"461,784"
3095,及成,38.00,+0.70,37.30,38.05,37.30,"26,482"
3105,穩懋,376.00,+34.00,376.00,376.00,376.00,"2,862,561"
3114,好德,33.55,+2.25,31.80,33.75,31.55,"782,611"
3115,富榮綱,---,---,---,---,---,61
3118,進階,31.70,-0.05,31.50,31.70,31.50,"30,625"
3122,笙泉,25.60,+0.40,25.35,26.10,25.35,"93,909"
3128,昇銳,21.90,+0.15,22.20,22.40,21.55,"146,984"
3131,弘塑,2345.00,-195.00,2670.00,2670.00,2345.00,"1,345,957"
3141,晶宏,74.40,+2.60,73.30,75.40,73.30,"884,496"
3147,大綜,271.50,+24.50,251.00,271.50,248.00,"2,534,292"
3152,璟德,232.00,-10.00,241.50,241.50,232.00,"322,620"
3158,嘉實,82.60,-0.40,83.30,83.70,82.00,"11,060"
3162,精確,65.40,+2.30,64.80,66.50,64.00,"734,945"
3163,波若威,722.00,+65.00,722.00,722.00,700.00,"3,796,009"
3169,亞信,103.00,+2.00,101.00,104.00,101.00,"136,103"
3171,炎洲流通,65.50,+0.20,64.50,65.50,64.50,"9,258"
3176,基亞,33.50,+1.85,32.80,34.00,32.65,"1,225,459"
3178,公準,57.60,+0.60,58.50,58.90,57.20,"56,365"
3188,鑫龍騰,23.10,0.00,23.10,23.20,22.95,"165,094"
3191,雲嘉南,18.80,+0.05,18.80,18.90,18.55,"122,288"
3205,佰研,47.95,+0.50,48.00,48.00,47.55,"16,006"
3206,志豐,32.95,-0.20,33.55,33.55,32.90,"56,646"
3207,耀勝,41.45,+0.10,42.00,42.00,41.20,"163,389"
3211,順達,324.50,-0.50,339.00,346.50,321.50,"7,596,197"
3213,茂訊,134.50,+5.50,131.00,134.50,130.50,"670,160"
3217,優群,143.50,+2.50,142.50,145.50,142.50,"693,812"
3218,大學光,140.00,+4.00,137.00,140.00,136.50,"365,703"
3219,倚強科,65.00,+2.70,63.30,67.10,63.30,"197,087"
3221,台嘉碩,47.65,+0.65,48.00,49.00,47.50,"3,156,153"
3224,三顧,35.10,+0.40,35.00,35.25,34.80,"28,687"
3226,龍鋒,51.40,+0.30,51.00,52.10,48.10,"79,881"
3227,原相,209.50,+4.00,207.50,210.00,206.50,"1,605,176"
3228,金麗科,145.50,+0.50,148.00,148.00,144.50,"259,909"
3230,錦明,41.00,+0.80,40.95,42.05,40.95,"897,831"
3232,昱捷,19.60,-0.15,19.65,20.00,19.60,"45,372"
3234,光環,115.00,+2.00,118.00,122.00,114.00,"2,106,521"
3236,千如,42.70,-0.30,45.00,45.40,42.65,"3,245,743"
3252,海灣,15.90,0.00,15.90,16.15,15.80,"37,002"
3259,鑫創,14.55,-0.25,14.70,14.85,14.55,"45,739"
3260,威剛,396.00,-2.50,409.50,412.50,396.00,"13,936,761"
3264,欣銓,202.00,+8.50,202.00,207.00,198.50,"5,493,682"
3265,台星科,155.50,0.00,160.00,164.50,155.50,"1,067,508"
3268,海德威,20.95,-0.55,21.90,21.90,20.90,"124,964"
3272,東碩,14.05,+0.25,14.25,14.45,13.90,"41,884"
3276,宇環,15.05,0.00,15.20,15.35,15.00,"239,165"
3284,太普高,20.80,+0.05,21.10,21.60,20.75,"208,369"
3285,微端,37.85,+0.75,37.30,38.10,37.20,"19,752"
3287,廣寰科,29.70,-0.20,29.90,29.90,29.10,"136,433"
3288,點晶,23.90,-1.55,24.65,24.65,23.45,"103,520"
3289,宜特,144.50,除息,148.00,150.00,144.50,"1,256,909"
3290,東浦,53.20,0.00,54.20,54.80,53.00,"527,625"
3293,鈊象,777.00,+3.00,774.00,781.00,769.00,"1,310,072"
3294,英濟,30.60,+0.30,31.30,31.35,30.60,"378,891"
3297,杭特,26.80,+0.55,26.50,27.60,26.50,"76,635"
3303,岱稜,54.90,-0.70,56.40,56.60,54.50,"788,506"
3306,鼎天,43.35,+0.05,43.55,43.55,43.10,"132,527"
3310,佳穎,67.00,-0.20,67.00,67.00,67.00,"1,000"
3313,斐成,10.30,0.00,10.35,10.35,10.25,"46,856"
3317,尼克森,69.70,+1.70,70.70,71.30,69.40,"891,528"
3322,建舜電,11.40,+0.15,11.40,11.90,11.35,"321,428"
3323,加百裕,29.35,+0.40,29.70,29.90,29.35,"283,309"
3324,雙鴻,965.00,+21.00,974.00,995.00,965.00,"2,637,990"
3325,旭品,12.05,0.00,12.10,12.30,11.90,"151,371"
3332,幸康,---,---,---,---,---,55
3339,泰谷,39.80,+2.40,38.35,40.40,38.00,"4,855,850"
3349,寶德,22.10,-0.80,22.80,23.00,21.15,"318,088"
3354,律勝,21.10,+0.95,20.60,21.35,20.60,"151,470"
3357,臺慶科,210.00,+4.00,212.50,217.50,208.00,"1,896,864"
3360,尚立,16.30,-0.20,16.80,16.90,16.30,"960,799"
3362,先進光,174.50,-5.00,183.00,183.00,172.50,"2,366,860"
3363,上詮,600.00,+37.00,606.00,618.00,589.00,"3,257,876"
3372,典範,15.80,+0.30,15.70,16.00,15.55,"619,497"
3373,熱映,16.50,+0.25,16.30,16.70,16.30,"148,382"
3374,精材,313.00,+3.50,324.00,340.00,310.50,"20,106,850"
3379,彬台,26.75,+0.65,26.50,27.00,26.50,"162,555"
3388,崇越電,73.20,0.00,73.50,74.50,73.00,"568,950"
3390,旭軟,23.60,+0.80,23.15,23.75,23.15,"178,690"
3402,漢科,130.00,-0.50,134.00,134.00,130.00,"477,280"
3430,奇鈦科,114.00,+6.00,111.00,114.00,107.00,"693,351"
3434,哲固,30.25,+0.25,30.20,30.50,30.00,"115,310"
3438,類比科,60.90,+3.90,57.80,62.70,57.50,"602,693"
3441,聯一光,85.40,-4.20,90.30,93.80,85.00,"22,510,715"
3444,利機,68.60,+1.00,69.80,69.80,68.20,"111,428"
3455,由田,186.00,+3.50,189.00,196.00,185.00,"943,200"
3465,進泰電子,29.70,-0.80,29.45,30.35,29.45,"90,014"
3466,德晉,24.85,+0.35,24.90,25.35,24.50,"285,512"
3467,台灣精材,46.70,+1.75,46.60,46.90,45.95,"118,489"
3479,安勤,140.00,+6.50,136.50,140.50,136.00,"2,049,438"
3483,力致,73.50,-0.40,74.30,75.60,73.50,"297,123"
3484,崧騰,52.80,+1.60,51.50,54.50,51.40,"1,592,499"
3485,敘豐,208.50,+2.00,212.00,222.00,208.50,"224,996"
3489,森寶,25.90,+0.25,25.90,26.25,25.80,"1,251,269"
3490,單井,28.55,+0.15,28.50,29.20,28.40,"1,845,889"
3491,昇達科,1285.00,+115.00,1265.00,1285.00,1225.00,"1,149,679"
3492,長盛,22.10,+0.15,22.15,22.40,21.80,"43,024"
3498,陽程,113.00,+9.50,108.00,113.00,106.50,"1,469,724"
3499,環天科,13.00,+0.20,12.45,13.00,12.45,"77,812"
3508,位速,17.00,+0.40,16.70,17.50,16.40,"69,536"
3511,矽瑪,20.05,+0.80,20.30,20.65,20.00,"382,618"
3512,皇龍,19.75,-0.05,19.75,19.80,19.50,"26,428"
3516,亞帝歐,27.05,+0.05,27.55,28.20,26.15,"142,962"
3520,華盈,18.25,+0.20,18.05,18.55,17.90,"467,157"
3521,台鋼建設,12.15,-0.10,12.45,12.50,12.15,"54,911"
3522,御嵿,12.05,-0.05,12.45,12.45,12.05,"22,305"
3523,迎輝,15.65,+0.50,15.20,15.65,15.00,"21,927"
3526,凡甲,307.00,+2.00,311.50,312.50,304.50,"413,048"
3527,聚積,52.50,+0.80,52.90,53.00,52.00,"59,560"
3529,力旺,2630.00,+55.00,2700.00,2780.00,2600.00,"1,216,747"
3531,先益,21.70,-0.55,22.50,22.50,21.55,"4,040"
3537,堡達,51.50,-0.80,53.00,53.80,51.50,"731,105"
3540,曜越,20.30,+0.10,20.50,20.65,20.20,"105,894"
3541,西柏,20.70,-0.10,20.80,20.80,20.70,"32,682"
3546,宇峻,75.80,+1.30,75.00,75.90,75.00,"190,697"
3548,兆利,76.30,+1.40,76.00,77.00,75.80,"146,814"
3551,世禾,177.50,+2.50,180.00,182.50,177.50,"462,041"
3552,同致,45.35,-0.35,45.70,46.35,45.00,"144,241"
3555,博士旺,161.50,+14.50,149.00,161.50,149.00,"90,295"
3556,禾瑞亞,62.60,+0.90,62.70,63.70,62.40,"247,210"
3558,神準,128.00,+2.00,127.00,129.00,126.00,"78,962"
3564,其陽,46.70,+2.40,47.00,48.00,45.25,"213,811"
3567,逸昌,26.15,+0.20,26.00,26.25,26.00,"28,365"
3570,大塚,164.00,+1.00,164.00,164.50,163.50,"12,704"
3577,泓格,138.00,+6.50,133.00,142.00,133.00,"1,942,578"
3580,友威科,78.90,+3.40,77.60,80.60,77.50,"286,814"
3581,博磊,111.50,0.00,115.00,119.00,111.50,"538,949"
3587,閎康,276.50,+25.00,276.50,276.50,276.50,"1,174,211"
3594,磐儀,56.10,+2.70,54.10,58.50,54.10,"2,734,477"
3597,映興,26.25,-0.25,26.70,26.80,25.75,"26,513"
3609,三一東林,26.00,-0.20,26.70,26.70,24.85,"138,115"
3611,鼎翰,186.50,+2.00,186.50,186.50,185.00,"17,501"
3615,安可,35.70,+0.30,36.25,36.80,35.70,"557,164"
3623,富晶通,20.10,+0.35,19.90,20.35,19.90,"12,501"
3624,光頡,74.80,+6.80,72.60,74.80,70.00,"1,254,173"
3625,西勝,16.90,-0.40,17.40,17.50,16.85,"288,979"
3628,盈正,64.40,+0.10,64.90,65.70,64.30,"51,169"
3629,地心引力,14.00,+0.30,14.35,14.35,13.75,"7,001"
3630,新鉅科,26.45,-0.10,26.90,27.15,26.15,"722,072"
3631,晟楠,31.65,-0.05,32.40,32.40,31.40,"31,120"
3632,研勤,7.83,-0.66,7.85,7.85,7.82,"48,467"
3646,艾恩特,23.40,-0.10,23.20,23.40,23.20,"25,011"
3663,鑫科,64.40,+1.50,63.70,65.90,63.70,"528,205"
3664,安瑞-KY,7.00,+0.21,7.00,7.20,7.00,"14,004"
3666,光耀,25.10,+0.05,25.05,25.10,24.85,"34,216"
3672,康聯訊,12.80,-0.05,12.85,12.85,12.65,"17,073"
3675,德微,267.50,+15.00,264.50,274.00,260.00,"1,271,245"
3680,家登,447.50,+17.50,442.00,455.50,442.00,"979,172"
3684,榮昌,50.00,+0.50,50.00,50.00,49.30,"16,584"
3685,元創精密,34.65,-1.35,36.00,36.00,34.50,"308,160"
3687,歐買尬,66.10,+0.30,66.10,66.70,65.50,"30,659"
3689,湧德,107.50,+4.00,106.50,108.00,105.50,"850,220"
3691,碩禾,114.50,+0.50,115.50,117.50,113.50,"374,994"
3693,營邦,501.00,+2.50,515.00,524.00,499.50,"675,853"
3707,漢磊,62.40,+2.60,62.30,64.20,61.60,"6,555,488"
3709,鑫聯大投控,78.60,+3.90,76.00,79.50,75.60,"1,413,880"
3710,連展投控,5.05,+0.05,5.00,5.09,4.95,"270,187"
3713,新晶投控,14.55,-0.25,14.70,14.70,14.10,"13,501"
4102,永日,19.10,+0.05,19.05,19.10,19.00,"11,258"
4105,東洋,76.60,+0.10,76.80,77.00,76.00,"523,652"
4107,邦特,113.00,-1.00,114.50,114.50,113.00,"45,622"
4109,加捷生醫,11.15,-0.15,11.25,11.25,11.15,"319,536"
4111,濟生,30.15,+0.10,30.20,30.20,30.10,"31,777"
4113,聯上,14.80,+0.40,14.40,14.80,14.40,"313,319"
4114,健喬,28.95,-0.10,29.00,29.15,28.90,"955,541"
4116,明基醫,39.95,+0.55,39.10,40.00,39.10,"76,300"
4120,友華,48.80,+1.60,47.10,48.90,47.10,"285,761"
4121,優盛,13.00,+0.10,12.95,13.15,12.95,"81,119"
4123,晟德,39.15,+0.20,39.40,39.40,38.70,"3,354,739"
4126,太醫,76.00,+0.40,75.60,76.00,75.60,"9,882"
4127,天良,84.90,+7.70,77.50,84.90,77.50,"465,457"
4128,中天,14.55,-0.10,14.65,14.75,14.55,"864,737"
4129,聯合,83.30,0.00,83.30,83.90,83.20,"64,293"
4131,浩泰,33.70,-0.40,34.25,34.25,32.80,"9,156"
4138,曜亞,51.20,0.00,51.20,51.40,51.00,"37,459"
4139,馬光-KY,40.50,+1.50,41.20,41.20,38.00,"14,203"
4147,中裕,59.10,+1.50,57.80,59.30,57.80,"577,621"
4153,鈺緯,32.00,0.00,31.45,32.00,31.40,"33,981"
4154,樂威科-KY,11.75,+0.15,11.90,11.90,11.10,"7,001"
4157,太景*-KY,8.61,+0.28,8.39,8.73,8.39,"981,384"
4160,訊聯基因,39.70,+0.50,40.00,40.00,39.20,"20,923"
4161,聿新科,22.55,+0.25,22.35,22.85,22.35,"11,075"
4162,智擎,63.70,+0.70,63.60,64.60,63.00,"446,723"
4163,鐿鈦,122.50,+0.50,123.50,123.50,122.00,"43,320"
4166,友霖,25.05,0.00,25.20,25.25,24.95,"81,420"
4167,松瑞藥,18.20,+0.25,18.00,18.25,17.85,"902,449"
4168,醣聯,22.85,+0.15,22.70,23.15,22.50,"140,826"
4171,瑞基,16.75,+0.05,16.85,17.00,16.35,"237,166"
4173,久裕,17.60,-0.15,17.70,17.75,17.55,"124,513"
4174,浩鼎,26.25,+0.10,26.65,26.70,26.10,"291,867"
4175,杏一,50.00,0.00,50.20,50.20,50.00,"4,637"
4183,福永生技,14.75,+0.30,14.75,14.75,14.75,"2,045"
4188,安克,10.00,+0.11,9.99,10.05,9.99,"37,151"
4192,杏國,19.20,-0.40,19.60,19.60,19.00,"10,520"
4198,欣大健康,41.30,+1.20,41.30,41.30,41.30,"1,290"
4205,中華食,69.00,0.00,69.30,69.50,68.80,"18,888"
4207,環泰,19.85,-0.10,20.00,20.00,19.85,"48,651"
4303,信立,43.95,+0.05,44.85,45.10,43.80,"445,230"
4304,勝昱,15.90,-0.85,16.65,16.65,15.80,"43,707"
4305,世坤,42.60,+0.95,41.65,42.60,41.55,"6,000"
4401,東隆興,13.90,0.00,13.90,14.00,13.70,"28,100"
4402,郡都開發,16.90,+0.80,16.65,16.90,16.30,"89,458"
4406,新昕纖,9.90,+0.08,9.82,10.00,9.82,"8,031"
4413,飛寶企業,14.45,+0.25,14.20,14.45,14.20,"14,151"
4416,三圓,10.30,+0.05,10.25,10.35,10.25,"98,224"
4417,金洲,43.20,+0.10,43.95,44.05,43.20,"48,267"
4419,皇家美食,45.45,+0.25,45.25,45.45,45.25,"5,102"
4420,光明,35.45,+0.60,35.50,35.50,34.80,"10,866"
4430,耀億,17.70,-0.15,17.90,18.10,17.50,"8,513"
4432,銘旺實,16.25,+0.15,16.15,16.50,16.10,"20,011"
4433,興采,19.60,+0.10,19.80,19.80,19.50,"16,266"
4442,竣邦-KY,53.10,-5.80,58.00,58.00,53.10,"1,092,920"
4502,健信,15.70,0.00,15.65,15.70,15.60,"9,038"
4503,金雨,33.25,+0.40,33.50,33.70,33.00,"87,276"
4506,崇友,123.00,+0.50,122.50,125.00,120.50,"199,167"
4510,高鋒,38.25,+1.25,37.80,39.10,37.65,"668,108"
4513,福裕,17.60,-0.15,18.15,18.30,17.60,"792,021"
4523,永彰,25.30,-0.10,25.10,25.35,24.95,"82,203"
4527,方土霖,39.35,0.00,39.40,39.40,39.00,"11,013"
4528,江興鍛,15.20,+0.05,15.35,15.50,15.20,"34,947"
4529,淳紳,4.25,+0.20,4.05,4.30,3.99,"76,652"
4530,宏易,24.35,+0.20,24.65,24.75,24.35,"6,105"
4533,協易機,25.05,+0.70,24.85,25.20,24.75,"450,936"
4534,慶騰,35.00,+1.00,34.10,36.20,33.60,"1,589,321"
4535,至興,28.45,+0.20,28.25,28.45,28.25,"5,011"
4538,大詠城,17.35,+0.05,17.50,17.80,17.30,"22,007"
4541,晟田,66.00,+3.20,63.30,69.00,63.30,"5,189,344"
4542,科嶠,306.50,+27.50,306.50,306.50,306.50,"101,483"
4543,萬在,31.10,+0.20,31.40,31.80,30.90,"164,781"
4549,桓達,90.40,-0.10,90.60,92.50,90.30,"114,692"
4550,長佳,24.90,0.00,24.90,25.05,24.90,"6,254"
4554,橙的,30.80,+0.20,30.80,30.85,30.75,"10,537"
4556,旭然,84.50,+3.50,85.50,85.50,83.80,"114,565"
4558,寶緯,16.00,+0.15,15.80,16.10,15.80,"23,001"
4561,健椿,36.30,+0.60,35.70,37.15,35.70,"184,801"
4563,百德,39.60,-0.30,39.95,40.50,39.55,"86,178"
4568,科際精密,39.45,0.00,39.60,39.60,39.45,"5,262"
4577,達航科技,75.80,+0.90,77.90,80.40,75.80,"1,043,052"
4580,捷流閥業,80.70,0.00,80.50,81.90,80.30,"39,496"
4584,君帆,---,---,---,---,---,0
4609,唐鋒,5.13,+0.22,5.15,5.15,5.13,"2,001"
4702,中美實,9.59,-0.09,9.65,9.92,9.56,"78,108"
4706,大恭,31.85,+0.05,31.80,31.85,31.80,"7,216"
4707,磐亞,30.85,+2.80,29.05,30.85,28.95,"3,551,926"
4711,永純,16.00,+0.05,16.20,16.20,15.85,"44,100"
4714,永捷,10.40,+0.05,10.45,10.50,10.35,"486,061"
4716,大立,17.00,-0.55,17.10,17.90,16.85,"904,477"
4721,美琪瑪,71.40,+1.00,71.50,72.50,71.00,"314,112"
4726,永昕,25.00,+0.15,24.85,25.00,24.50,"135,834"
4728,雙美,388.00,+7.00,388.00,388.00,388.00,"1,433"
4729,熒茂,19.40,+0.15,19.40,19.65,19.30,"78,262"
4735,豪展,30.35,-0.05,30.60,30.60,30.20,"16,593"
4741,泓瀚,45.60,+2.85,44.90,47.00,43.45,"349,137"
4743,合一,45.75,-1.70,45.90,46.95,45.70,"2,642,969"
4744,皇將,27.50,-2.30,29.80,30.35,26.90,"135,576"
4745,合富-KY,12.00,0.00,12.00,12.15,11.90,"71,660"
4747,強生,50.80,+1.10,51.00,51.20,50.00,"70,368"
4749,新應材,794.00,+16.00,792.00,832.00,792.00,"1,151,156"
4754,國碳科,36.50,0.00,36.55,36.55,36.30,"20,905"
4760,勤凱,246.00,+8.50,260.50,260.50,243.00,"697,817"
4767,誠泰科技,26.70,+0.55,25.50,26.70,25.45,"7,005"
4768,晶呈科技,297.00,+6.50,296.00,301.00,294.50,"275,479"
4772,台特化,237.00,+9.50,235.00,241.50,233.00,"658,428"
4806,桂田文創,10.20,+0.10,9.91,10.20,9.91,"10,013"
4903,聯光通,40.65,+1.65,39.90,41.40,39.80,"4,197,249"
4905,台聯電,66.30,+1.00,66.30,67.80,65.50,"9,001"
4907,富宇,45.40,+1.85,43.55,45.90,43.15,"183,139"
4908,前鼎,165.50,+15.00,165.50,165.50,165.50,"547,448"
4909,新復興,38.30,+0.70,38.50,38.75,38.10,"265,272"
4911,德英,28.45,-0.25,28.65,29.40,28.35,"95,668"
4923,力士,46.30,+4.20,43.20,46.30,42.40,"287,163"
4924,欣厚-KY,10.10,+0.05,10.05,10.65,9.98,"87,240"
4931,新盛力,199.00,+3.00,201.00,205.00,198.50,"3,652,469"
4933,友輝,57.20,+1.10,56.20,57.90,56.20,"120,935"
4939,亞電,59.40,+3.10,58.40,61.80,58.40,"11,865,933"
4946,辣椒,71.90,+0.50,71.50,72.00,71.40,"21,738"
4950,金耘國際,15.60,+0.05,15.65,15.70,15.50,"33,682"
4951,精拓科,81.20,+1.10,80.80,83.00,80.60,"293,115"
4953,緯致,130.00,+1.00,132.00,132.50,129.50,"756,520"
4966,譜瑞-KY,618.00,+34.00,598.00,622.00,597.00,"1,395,716"
4971,IET-KY,462.00,+42.00,462.00,462.00,462.00,"213,648"
4972,湯石照明,16.45,-0.05,16.50,16.50,16.45,"14,985"
4973,廣穎,148.00,+4.00,148.00,155.00,146.00,"2,824,592"
4974,亞泰,68.70,+0.80,68.70,69.00,68.50,"94,530"
4979,華星光,492.00,+44.50,492.00,492.00,480.00,"7,055,317"
4991,環宇-KY,469.00,+42.50,469.00,469.00,453.00,"2,152,468"
4995,晶達,49.45,+1.95,47.70,50.00,47.70,"65,551"
5009,榮剛,33.30,+0.20,33.40,33.60,32.60,"2,209,045"
5011,久陽,17.75,+0.15,17.90,18.60,17.60,"292,766"
5013,強新,24.65,-0.05,24.95,24.95,24.65,"7,061"
5014,建錩,10.35,-0.10,10.50,10.50,10.30,"369,189"
5015,華祺,21.10,-0.10,21.20,21.20,21.10,"19,213"
5016,松和,24.05,+0.10,24.05,24.05,23.80,"8,000"
5201,凱衛,26.60,-0.10,26.90,26.90,26.35,"20,043"
5202,力新,12.50,+0.60,12.00,12.95,12.00,"657,313"
5205,中茂,21.85,+0.10,21.85,21.85,21.85,"1,213"
5206,坤悅,20.90,+0.65,20.20,20.90,20.20,"128,450"
5209,新鼎,159.00,+3.50,156.50,159.00,156.50,"47,668"
5210,寶碩,28.05,-0.50,28.85,29.20,27.90,"340,523"
5211,蒙恬,19.90,+0.30,19.75,19.95,19.75,"16,662"
5212,凌網,47.00,-0.30,47.20,47.20,47.00,"2,051"
5213,亞昕,21.25,-0.20,21.50,21.50,21.25,"302,965"
5220,萬達光電,20.50,+0.05,20.45,20.85,20.40,"34,044"
5223,安力-KY,22.85,+0.20,23.40,23.40,22.80,"13,693"
5227,立凱-KY,34.05,-0.15,34.95,35.00,33.70,"488,659"
5228,鈺鎧,39.70,+0.30,42.00,42.00,39.45,"274,519"
5230,雷笛克光學,17.85,+0.25,17.75,18.10,17.75,"128,778"
5245,智晶,22.90,+0.80,22.80,24.30,22.80,"571,272"
5251,天鉞電,26.10,+0.60,25.80,26.80,25.80,"95,051"
5263,智崴,92.80,0.00,92.90,93.20,91.80,"98,633"
5272,笙科,17.50,-0.05,17.65,17.70,17.50,"88,820"
5274,信驊,16020.00,+520.00,15840.00,16400.00,15775.00,"262,648"
5276,達輝-KY,19.55,+0.75,18.25,19.55,18.15,"9,153"
5278,尚凡*,24.40,-0.45,24.90,24.90,24.40,"73,657"
5287,數字,146.50,+1.00,146.00,147.00,146.00,"84,960"
5289,宜鼎,1465.00,+50.00,1490.00,1505.00,1445.00,"2,452,673"
5291,邑昇,49.55,+1.60,49.00,50.20,48.90,"215,862"
5299,杰力,105.00,-2.50,110.50,112.00,104.50,"1,912,649"
5301,寶得利,5.26,0.00,5.38,5.38,5.26,"4,015"
5302,太欣,10.20,0.00,10.45,10.50,10.20,"349,831"
5309,系統電,52.70,+1.20,52.60,53.60,52.20,"1,359,140"
5310,天剛,25.00,+0.50,25.00,25.00,25.00,"2,032"
5312,寶島科,90.50,+1.50,89.90,90.60,89.90,"65,122"
5314,世紀*,56.80,+0.40,58.00,58.50,56.30,"2,471,347"
5315,光聯,19.35,-0.05,19.50,19.60,19.20,"272,994"
5321,美而快,53.00,-0.60,53.80,54.10,52.50,"250,555"
5324,士開,12.30,+0.05,12.25,12.40,12.15,"503,472"
5328,華容,65.90,-0.50,68.60,69.90,65.50,"22,691,236"
5340,建榮,75.70,+5.10,73.00,76.20,72.20,"8,080,570"
5344,立衛,14.40,+0.05,14.35,14.85,14.30,"25,982"
5345,馥鴻,24.15,+2.15,21.35,24.15,21.35,"65,085"
5347,世界,157.00,+2.50,166.50,168.00,155.50,"37,324,654"
5348,正能量智能,16.70,-0.05,16.70,16.70,16.70,"1,015"
5351,鈺創,96.50,+8.70,93.40,96.50,93.20,"31,426,098"
5353,台林,28.40,+0.25,28.30,28.40,28.20,"54,409"
5355,佳總,5.80,-0.06,5.86,5.99,5.80,"89,499"
5356,協益,24.45,-0.10,24.70,24.85,24.40,"105,612"
5364,力麗店,8.80,+0.06,8.79,8.95,8.74,"150,796"
5371,中光電,90.50,+7.80,84.00,90.80,83.60,"24,659,687"
5381,光譜,24.15,+0.55,24.00,24.50,23.90,"340,809"
5386,青雲,257.50,+9.00,259.00,265.00,254.00,"1,053,512"
5392,能率,46.40,+4.05,44.30,46.55,43.75,"6,939,459"
5398,慕康生醫,14.00,0.00,14.00,14.20,14.00,"66,142"
5403,中菲,91.70,+0.60,91.80,92.90,91.20,"91,317"
5410,國眾,36.40,+0.60,36.30,36.60,36.10,"332,121"
5425,台半,83.50,+1.90,85.00,87.30,83.20,"11,974,646"
5426,振發,25.70,+0.45,25.45,26.95,25.45,"761,609"
5432,新門,108.50,+0.50,112.50,112.50,106.00,"80,216"
5438,東友,17.40,+0.30,17.15,17.40,17.15,"74,768"
5439,高技,226.00,+2.00,228.00,233.00,223.00,"2,587,709"
5443,均豪,94.70,+2.50,95.10,96.20,94.00,"933,859"
5450,南良,14.00,-0.10,14.15,14.25,13.90,"220,302"
5452,佶優,26.50,+0.60,26.60,26.80,26.15,"470,077"
5455,昇益,28.55,+0.25,28.55,28.55,28.55,"1,029"
5457,宣德,28.45,+0.85,28.00,28.55,28.00,"421,888"
5460,同協,16.00,-0.15,16.45,16.45,15.95,"43,727"
5464,霖宏,62.60,-1.20,65.20,67.10,62.60,"431,616"
5465,富驊,21.75,+0.45,21.50,21.95,21.50,"136,860"
5468,凱鈺,25.45,+0.45,26.50,26.50,24.95,"227,457"
5474,聰泰,149.00,+1.00,149.00,151.50,146.50,"215,701"
5475,德宏,124.50,-9.50,147.00,147.00,124.50,"10,162,783"
5478,智冠,98.90,0.00,99.00,99.70,98.60,"80,753"
5481,新華,19.95,+0.05,20.40,20.40,19.65,"60,403"
5483,中美晶,178.00,-3.00,188.00,194.00,174.00,"54,555,453"
5487,通泰,29.00,-0.55,29.55,30.05,28.90,"58,218"
5488,松普,13.40,+0.25,13.30,13.55,13.15,"604,813"
5489,彩富,42.55,+1.00,42.65,42.70,41.80,"59,601"
5490,同亨,32.00,-1.45,32.40,33.80,31.65,"5,150,605"
5493,三聯,78.00,+0.90,78.60,79.00,78.00,"78,408"
5498,凱崴,47.65,+0.75,48.55,49.45,47.45,"1,483,192"
5508,永信建,51.30,+0.50,50.30,51.40,49.60,"355,394"
5511,德昌,69.60,-0.40,70.80,70.90,69.20,"162,419"
5512,力麒,7.66,-0.02,7.68,7.75,7.63,"546,307"
5514,三豐,13.75,+0.10,13.65,14.05,13.60,"285,580"
5516,雙喜,11.60,-0.10,11.45,11.65,11.20,"212,081"
5520,力泰,83.50,+0.60,83.00,83.50,83.00,"8,199"
5523,豐謙,30.35,0.00,30.30,30.35,30.30,"4,000"
5529,鉅陞,21.50,+0.25,21.20,21.55,21.20,"64,949"
5530,龍巖,47.50,+0.05,47.55,48.00,47.45,"227,112"
5536,聖暉*,1020.00,+30.00,1030.00,1035.00,1000.00,"1,184,390"
5543,桓鼎-KY,27.60,-0.10,27.60,27.60,27.60,"2,300"
5547,久舜,19.80,-0.05,19.85,19.95,19.80,"17,002"
5548,安倉,20.25,-0.10,20.35,20.35,20.25,"36,458"
5601,台聯櫃,---,---,---,---,---,0
5603,陸海,14.10,+0.10,14.00,14.20,14.00,"44,890"
5604,中連,30.05,-0.40,30.15,30.15,30.00,"11,313"
5609,中菲行,78.10,0.00,78.50,78.50,78.10,"109,445"
5701,劍湖山,4.38,+0.11,4.27,4.49,4.15,"164,898"
5703,亞都,---,---,---,---,---,2
5704,老爺知,21.85,+0.05,21.95,21.95,21.85,"9,029"
5864,致和證,31.15,+0.30,32.00,32.45,30.95,"5,154,673"
5878,台名,38.20,0.00,38.20,38.20,38.20,"4,044"
5902,德記,34.30,0.00,34.40,34.40,34.05,"12,034"
5903,全家,184.00,除息,183.00,184.00,181.50,"99,029"
5905,南仁湖,8.12,-0.02,8.16,8.20,8.12,"562,712"
6015,宏遠證,15.95,+0.40,16.00,16.15,15.85,"1,198,833"
6016,康和證,20.90,+0.45,21.00,21.25,20.80,"3,602,326"
6020,大展證,21.05,0.00,21.05,21.25,21.00,"15,002"
6021,美好證,34.50,+0.80,35.60,35.60,34.40,"86,695"
6023,元大期,87.70,+2.10,85.80,87.90,85.70,"434,294"
6026,福邦證,14.15,+0.20,14.25,14.30,14.15,"879,174"
6028,公勝保經,81.00,+0.20,80.40,81.00,80.20,"14,343"
6101,寬魚國際,36.05,-0.05,36.50,36.60,35.50,"203,526"
6103,合邦,---,---,---,---,---,0
6104,創惟,94.20,+0.40,95.00,95.60,94.20,"584,327"
6109,亞元,11.05,0.00,11.10,11.10,10.90,"56,574"
6111,光聚晶電,37.35,-0.60,38.05,38.25,37.35,"266,694"
6113,亞矽,22.45,+0.55,22.80,22.85,22.25,"94,906"
6114,久威,25.75,+0.05,26.00,26.00,25.70,"14,451"
6118,建達,15.70,0.00,15.90,16.10,15.70,"163,835"
6121,新普,372.50,+2.50,373.50,379.00,370.50,"767,570"
6122,擎邦,45.90,-0.10,46.80,46.80,45.85,"243,805"
6123,上奇,42.20,+0.10,42.10,42.40,42.00,"27,732"
6124,業強,26.80,+0.90,26.15,27.15,26.15,"23,889"
6125,廣運,49.10,+0.85,48.95,49.75,48.70,"583,451"
6126,信音,31.50,+0.45,31.60,31.75,31.45,"441,487"
6127,九豪,49.35,+0.45,51.20,51.50,49.20,"3,635,335"
6129,普誠,14.50,+0.15,14.65,14.85,14.35,"537,349"
6130,上亞科技,23.80,0.00,23.70,24.25,23.70,"32,055"
6134,萬旭,27.20,除息,27.00,27.45,26.60,"311,648"
6138,茂達,289.50,-6.00,304.00,309.50,289.00,"1,549,481"
6140,訊達,16.80,+0.40,17.45,17.45,16.75,"95,055"
6143,振曜,93.80,+3.30,91.10,94.10,91.10,"541,422"
6144,得利影,13.15,-0.05,13.65,13.65,13.00,"11,101"
6146,耕興,194.00,+3.00,192.50,194.50,192.00,"201,869"
6147,頎邦,158.50,+14.00,156.00,158.50,153.50,"17,698,402"
6148,驊宏資,29.70,+2.70,28.00,29.70,28.00,"1,059,215"
6150,撼訊,58.70,+0.70,58.10,60.00,58.10,"208,324"
6151,晉倫,34.70,+0.50,35.00,35.00,34.35,"109,528"
6154,順發,13.55,+0.05,13.60,13.60,13.55,"13,593"
6156,松上,22.35,+0.40,22.40,22.60,22.15,"778,277"
6158,禾昌,17.20,0.00,17.20,17.25,17.10,"52,003"
6160,欣技,14.35,+0.25,14.10,14.80,14.05,"99,149"
6161,捷波,55.60,+5.00,55.00,55.60,53.60,"1,949,482"
6163,華電網,41.25,+0.80,41.30,41.75,40.80,"1,024,933"
6167,久正,10.55,0.00,10.60,10.75,10.55,"243,587"
6169,昱泉,13.25,-0.30,13.70,13.75,13.20,"17,308"
6170,統振,46.35,+0.20,46.30,46.40,46.25,"60,841"
6171,大城地產,23.20,-0.10,23.45,23.45,23.00,"10,001"
6173,信昌電,165.00,+0.50,171.00,178.00,161.50,"14,569,937"
6174,安碁,42.00,-0.40,43.05,43.85,41.80,"2,323,189"
6175,立敦,76.90,+1.70,77.10,78.00,75.70,"1,526,017"
6179,亞通,27.65,+1.85,26.15,28.15,26.10,"4,174,967"
6180,橘子,40.90,-0.10,41.70,41.70,40.75,"442,123"
6182,合晶,104.00,+7.10,105.00,105.00,98.00,"10,845,022"
6185,幃翔,13.80,-0.20,14.00,14.00,13.80,"209,405"
6186,新潤,42.45,+0.65,41.95,42.50,41.80,"2,611,022"
6187,萬潤,1070.00,-20.00,1090.00,1130.00,1065.00,"4,269,540"
6188,廣明,70.80,+0.30,70.80,72.60,70.80,"1,135,469"
6190,萬泰科,67.90,+0.90,68.40,69.80,67.90,"1,297,764"
6194,育富,29.55,+0.15,29.70,29.70,29.55,"16,960"
6195,詩肯,26.95,0.00,27.25,27.25,26.90,"16,289"
6198,瑞築,19.55,-0.05,19.60,19.60,18.95,"3,001"
6199,天品,98.50,-0.70,99.60,100.50,98.50,"447,469"
6203,海韻電,61.00,0.00,61.60,62.10,61.00,"84,242"
6204,艾華,74.70,+1.00,75.80,79.10,73.40,"365,482"
6207,雷科,104.50,+1.50,108.00,110.00,103.00,"4,757,108"
6208,日揚,82.90,-1.50,84.10,85.30,82.50,"1,651,752"
6210,慶生,17.75,-0.50,17.95,18.35,17.50,"26,001"
6212,理銘,29.05,-0.25,28.90,29.05,28.85,"4,000"
6217,中探針,147.00,+13.00,147.00,147.00,147.00,"220,761"
6218,豪勉,33.80,+0.75,33.50,34.90,33.50,"343,147"
6219,富旺,12.40,+0.20,12.15,12.45,12.10,"91,363"
6220,岳豐,26.60,+0.15,26.50,26.65,26.20,"182,755"
6221,晉泰,20.85,-0.20,21.10,21.10,20.80,"109,625"
6222,立軒,---,---,---,---,---,1
6223,旺矽,6245.00,+345.00,6105.00,6390.00,6100.00,"657,446"
6227,茂綸,123.50,+3.50,122.50,126.00,122.00,"624,789"
6228,全譜,---,---,---,---,---,103
6229,研通,23.60,+0.20,23.85,24.10,23.50,"38,165"
6231,系微,230.00,+8.50,228.50,233.00,227.50,"320,411"
6233,旺玖,20.80,+0.25,21.65,21.65,20.80,"174,079"
6234,高僑,35.20,+1.85,34.25,35.90,34.00,"624,633"
6236,中湛,---,---,---,---,---,0
6237,驊訊,34.10,+0.25,34.80,35.50,33.95,"200,050"
6240,松崗,18.50,-0.70,19.20,19.20,18.50,"20,776"
6241,鑫永洋,16.45,-0.30,17.10,17.10,16.40,"388,831"
6242,立康,35.00,+0.15,35.00,35.00,35.00,"5,526"
6244,茂迪,24.70,+1.00,24.10,25.05,24.00,"4,859,589"
6245,立端,81.00,+2.80,79.10,81.90,79.10,"593,242"
6246,臺龍,12.70,+0.05,12.85,12.90,12.65,"14,335"
6248,沛波,17.45,-0.15,17.60,17.70,17.45,"73,390"
6259,百徽,30.30,+0.15,31.30,31.85,30.20,"521,916"
6261,久元,78.30,+1.90,77.50,79.50,77.50,"455,333"
6263,普萊德,154.00,+1.50,156.00,157.50,154.00,"159,197"
6264,富裔,6.05,-0.01,5.97,6.06,5.92,"26,572"
6265,方土昶,51.30,+2.00,50.70,53.90,50.40,"6,119,741"
6266,泰詠,24.10,+0.10,24.15,24.35,24.00,"239,582"
6270,倍微,30.00,+0.80,30.10,30.50,29.75,"359,968"
6274,台燿,1470.00,+130.00,1470.00,1470.00,1470.00,"3,017,273"
6275,元山,43.20,+0.20,43.30,43.60,43.05,"126,754"
6276,安鈦克,21.45,+0.75,20.70,21.80,20.70,"12,259"
6279,胡連,119.00,+2.50,118.00,120.50,116.50,"470,541"
6284,佳邦,77.40,+0.30,78.90,79.90,77.00,"1,095,720"
6290,良維,213.50,-1.50,222.50,224.00,213.00,"5,060,465"
6291,沛亨,380.00,+13.50,388.00,394.00,375.00,"1,251,578"
6292,迅德,58.60,+1.00,58.20,59.50,57.30,"164,834"
6294,智基,27.00,+0.60,26.40,27.00,26.05,"23,037"
6411,晶焱,77.80,+1.30,78.40,80.40,77.50,"357,885"
6417,韋僑,114.50,+4.50,112.00,115.50,112.00,"97,615"
6418,詠昇,32.05,+0.05,31.50,32.30,30.95,"136,891"
6419,京晨科,136.00,+3.00,135.50,139.50,135.50,"188,987"
6423,億而得,72.90,+1.40,71.10,72.90,71.10,"98,119"
6425,易發,55.50,-0.30,56.80,57.20,55.40,"280,982"
6432,今展科,71.00,-0.10,72.10,73.90,70.00,"1,686,562"
6435,大中,255.00,+3.50,262.50,271.50,255.00,"1,172,949"
6441,廣錠,19.45,+0.15,19.30,19.60,18.80,"77,070"
6461,益得,15.80,+0.20,15.80,15.85,15.55,"120,836"
6462,神盾,99.40,+2.90,99.80,101.50,98.60,"654,536"
6465,威潤,46.85,-0.10,47.00,48.10,46.85,"214,457"
6469,大樹,71.00,-1.30,72.40,73.20,70.20,"1,104,501"
6470,宇智,42.70,0.00,42.75,42.90,42.70,"28,962"
6474,華豫寧,37.60,+0.10,37.50,38.00,37.50,"55,097"
6482,弘煜科,27.50,-0.15,27.80,27.80,27.50,"6,401"
6485,點序,63.30,+3.10,63.00,63.60,62.20,"348,530"
6486,互動,74.20,-0.10,74.30,74.70,73.90,"50,706"
6488,環球晶,872.00,-80.00,993.00,996.00,868.00,"26,243,055"
6492,生華科,39.30,-1.80,40.30,40.30,39.25,"275,838"
6494,九齊,50.00,+0.55,51.10,51.10,50.00,"79,173"
6496,科懋,23.85,-0.35,24.25,24.25,23.70,"14,012"
6498,久禾光,76.20,0.00,77.10,78.50,75.10,"292,086"
6499,益安,59.00,0.00,59.20,61.20,58.80,"259,023"
6506,雙邦,16.50,-0.05,16.75,16.75,16.15,"37,957"
6508,惠光,26.20,+0.30,26.50,27.50,26.20,"44,943"
6509,聚和,45.85,+1.60,44.90,45.85,44.90,"1,051,654"
6510,精測,2755.00,-40.00,2850.00,2975.00,2755.00,"627,329"
6512,啟發電,20.15,-0.25,19.70,20.15,19.70,"6,790"
6516,勤崴國際,63.00,+4.60,63.60,64.10,62.00,"511,073"
6517,保勝光學,64.00,+0.80,64.10,65.70,63.70,"593,998"
6523,達爾膚,90.90,+0.40,91.00,91.00,90.10,"44,402"
6527,明達醫,73.60,+0.60,74.00,74.00,73.10,"49,228"
6530,創威,82.10,+7.40,78.20,82.10,77.80,"1,034,276"
6532,瑞耘,72.40,+2.10,72.00,73.20,71.30,"185,452"
6535,順藥,89.70,+2.00,87.70,89.80,87.70,"146,756"
6538,倉和,156.50,+8.00,162.50,163.00,148.50,"6,466,264"
6542,隆中,47.55,+0.25,47.30,47.55,47.20,"11,050"
6546,正基,59.10,+2.40,58.60,60.10,58.30,"359,469"
6547,高端疫苗,52.10,+4.70,52.00,52.10,50.60,"7,706,285"
6548,長科*,74.40,+0.40,79.20,79.20,73.70,"5,528,153"
6556,勝品,65.00,+0.60,65.20,65.40,65.00,"6,251"
6560,欣普羅,32.35,+0.20,33.55,33.55,32.30,"15,950"
6561,是方,325.50,+5.50,323.00,325.50,322.00,"38,412"
6568,宏觀,138.00,+5.00,136.00,138.50,136.00,"128,531"
6569,醫揚,97.90,+2.20,96.20,98.50,95.40,"65,540"
6570,維田,56.90,+2.20,54.50,57.60,54.50,"523,677"
6574,霈方,130.00,+3.50,127.00,132.50,125.00,"120,582"
6576,逸達,79.70,+0.50,79.30,79.80,79.20,"33,758"
6577,勁豐,80.00,+1.00,80.00,80.50,79.20,"98,288"
6578,達邦蛋白,18.80,+0.55,18.45,19.40,18.25,"666,264"
6584,南俊國際,487.00,+11.50,494.00,509.00,480.00,"938,075"
6588,東典光電,94.00,-1.40,97.90,103.50,93.90,"3,973,503"
6590,普鴻,65.30,+0.10,66.40,66.40,65.30,"12,608"
6593,台灣銘板,32.40,+0.05,32.35,32.55,32.05,"38,364"
6596,寬宏藝術,88.70,+0.40,88.70,89.10,88.50,"76,574"
6597,立誠,---,---,---,---,---,0
6603,富強鑫,26.75,+0.80,26.25,27.20,26.20,"2,713,772"
6609,瀧澤科,38.20,+0.95,37.25,38.20,37.25,"177,361"
6612,奈米醫材,71.40,+0.30,70.50,72.90,70.50,"15,340"
6613,朋億*,299.00,+15.50,294.00,302.00,287.50,"334,194"
6615,慧智,35.05,-0.20,34.30,35.10,34.00,"21,293"
6616,特昇-KY,8.77,-0.01,8.70,8.78,8.70,"13,030"
6617,共信-KY,79.70,+0.40,79.70,80.90,77.90,"263,308"
6620,漢達,89.30,+1.50,89.00,91.50,88.40,"624,135"
6624,萬年清,40.50,-0.90,41.40,42.80,39.50,"13,268"
6629,泰金-KY,104.00,0.00,104.50,104.50,103.00,"7,006"
6637,醫影,62.20,+0.60,61.70,62.20,61.60,"55,377"
6640,均華,910.00,+25.00,933.00,933.00,897.00,"121,283"
6642,富致,77.00,+2.50,80.00,80.20,76.40,"333,630"
6643,M31,414.00,0.00,418.00,432.00,405.00,"421,933"
6649,台生材,36.30,+0.75,35.80,36.50,35.80,"37,220"
6651,全宇昕,120.00,-2.50,123.50,125.50,118.00,"260,804"
6654,天正國際,169.00,+1.00,170.00,170.00,165.00,"16,518"
6661,威健生技,17.85,0.00,18.20,18.20,17.00,"10,011"
6662,樂斯科,29.95,+0.25,29.70,29.95,29.60,"7,397"
6664,群翊,352.00,+12.00,355.00,357.00,349.00,"253,575"
6667,信紘科,230.50,+3.50,233.50,234.50,227.00,"221,798"
6679,鈺太,231.50,+21.00,215.50,231.50,212.00,"691,103"
6680,鑫創電子,57.20,+5.20,56.40,57.20,56.20,"35,248"
6683,雍智科技,1195.00,+105.00,1165.00,1195.00,1165.00,"355,423"
6684,安格,47.95,+1.35,47.30,48.00,47.25,"113,430"
6690,安碁資訊,164.50,+3.00,163.00,166.00,163.00,"57,229"
6692,進能服,22.80,-0.10,23.70,23.70,22.20,"30,213"
6693,廣閎科,170.50,+7.50,177.50,178.00,167.50,"714,231"
6697,東捷資訊,40.00,-0.45,40.45,40.45,39.60,"14,749"
6703,軒郁,106.00,0.00,106.50,106.50,105.50,"45,728"
6708,天擎,39.00,0.00,39.55,39.55,39.00,"14,270"
6712,長聖,150.00,+1.50,151.00,151.50,149.00,"453,375"
6716,應廣,83.40,+2.60,82.30,85.30,81.30,"243,165"
6720,久昌,135.50,+2.50,139.00,139.00,135.00,"18,142"
6721,信實,51.50,-0.80,52.00,52.00,51.50,"53,495"
6725,矽科宏晟,250.00,除息,251.50,255.50,250.00,"138,643"
6727,亞泰金屬,407.00,+37.00,390.50,407.00,386.00,"728,339"
6728,上洋,104.50,0.00,105.50,106.00,104.00,"28,912"
6730,常廣,35.00,0.00,35.00,35.00,35.00,"2,031"
6732,昇佳電子,159.50,+3.00,160.00,162.00,156.50,"376,113"
6733,博晟生醫,27.25,0.00,27.90,28.20,27.20,"208,706"
6735,美達科技,66.30,+1.20,66.60,67.60,66.10,"92,702"
6739,竹陞科技,1045.00,+55.00,1050.00,1070.00,1015.00,"141,127"
6741,91APP*-KY,56.20,+0.50,55.80,56.20,55.30,"230,704"
6751,智聯服務,41.00,-0.50,41.95,41.95,40.95,"41,185"
6752,叡揚,98.40,+1.40,96.30,98.40,96.30,"14,326"
6761,穩得,151.50,+3.50,152.00,155.00,149.50,"247,625"
6762,達亞,---,---,---,---,---,300
6763,綠界科技*,42.20,+0.55,41.80,42.35,41.80,"268,971"
6767,台微醫,24.25,+0.05,24.50,24.50,24.20,"14,132"
6785,昱展新藥,98.40,+0.70,98.10,98.40,97.50,"61,098"
6788,華景電,359.00,+14.50,356.00,362.50,355.00,"393,984"
6791,虎門科技,102.00,+0.50,104.50,105.00,102.00,"23,456"
6803,崑鼎,270.00,-1.50,272.00,273.00,270.00,"59,047"
6804,明係,18.00,-0.05,18.15,18.35,17.70,"262,407"
6811,宏碁資訊,246.00,+10.00,245.50,247.00,240.00,"418,685"
6821,聯寶,42.60,+0.90,43.65,43.65,42.10,"225,992"
6823,濾能,67.20,+1.80,66.40,68.50,66.40,"72,128"
6829,千附精密,188.00,+6.50,186.50,189.00,184.50,"404,716"
6840,東研信超,68.60,+6.20,63.30,68.60,63.20,"620,891"
6841,長佳智能,55.50,+0.30,55.80,55.90,55.00,"207,208"
6843,進典,39.40,0.00,39.40,40.10,38.65,"22,002"
6844,諾貝兒,60.60,-0.20,60.20,60.60,60.20,"30,436"
6846,綠茵,61.00,-0.90,60.30,61.90,60.30,"18,174"
6855,數泓科,119.50,+2.50,118.00,120.00,117.50,"25,618"
6856,鑫傳,44.10,+0.45,43.50,44.10,43.50,"2,001"
6859,伯特光,99.70,+0.20,99.80,101.00,99.70,"9,026"
6865,偉康科技,24.75,+0.05,24.70,25.35,24.45,"38,126"
6870,騰雲,253.00,+5.00,247.00,256.00,243.00,"48,195"
6872,浩宇生醫,15.20,+0.10,15.45,15.45,15.20,"7,640"
6874,倍力,76.90,-0.50,77.40,78.10,76.50,"47,855"
6875,國邑*,33.30,+0.30,32.60,33.30,32.50,"103,388"
6877,鏵友益,125.00,+5.50,122.50,125.00,120.50,"85,833"
6881,潤德,200.50,0.00,200.50,201.50,200.50,"13,386"
6884,海柏特,31.50,+0.40,31.45,31.50,31.15,"8,671"
6894,衛司特,354.00,+11.00,348.00,365.00,348.00,"62,432"
6895,宏碩系統,118.50,+1.50,122.50,126.00,118.00,"80,741"
6899,創為精密,51.00,+0.60,51.00,51.20,50.80,"12,330"
6903,巨漢,319.50,+2.50,327.00,330.00,319.50,"434,467"
6904,伯鑫,123.00,+1.50,123.00,123.00,123.00,"1,035"
6907,雅特力-KY,177.50,-4.00,188.00,191.00,177.00,"1,969,838"
6910,德鴻,24.30,+0.10,24.55,24.55,24.25,"22,058"
6913,鴻呈,126.50,-1.50,130.00,130.00,126.00,"117,039"
6922,宸曜,194.50,+16.50,182.00,195.50,182.00,"340,379"
6925,意藍,53.00,+0.70,53.60,53.60,52.10,"30,139"
6929,佑全,23.40,-0.35,22.90,23.40,22.90,"7,033"
6945,圓祥生技,97.40,+2.60,93.60,98.50,93.00,"255,402"
6953,家碩,215.00,+4.00,211.50,217.00,211.50,"43,123"
6961,旅天下,51.10,+0.10,51.30,51.40,51.00,"21,535"
6967,汎瑋材料,70.00,+1.30,69.20,70.00,68.80,"36,518"
6968,萬達寵物,43.45,0.00,43.50,43.90,43.35,"53,153"
6971,惠民實業,25.60,-0.05,25.65,25.75,25.45,"19,320"
6982,大井泵浦,48.75,+0.85,47.80,48.75,47.30,"42,572"
6983,華洋精機,311.00,+12.50,300.50,320.00,300.50,"48,067"
6986,和迅,43.65,-0.05,43.70,43.80,43.10,"97,000"
6996,力領科技,180.00,+5.00,179.50,181.00,177.00,"154,730"
6997,博弘,73.00,除息,72.00,73.00,71.50,"13,125"
700019,宏捷科統一5C購01,---,---,---,---,---,0
700020,佳邦統一5C購01,---,---,---,---,---,0
700021,長佳智統一5C購02,---,---,---,---,---,0
700022,華星光統一5C購01,2.84,+0.40,2.45,2.90,2.45,"144,000"
700023,新應材統一5B購02,0.17,+0.01,0.18,0.18,0.17,"7,000"
700024,新應材統一64購02,0.27,+0.02,0.27,0.27,0.27,"131,000"
700025,雙鴻統一5B購01,0.24,+0.03,0.23,0.28,0.23,"75,000"
700028,雙鴻中信59購01,0.85,+0.12,0.85,0.85,0.85,"2,000"
700043,新應材永豐59購01,0.10,+0.08,0.10,0.10,0.10,"1,000"
700047,宏捷科凱基59購01,0.25,+0.11,0.25,0.25,0.25,"1,000"
700065,系統電統一5A購01,---,---,---,---,---,0
700074,驊訊元富5A購01,0.08,+0.01,0.08,0.08,0.08,"8,000"
700079,華義永豐5A購01,---,---,---,---,---,0
700086,博智群益5A購01,---,---,---,---,---,0
700103,中光電元大5A購01,0.13,+0.10,0.05,0.13,0.05,"2,000"
700113,雙鴻元大5A購01,0.49,-0.06,0.50,0.55,0.49,"22,000"
700126,威剛國票61購01,9.55,+0.20,9.55,9.55,9.55,"1,000"
700155,中光電元大5A購02,0.15,-0.02,0.06,0.15,0.06,"171,000"
700173,雙鴻元大5A購02,0.74,-0.07,0.74,0.74,0.74,"5,000"
700176,中光電群益5A購01,0.19,+0.12,0.19,0.19,0.19,"1,000"
700185,中光電統一59購04,0.04,+0.02,0.04,0.04,0.04,"1,000"
700186,中光電統一6A購01,0.24,+0.06,0.18,0.24,0.18,"134,000"
700188,中美晶統一5A購02,1.27,-0.13,1.27,1.27,1.27,"2,000"
700189,協易機統一5A購01,---,---,---,---,---,0
700190,昇達科統一65購01,4.13,+0.46,4.12,4.13,4.08,"68,000"
700191,朋程統一5A購01,---,---,---,---,---,0
700192,朋程統一6A購01,0.43,+0.03,0.43,0.43,0.43,"615,000"
700193,東洋統一61購01,---,---,---,---,---,0
700194,長聖統一61購01,0.22,+0.01,0.22,0.22,0.22,"5,000"
700195,家登統一5A購01,---,---,---,---,---,0
700196,振曜統一5A購01,---,---,---,---,---,0
700197,晶宏統一5A購01,0.64,+0.08,0.61,0.73,0.61,"98,000"
700198,智冠統一5C購01,0.20,-0.01,0.20,0.20,0.20,"337,000"
700199,華景電統一61購01,1.00,+0.19,1.00,1.00,1.00,"1,000"
700201,萬潤統一6A購01,2.81,-0.07,3.00,3.00,2.80,"28,000"
700202,鈺太統一5A購01,---,---,---,---,---,0
700203,聰泰統一5A購01,---,---,---,---,---,0
700204,雙鴻統一5A購01,0.23,+0.03,0.23,0.23,0.23,"30,000"
700205,雙鴻統一61購01,0.42,+0.04,0.43,0.43,0.38,"7,000"
700206,雙鴻統一61購02,---,---,---,---,---,0
700207,雙鴻統一6A購01,0.59,+0.14,0.59,0.59,0.59,"2,000"
700208,騰雲統一6A購01,0.86,+0.06,0.86,0.86,0.86,"7,000"
700228,系微元大59購02,0.18,+0.03,0.18,0.18,0.18,"1,000"
700231,旺矽元大5A購01,---,---,---,---,---,0
700243,萬潤元大59購01,---,---,---,---,---,0
700257,大世科統一6A購01,---,---,---,---,---,0
700258,大綜統一6A購01,0.84,+0.13,0.73,0.89,0.73,"338,000"
700259,光焱統一5A購02,---,---,---,---,---,0
700260,同致統一5A購01,---,---,---,---,---,0
700261,宜鼎統一6A購01,5.05,+0.22,5.05,5.40,5.05,"4,000"
700262,尚凡*統一6A購01,---,---,---,---,---,0
700263,旺矽統一6A購01,---,---,---,---,---,0
700264,長聖統一6A購01,---,---,---,---,---,0
700267,建榮統一6A購01,0.88,+0.11,0.88,0.88,0.88,"10,000"
700269,昱展統一6A購01,---,---,---,---,---,0
700270,創惟統一5A購01,---,---,---,---,---,0
700271,新鉅科統一6A購01,0.26,0.00,0.26,0.26,0.26,"105,000"
700272,聖暉*統一59購01,---,---,---,---,---,0
700273,優群統一6A購01,---,---,---,---,---,0
700274,鴻呈統一5A購01,---,---,---,---,---,0
700275,雙鴻統一6A購02,---,---,---,---,---,0
700276,鏵友益統一6A購01,---,---,---,---,---,0
700277,鑫聯統一5A購01,---,---,---,---,---,0
700279,良維國票5C購01,---,---,---,---,---,0
700300,雙鴻中信5A購01,---,---,---,---,---,0
700330,旺矽凱基5A購01,15.20,-3.90,15.20,15.20,15.20,"10,000"
700342,大世科統一6A購02,---,---,---,---,---,0
700343,中光電統一6A購02,0.28,+0.04,0.15,0.28,0.15,"50,000"
700344,尼克森統一5A購01,---,---,---,---,---,0
700345,立碁統一6A購01,0.50,-0.04,0.57,0.59,0.49,"319,000"
700346,良維統一6A購01,---,---,---,---,---,0
700347,尚凡*統一5A購01,---,---,---,---,---,0
700348,昱展統一6A購02,---,---,---,---,---,0
700350,茂達統一61購01,0.78,+0.12,0.71,0.78,0.71,"41,000"
700351,竑騰統一5A購01,---,---,---,---,---,0
700352,新鉅科統一5A購01,---,---,---,---,---,0
700353,新鉅科統一6A購02,---,---,---,---,---,0
700354,聖暉*統一6A購01,0.66,+0.03,0.66,0.67,0.66,"371,000"
700355,撼訊統一6A購01,---,---,---,---,---,0
700356,擎亞統一6A購01,2.80,+0.09,2.80,2.80,2.80,"5,000"
700357,聰泰統一6A購01,0.30,+0.01,0.30,0.30,0.30,"2,000"
700358,寶島科統一64購01,---,---,---,---,---,0
700359,鏵友益統一5A購01,---,---,---,---,---,0
700360,鑫聯統一5A購02,1.55,+0.25,1.55,1.55,1.55,"1,000"
700385,中光電元富5A購01,0.10,+0.02,0.05,0.10,0.05,"202,000"
700402,博智凱基59購01,---,---,---,---,---,0
700410,中光電統一5C購01,---,---,---,---,---,0
700412,旺矽統一6A購02,---,---,---,---,---,0
700413,金山電統一5C購01,---,---,---,---,---,0
700414,長聖統一6A購02,---,---,---,---,---,0
700415,建榮統一6A購02,0.70,+0.09,0.66,0.70,0.65,"721,000"
700416,高技統一5A購01,0.02,0.00,0.02,0.05,0.02,"115,000"
700417,聰泰統一6A購02,0.35,+0.01,0.36,0.36,0.35,"368,000"
700418,力旺元大58購01,---,---,---,---,---,0
700419,力旺元大59購01,---,---,---,---,---,0
700421,宜鼎元大58購01,---,---,---,---,---,0
700451,臺慶科國票5A購01,---,---,---,---,---,0
700469,中光電凱基59購01,0.14,-0.06,0.03,0.19,0.03,"1,014,000"
700481,宜鼎元大58購02,---,---,---,---,---,0
700482,昇達科元大59購02,---,---,---,---,---,0
700522,宜鼎元大59購02,---,---,---,---,---,0
700534,良維凱基58購01,---,---,---,---,---,0
700542,雙鴻凱基59購03,---,---,---,---,---,0
700571,宜鼎元大59購03,---,---,---,---,---,0
700580,宜鼎兆豐5A購01,---,---,---,---,---,0
700582,弘塑國票59購01,---,---,---,---,---,0
700585,神盾國票58購01,---,---,---,---,---,0
700594,原相元大5A購01,---,---,---,---,---,0
700595,華星光元大59購01,3.50,0.00,3.50,3.50,3.50,"6,000"
700607,宜鼎凱基59購01,---,---,---,---,---,0
700608,昇達科凱基59購01,---,---,---,---,---,0
700638,原相元大5A購02,0.33,+0.04,0.31,0.33,0.31,"2,000"
700670,中光電統一6A購03,0.23,-0.01,0.30,0.31,0.23,"84,000"
700671,正德統一5A購01,---,---,---,---,---,0
700672,旺矽統一5A購01,8.05,+0.65,8.05,8.05,8.05,"3,000"
700673,信昌電統一6A購01,3.08,+0.22,3.13,3.30,2.96,"21,000"
700674,信昌電統一6A購02,---,---,---,---,---,0
700675,高技統一5A購02,0.03,-0.07,0.03,0.03,0.03,"15,000"
700676,高技統一6A購01,0.13,+0.01,0.12,0.19,0.12,"228,000"
700677,高技統一6A購02,---,---,---,---,---,0
700678,智通*統一6A購01,0.46,+0.03,0.45,0.46,0.45,"468,000"
700679,智擎統一6A購01,---,---,---,---,---,0
700680,華星光統一58購03,---,---,---,---,---,0
700681,鈊象統一6A購01,---,---,---,---,---,0
700682,萬潤統一6A購02,3.33,+0.21,3.40,3.40,3.30,"37,000"
700683,雍智統一6A購01,4.20,+0.20,3.60,4.20,3.57,"6,000"
700684,雍智統一6A購02,3.62,+0.46,3.54,3.62,3.54,"7,000"
700685,臺慶科統一5A購01,---,---,---,---,---,0
700686,臺慶科統一6A購01,---,---,---,---,---,0
700687,緯軟統一6A購01,0.47,0.00,0.48,0.48,0.47,"71,000"
700688,營邦統一6A購01,1.84,-0.04,1.97,1.97,1.78,"21,000"
700689,聯合統一61購01,---,---,---,---,---,0
700706,中光電統一5A購01,0.12,-0.07,0.10,0.13,0.10,"80,000"
700707,弘塑統一58購01,---,---,---,---,---,0
700708,信立統一6A購01,---,---,---,---,---,0
700709,神盾統一5C購02,0.18,+0.09,0.18,0.18,0.18,"5,000"
700710,智通*統一6A購02,0.45,+0.01,0.44,0.45,0.44,"324,000"
700711,華星光統一6A購01,3.99,+0.25,4.10,4.10,3.50,"144,000"
700712,聖暉*統一6A購02,0.49,+0.02,0.49,0.49,0.49,"32,000"
700717,宜鼎元大5A購01,---,---,---,---,---,0
700737,鴻呈國票59購01,0.03,-0.01,0.03,0.03,0.03,"499,000"
700742,聖暉*永豐5A購01,---,---,---,---,---,0
700746,雙鴻中信5A購02,---,---,---,---,---,0
700754,台半統一5C購02,0.95,+0.07,0.95,0.95,0.95,"3,000"
700755,宜鼎統一6A購02,---,---,---,---,---,0
700756,威剛統一5C購03,2.52,+0.14,2.51,2.52,2.51,"15,000"
700757,竑騰統一5C購01,4.13,+0.33,4.13,4.13,4.13,"1,000"
700758,穩得統一5C購01,---,---,---,---,---,0
700786,威剛永豐5A購01,---,---,---,---,---,0
700795,良維群益58購01,---,---,---,---,---,0
700810,山富統一5C購01,0.06,-0.03,0.06,0.06,0.06,"100,000"
700811,光頡統一5C購01,---,---,---,---,---,0
700812,信昌電統一5C購01,---,---,---,---,---,0
700827,信立永豐5A購01,---,---,---,---,---,0
700828,威剛永豐64購01,---,---,---,---,---,0
700830,中美晶元大5A購01,---,---,---,---,---,0
700843,世界統一5C購01,0.62,+0.01,0.80,0.80,0.62,"18,000"
700844,立敦統一5C購01,0.85,+0.05,0.85,0.85,0.85,"2,000"
700845,臺慶科統一5C購01,0.56,+0.05,0.56,0.56,0.56,"15,000"
700850,臺慶科國票5C購01,---,---,---,---,---,0
700857,良維元大5A購01,---,---,---,---,---,0
700875,良維元大5A購02,1.30,+0.07,1.30,1.30,1.30,"3,000"
700898,力旺統一5A購01,0.25,+0.04,0.22,0.25,0.19,"473,000"
700899,力旺統一6A購01,0.59,+0.04,0.61,0.66,0.59,"459,000"
700900,台半統一5C購03,0.40,-0.15,0.43,0.43,0.39,"147,000"
700901,尼克森統一5C購01,0.50,+0.03,0.50,0.50,0.50,"30,000"
700902,光頡統一5A購01,---,---,---,---,---,0
700904,波若威統一6A購01,4.02,+0.52,4.02,4.02,3.91,"116,000"
700920,波若威永豐5A購01,25.00,+3.80,25.00,25.00,25.00,"1,000"
700928,蜜望實國票58購01,---,---,---,---,---,0
700929,蜜望實國票5A購01,---,---,---,---,---,0
700938,中美晶兆豐5A購01,---,---,---,---,---,0
700955,撼訊元大5A購01,---,---,---,---,---,0
700956,擎亞元大58購01,---,---,---,---,---,0
700983,威剛兆豐5A購01,---,---,---,---,---,0
701005,信昌電國票58購01,---,---,---,---,---,0
701010,雙鴻元富5A購01,---,---,---,---,---,0
701016,雍智永豐58購01,---,---,---,---,---,0
701024,晶焱國票58購01,---,---,---,---,---,0
701037,威剛永豐5C購01,---,---,---,---,---,0
701064,元債20群益61購01,---,---,---,---,---,0
701095,擎亞元大5A購01,---,---,---,---,---,0
701097,營邦元大5A購01,0.76,+0.03,0.81,0.81,0.74,"6,000"
701129,元債20元大59購02,---,---,---,---,---,0
701130,元債20元大5B購01,---,---,---,---,---,0
701131,元債20元大61購01,---,---,---,---,---,0
701150,雙鴻國票59購01,---,---,---,---,---,0
701153,雙鴻群益5A購01,---,---,---,---,---,0
701200,雙鴻元大5A購03,---,---,---,---,---,0
701211,威剛凱基5B購01,---,---,---,---,---,0
701221,威剛元大59購01,---,---,---,---,---,0
701227,雙鴻元大5A購04,---,---,---,---,---,0
701253,穩懋國票5B購01,---,---,---,---,---,0
701273,撼訊凱基5B購01,0.33,+0.02,0.33,0.33,0.33,"30,000"
701279,雙鴻國票5B購01,0.15,+0.02,0.15,0.17,0.15,"525,000"
701287,威剛元大5B購01,---,---,---,---,---,0
701288,訊聯元大5B購01,---,---,---,---,---,0
701294,新應材元大5B購01,---,---,---,---,---,0
701298,三聯群益59購01,0.16,+0.05,0.16,0.16,0.16,"1,000"
701311,雙鴻群益5B購01,0.15,+0.02,0.15,0.15,0.15,"29,000"
701326,欣銓永豐59購01,---,---,---,---,---,0
701365,力致國票59購01,---,---,---,---,---,0
701374,台燿元大5B購01,8.10,+1.15,8.10,8.10,8.10,"28,000"
701379,威剛元大5B購02,---,---,---,---,---,0
701381,新應材元大5B購02,---,---,---,---,---,0
701386,穩懋元大59購01,---,---,---,---,---,0
701388,中光電凱基5A購01,0.25,+0.15,0.25,0.25,0.25,"1,000"
701398,譜瑞凱基59購02,0.64,+0.20,0.63,0.65,0.60,"459,000"
701400,台燿元大5B購02,8.35,+1.15,8.35,8.35,8.35,"1,000"
701403,神盾元大5B購01,0.12,+0.02,0.12,0.12,0.12,"5,000"
701412,宏捷科國票59購01,6.85,-0.95,6.85,6.85,6.85,"1,000"
701422,中光電兆豐5B購01,0.58,+0.19,0.30,0.58,0.30,"6,000"
701430,台燿統一5B購01,---,---,---,---,---,0
701431,台燿統一5B購02,9.55,+1.30,9.55,9.55,9.55,"1,000"
701432,正基統一5C購01,---,---,---,---,---,0
701434,良維統一6B購01,0.57,0.00,0.57,0.57,0.57,"15,000"
701435,佳邦統一58購01,---,---,---,---,---,0
701437,威剛統一5B購01,---,---,---,---,---,0
701438,威剛統一6B購01,2.13,+0.01,2.22,2.22,2.13,"155,000"
701439,博智統一59購02,---,---,---,---,---,0
701440,華星光統一5B購04,3.36,+0.66,3.36,3.36,3.30,"14,000"
701441,華星光統一61購04,---,---,---,---,---,0
701442,雙鴻統一6B購01,0.35,-0.04,0.39,0.39,0.35,"19,000"
701443,穩懋統一58購03,---,---,---,---,---,0
701444,雍智中信58購01,---,---,---,---,---,0
701446,晶焱元富58購01,---,---,---,---,---,0
701447,威剛永豐58購01,18.40,+1.40,18.00,18.40,18.00,"4,000"
701460,神盾凱基5B購01,0.22,+0.04,0.20,0.22,0.20,"2,000"
701471,台燿統一65購01,4.66,+0.46,4.66,4.66,4.66,"3,000"
701472,雙鴻統一61購03,0.21,+0.10,0.21,0.21,0.21,"1,000"
701473,穩懋統一5B購01,---,---,---,---,---,0
701474,穩懋統一6B購01,---,---,---,---,---,0
701475,台燿元大58購02,9.20,+1.20,9.30,9.30,9.20,"17,000"
701477,立碁元大58購01,---,---,---,---,---,0
701479,威剛元大5A購02,---,---,---,---,---,0
701484,擎亞元大5B購01,---,---,---,---,---,0
701500,雙鴻中信5B購01,0.30,+0.18,0.29,0.30,0.29,"2,000"
701511,新應材凱基5B購01,---,---,---,---,---,0
701524,雙鴻群益5A購02,---,---,---,---,---,0
701525,台燿元大58購03,16.30,+2.20,16.30,16.30,16.30,"2,000"
701527,良維元大58購01,---,---,---,---,---,0
701561,竹陞永豐58購01,---,---,---,---,---,0
701565,台燿元大58購04,---,---,---,---,---,0
701571,擎亞元大5B購02,2.59,+0.48,2.65,2.65,2.59,"2,000"
701582,台燿凱基58購05,---,---,---,---,---,0
701584,宜鼎凱基59購02,---,---,---,---,---,0
701592,竹陞統一6B購01,0.97,+0.07,0.97,0.97,0.97,"6,000"
701593,竹陞統一6B購02,---,---,---,---,---,0
701594,海韻電統一61購01,---,---,---,---,---,0
701595,雙鴻統一59購03,---,---,---,---,---,0
701600,威剛群益58購01,---,---,---,---,---,0
701609,新應材凱基58購01,---,---,---,---,---,0
701614,信立元大5B購01,---,---,---,---,---,0
701615,威剛元大5B購03,3.30,+0.20,3.30,3.30,3.30,"1,000"
701623,元太統一5B購01,0.50,+0.02,0.55,0.64,0.45,"103,000"
701624,竹陞統一5C購03,0.96,-0.06,0.96,0.96,0.96,"1,000"
701625,竹陞統一6B購03,0.85,+0.02,0.85,0.85,0.85,"7,000"
701626,東捷統一5C購01,---,---,---,---,---,0
701631,威剛元富58購01,3.76,+0.43,3.71,3.76,3.71,"6,000"
701632,宜鼎中信59購01,---,---,---,---,---,0
701636,中光電凱基58購02,0.01,0.00,0.01,0.01,0.01,"1,627,000"
701650,台燿元大5B購03,---,---,---,---,---,0
701653,威剛元大59購02,---,---,---,---,---,0
701655,雙鴻元大59購01,---,---,---,---,---,0
701658,信昌電統一5C購02,---,---,---,---,---,0
701659,穩懋統一59購01,---,---,---,---,---,0
701667,雙鴻群益5B購02,0.16,0.00,0.18,0.18,0.16,"195,000"
701677,台燿永豐58購01,43.20,+6.50,43.20,43.20,43.20,"3,000"
701680,宜鼎兆豐5B購01,---,---,---,---,---,0
701692,台燿統一6B購01,3.85,+0.52,3.85,3.85,3.85,"1,000"
701693,系統電統一5C購01,0.25,+0.02,0.25,0.25,0.25,"100,000"
701694,系統電統一6B購01,0.37,+0.02,0.38,0.38,0.37,"21,000"
701695,系統電統一6B購02,---,---,---,---,---,0
701696,宜鼎統一5A購01,3.94,+0.29,3.94,3.94,3.94,"1,000"
701697,宜鼎統一5C購04,3.42,+0.49,3.50,3.50,3.42,"3,000"
701698,宜鼎統一6B購01,2.61,+0.32,2.61,2.61,2.61,"3,000"
701699,訊聯統一6B購01,0.17,+0.01,0.17,0.17,0.17,"2,000"
701700,台燿凱基5B購01,---,---,---,---,---,0
701707,威剛凱基59購02,---,---,---,---,---,0
701720,系統電永豐5A購01,0.27,+0.12,0.27,0.27,0.27,"5,000"
701725,台燿中信59購01,---,---,---,---,---,0
701730,威剛群益58購02,---,---,---,---,---,0
701741,建榮凱基58購01,0.26,+0.12,0.26,0.26,0.26,"1,000"
701748,良維元大58購02,---,---,---,---,---,0
701752,威剛元大58購03,2.59,+0.20,2.59,2.59,2.59,"2,000"
701756,華星光元大58購02,6.50,+0.95,6.50,6.50,6.50,"3,000"
701762,信昌電國票5B購01,---,---,---,---,---,0
701784,建榮永豐58購01,0.02,-0.08,0.02,0.02,0.02,"30,000"
701788,訊聯永豐5B購01,---,---,---,---,---,0
701789,濱川永豐58購01,---,---,---,---,---,0
701794,威剛凱基58購02,---,---,---,---,---,0
701803,威剛富邦59購01,---,---,---,---,---,0
701804,巨有統一6B購01,0.40,+0.01,0.39,0.40,0.39,"502,000"
701805,濱川統一65購01,---,---,---,---,---,0
701806,濱川統一6B購01,0.25,+0.03,0.24,0.25,0.24,"150,000"
701807,濱川統一6B購02,---,---,---,---,---,0
701808,濱川統一6B購03,---,---,---,---,---,0
701822,訊聯元大5B購02,---,---,---,---,---,0
701824,華星光元大58購03,---,---,---,---,---,0
701828,威剛兆豐5B購01,5.30,+0.05,5.30,5.30,5.30,"1,000"
701836,巨有永豐58購01,---,---,---,---,---,0
701842,華星光中信58購01,---,---,---,---,---,0
701853,巨有統一6B購02,0.51,+0.01,0.51,0.52,0.51,"50,000"
701854,弘塑中信5B購01,---,---,---,---,---,0
701855,威剛中信5B購01,2.74,+0.20,2.74,2.74,2.74,"1,000"
701878,神盾元大59購01,---,---,---,---,---,0
701908,信立凱基5B購01,0.14,+0.01,0.13,0.14,0.13,"2,000"
701918,信驊元富58購02,---,---,---,---,---,0
701919,信驊元富5B購01,---,---,---,---,---,0
701920,光頡永豐58購01,0.58,+0.13,0.58,0.58,0.58,"50,000"
701971,臺慶科凱基59購01,2.69,+0.25,3.01,3.01,2.69,"73,000"
702016,華星光元大58購04,5.15,+1.08,5.20,5.20,5.15,"25,000"
702018,台燿凱基5B購02,---,---,---,---,---,0
702028,昇達科中信5A購01,6.40,+1.25,6.40,6.40,6.40,"1,000"
702047,信立元大59購01,---,---,---,---,---,0
702060,IET中信59購01,---,---,---,---,---,0
702061,宜鼎中信5A購01,---,---,---,---,---,0
702111,旺矽元富58購02,---,---,---,---,---,0
702118,旺矽永豐58購01,---,---,---,---,---,0
702125,旺矽元大5B購01,---,---,---,---,---,0
702133,良維凱基5B購01,---,---,---,---,---,0
702161,精測中信5A購01,2.21,-0.01,2.47,2.64,2.21,"153,000"
702162,昇達科永豐59購01,---,---,---,---,---,0
702170,昇達科元富5C購01,---,---,---,---,---,0
702185,精測元富59購05,---,---,---,---,---,0
702194,博智凱基5A購01,---,---,---,---,---,0
702212,精測元富59購06,---,---,---,---,---,0
702216,穩懋中信5A購01,---,---,---,---,---,0
702222,立碁元大5A購01,0.15,+0.03,0.16,0.16,0.15,"20,000"
702223,訊聯元大5A購01,---,---,---,---,---,0
702228,穩懋元大5C購01,---,---,---,---,---,0
702233,力旺凱基59購01,---,---,---,---,---,0
702252,弘塑中信5C購01,---,---,---,---,---,0
702272,弘塑元大59購01,---,---,---,---,---,0
702281,精測元大5C購01,2.26,+0.55,2.26,2.26,2.26,"1,000"
702283,穩懋元大5B購01,---,---,---,---,---,0
702284,穩懋元大5C購02,---,---,---,---,---,0
702287,威剛凱基5B購02,---,---,---,---,---,0
702300,順達元大5B購01,---,---,---,---,---,0
702304,穩懋元大5B購02,---,---,---,---,---,0
702306,竑騰國票59購01,11.50,+1.20,11.50,11.50,11.50,"1,000"
702308,華電網國票59購01,---,---,---,---,---,0
702311,雙鴻中信5C購01,---,---,---,---,---,0
702312,穩懋中信5A購02,---,---,---,---,---,0
702321,元太富邦59購01,---,---,---,---,---,0
702322,家登富邦59購01,---,---,---,---,---,0
702331,昇達科群益5C購01,12.60,+2.40,12.60,12.60,12.60,"1,000"
702338,雍智凱基59購01,---,---,---,---,---,0
702341,中美晶群益58購01,5.35,-0.30,5.20,5.35,5.20,"11,000"
702342,竹陞群益58購01,0.18,-0.20,0.18,0.18,0.18,"90,000"
702344,湧德群益58購01,0.02,-0.01,0.02,0.02,0.02,"50,000"
702351,華電網國票58購01,---,---,---,---,---,0
702352,華電網國票5C購01,0.40,+0.06,0.40,0.40,0.40,"200,000"
702361,威剛元大59購04,---,---,---,---,---,0
702363,順達元大5A購01,---,---,---,---,---,0
702364,順達元大5B購02,---,---,---,---,---,0
702365,穩懋元大58購01,---,---,---,---,---,0
702373,光焱永豐5C購01,---,---,---,---,---,0
702375,訊聯永豐5C購01,---,---,---,---,---,0
702386,訊聯凱基5C購01,---,---,---,---,---,0
702413,順達元大5A購02,---,---,---,---,---,0
702415,雍智元大5C購01,---,---,---,---,---,0
702424,竹陞中信59購01,---,---,---,---,---,0
702425,昇達科永豐58購01,---,---,---,---,---,0
702428,天品國票58購01,---,---,---,---,---,0
702434,中光電群益58購02,---,---,---,---,---,0
702441,高技元富5C購01,---,---,---,---,---,0
702445,高技永豐59購01,---,---,---,---,---,0
702449,高技富邦58購01,---,---,---,---,---,0
702450,高技富邦59購01,---,---,---,---,---,0
702451,新應材富邦5C購01,---,---,---,---,---,0
702459,擎亞元大5A購02,---,---,---,---,---,0
702467,順達凱基5B購01,---,---,---,---,---,0
702469,櫃200凱基58購02,---,---,---,---,---,0
702483,新應材凱基58購02,---,---,---,---,---,0
702490,台燿富邦5C購01,---,---,---,---,---,0
702496,昇達科元大58購01,5.45,+1.49,5.45,5.45,5.45,"26,000"
702498,高技元大59購01,---,---,---,---,---,0
702499,順達元大59購02,---,---,---,---,---,0
702504,昇達科群益58購01,---,---,---,---,---,0
702505,昇達科群益59購01,---,---,---,---,---,0
702508,創惟群益58購01,---,---,---,---,---,0
702515,凡甲永豐58購01,---,---,---,---,---,0
702526,昇達科國票5A購01,---,---,---,---,---,0
702538,穩懋兆豐58購01,---,---,---,---,---,0
702550,高技元大59購02,---,---,---,---,---,0
702553,穩懋元大5A購01,---,---,---,---,---,0
702560,昇達科中信5C購01,4.98,+0.58,4.94,5.05,4.93,"34,000"
702561,雙鴻中信59購02,---,---,---,---,---,0
702566,雙鴻永豐58購01,---,---,---,---,---,0
702568,中光電凱基58購03,0.11,+0.02,0.11,0.11,0.11,"919,000"
702575,富喬凱基58購01,---,---,---,---,---,0
702576,富喬凱基5A購01,3.00,+2.00,3.00,3.00,3.00,"1,000"
702577,順達凱基59購01,1.43,+0.03,1.43,1.43,1.43,"10,000"
702578,新應材凱基5B購02,---,---,---,---,---,0
702590,富喬國票58購01,---,---,---,---,---,0
702591,富喬國票59購01,---,---,---,---,---,0
702592,富喬國票5C購01,1.16,+0.15,1.34,1.34,1.14,"152,000"
702593,富喬國票62購01,1.20,+0.14,1.36,1.60,1.19,"151,000"
702597,擎亞國票58購02,---,---,---,---,---,0
702598,FH中5G元大58購01,1.60,+0.43,1.60,1.60,1.60,"2,000"
702605,系統電元大5C購01,---,---,---,---,---,0
702607,旺矽元大59購02,5.70,+0.50,5.70,5.70,5.70,"1,000"
702610,高技元大58購01,---,---,---,---,---,0
702611,高技元大5C購01,0.16,+0.02,0.16,0.16,0.16,"2,000"
702615,順達元大58購01,0.14,-0.46,0.14,0.14,0.14,"30,000"
702616,擎亞元大59購01,---,---,---,---,---,0
702623,元太富邦58購02,---,---,---,---,---,0
702625,高技富邦58購02,---,---,---,---,---,0
702627,富喬富邦5C購01,1.00,+0.03,1.44,1.44,1.00,"3,000"
702639,IET中信5C購01,4.75,+0.57,4.38,4.75,4.38,"6,000"
702641,富喬中信5C購01,0.79,+0.02,0.79,0.79,0.79,"1,000"
702642,穩懋中信5C購01,---,---,---,---,---,0
702645,旺矽永豐59購01,21.70,+2.00,21.70,21.70,21.70,"1,000"
702649,富喬永豐59購01,0.24,+0.10,0.24,0.24,0.24,"10,000"
702655,竹陞群益58購02,---,---,---,---,---,0
702656,旺矽群益58購02,8.85,+1.25,8.85,8.85,8.85,"2,000"
702667,系統電元大5B購01,0.07,-0.08,0.07,0.07,0.07,"33,000"
702670,家登元大59購01,---,---,---,---,---,0
702678,立敦富邦58購01,---,---,---,---,---,0
702685,家登國票58購01,---,---,---,---,---,0
702695,穩懋凱基5A購01,---,---,---,---,---,0
702699,系統電群益58購01,---,---,---,---,---,0
702712,良維中信5B購01,---,---,---,---,---,0
702713,信昌電中信58購01,---,---,---,---,---,0
702717,台燿元大59購02,---,---,---,---,---,0
702719,系統電元大5C購02,0.17,+0.01,0.17,0.17,0.17,"10,000"
702724,家登元大59購02,---,---,---,---,---,0
702730,擎亞元大58購02,---,---,---,---,---,0
702732,CT債20凱基58購01,---,---,---,---,---,0
702746,精測凱基58購02,---,---,---,---,---,0
702751,新應材富邦58購01,---,---,---,---,---,0
702752,台特化統一6C購01,0.25,+0.07,0.25,0.25,0.25,"10,000"
702753,精測統一66購01,0.90,+0.10,0.90,0.95,0.88,"134,000"
702760,台特化群益58購01,---,---,---,---,---,0
702763,高技群益58購01,---,---,---,---,---,0
702770,世禾永豐58購01,---,---,---,---,---,0
702773,台特化永豐58購01,---,---,---,---,---,0
702775,訊聯永豐5C購02,---,---,---,---,---,0
702776,新應材永豐5C購01,1.98,-0.04,2.02,2.02,1.98,"13,000"
702777,精測永豐59購01,0.62,-0.01,0.66,0.66,0.62,"63,000"
702786,威剛中信5C購01,---,---,---,---,---,0
702790,宜鼎凱基58購03,---,---,---,---,---,0
702800,台特化兆豐58購01,---,---,---,---,---,0
702802,台特化元大59購01,---,---,---,---,---,0
702804,良維元大59購01,---,---,---,---,---,0
702808,高技元大5A購01,---,---,---,---,---,0
702810,聖暉*元大59購01,---,---,---,---,---,0
702811,聖暉*元大5A購01,1.14,+0.08,1.14,1.14,1.14,"175,000"
702813,台星科國票58購01,1.14,+0.09,1.14,1.14,1.14,"1,000"
702814,立敦國票58購01,1.86,-0.96,1.86,1.86,1.86,"5,000"
702828,勤凱統一5C購01,0.72,+0.16,0.72,0.72,0.72,"1,000"
702829,勤凱統一6C購01,0.86,+0.08,0.89,0.91,0.84,"161,000"
702830,擎亞統一6C購01,---,---,---,---,---,0
702831,宜鼎元富5C購01,---,---,---,---,---,0
702833,高技元富5C購02,0.23,+0.03,0.23,0.23,0.23,"1,000"
702837,雙鴻中信59購03,0.40,-0.01,0.40,0.40,0.40,"30,000"
702842,勤凱永豐58購01,1.38,+0.24,1.43,1.43,1.38,"70,000"
702850,創惟國票59購01,0.07,+0.01,0.07,0.07,0.07,"1,000"
702851,璟德國票58購01,---,---,---,---,---,0
702855,茂迪凱基58購01,---,---,---,---,---,0
702856,家登凱基59購01,---,---,---,---,---,0
702858,順達凱基59購02,---,---,---,---,---,0
702859,鈊象凱基58購01,---,---,---,---,---,0
702860,新復興凱基58購01,---,---,---,---,---,0
702874,高技群益58購02,---,---,---,---,---,0
702878,櫃200群益5B購01,---,---,---,---,---,0
702883,家登元大58購01,1.00,+0.23,1.00,1.00,1.00,"1,000"
702884,家登元大5C購01,---,---,---,---,---,0
702885,高技元大5A購02,---,---,---,---,---,0
702886,高技元大5B購01,0.20,0.00,0.32,0.32,0.20,"40,000"
702888,穩懋元大59購05,---,---,---,---,---,0
702895,茂迪永豐58購01,---,---,---,---,---,0
702898,穩懋永豐59購02,---,---,---,---,---,0
702903,巨漢國票58購01,---,---,---,---,---,0
702910,群翊兆豐58購01,---,---,---,---,---,0
702912,元太元大59購01,---,---,---,---,---,0
702919,高技元大5B購02,---,---,---,---,---,0
702926,力旺富邦58購02,---,---,---,---,---,0
702928,高技富邦58購03,---,---,---,---,---,0
702935,高技凱基58購01,---,---,---,---,---,0
702943,力旺元富59購02,4.64,+0.52,4.64,4.64,4.64,"2,000"
702949,順達永豐58購01,---,---,---,---,---,0
702951,新應材永豐5C購02,---,---,---,---,---,0
702953,力旺中信5C購01,---,---,---,---,---,0
702961,華景電群益58購01,---,---,---,---,---,0
702966,元債20凱基5C購01,---,---,---,---,---,0
702968,系微凱基59購01,0.66,+0.16,0.66,0.66,0.66,"3,000"
702969,宜鼎凱基5C購01,23.40,+1.10,23.40,23.40,23.40,"1,000"
702980,訊聯統一6C購01,---,---,---,---,---,0
702987,穩懋元大5C購03,---,---,---,---,---,0
702990,華景電元富5C購01,2.07,+0.25,2.07,2.07,2.07,"10,000"
702993,宜鼎中信5A購02,---,---,---,---,---,0
702996,立敦永豐58購01,---,---,---,---,---,0
703001,新普永豐58購01,0.94,+0.11,0.94,0.94,0.94,"10,000"
703002,新應材永豐5C購03,---,---,---,---,---,0
703004,鑫科永豐5C購01,1.47,+0.10,1.47,1.47,1.47,"10,000"
703006,光頡群益58購01,---,---,---,---,---,0
703011,宜特國票5A購01,1.00,+0.11,1.01,1.01,1.00,"90,000"
703030,金益鼎凱基5A購01,---,---,---,---,---,0
703032,順達凱基58購01,---,---,---,---,---,0
703036,元太群益5B購01,0.86,-0.04,0.91,0.94,0.86,"116,000"
703038,順達群益58購02,---,---,---,---,---,0
703043,高技中信5C購01,---,---,---,---,---,0
703045,雙鴻中信5C購02,0.75,+0.09,0.75,0.76,0.75,"137,000"
703047,順達永豐58購02,---,---,---,---,---,0
703048,順達永豐5A購01,---,---,---,---,---,0
703049,順達永豐5C購01,---,---,---,---,---,0
703051,穩得永豐5A購01,---,---,---,---,---,0
703062,元太凱基5B購01,---,---,---,---,---,0
703067,萬泰科凱基58購01,---,---,---,---,---,0
703068,璟德凱基58購01,---,---,---,---,---,0
703075,台特化元大5A購01,0.08,+0.02,0.07,0.08,0.07,"20,000"
703083,穩懋元大58購02,---,---,---,---,---,0
703085,廣運群益58購01,---,---,---,---,---,0
703093,順達中信5B購01,0.67,-0.01,0.83,0.83,0.67,"81,000"
703094,璟德中信58購01,---,---,---,---,---,0
703095,元太永豐58購01,---,---,---,---,---,0
703100,雙鴻永豐58購02,---,---,---,---,---,0
703102,穩懋永豐5C購01,8.90,+1.70,8.40,8.90,8.40,"2,000"
703110,新應材凱基58購03,---,---,---,---,---,0
703111,廣運凱基58購01,---,---,---,---,---,0
703112,雙鴻凱基59購04,---,---,---,---,---,0
703113,雙鴻凱基5A購01,---,---,---,---,---,0
703115,台特化國票58購01,---,---,---,---,---,0
703116,新復興國票58購01,---,---,---,---,---,0
703117,新復興國票59購01,---,---,---,---,---,0
703125,台特化元大5A購02,---,---,---,---,---,0
703132,聖暉*元大5C購01,2.13,+0.15,2.10,2.14,2.10,"206,000"
703135,金山電統一5C購02,---,---,---,---,---,0
703136,博智統一5C購01,0.86,-0.01,0.91,0.91,0.86,"196,000"
703137,璟德統一5C購01,---,---,---,---,---,0
703144,穩懋中信5C購02,---,---,---,---,---,0
703145,千附精永豐59購01,---,---,---,---,---,0
703147,撼訊永豐58購01,0.14,-0.01,0.14,0.14,0.14,"47,000"
703149,中光電群益5A購02,0.40,+0.18,0.40,0.40,0.40,"10,000"
703153,弘塑群益59購01,---,---,---,---,---,0
703154,良維群益58購02,---,---,---,---,---,0
703156,湧德群益58購02,---,---,---,---,---,0
703171,宜鼎元大5C購03,---,---,---,---,---,0
703173,威剛元大58購04,---,---,---,---,---,0
703178,台星科國票59購01,---,---,---,---,---,0
703181,元太凱基59購01,0.80,+0.18,0.76,0.80,0.76,"50,000"
703186,光頡凱基58購01,---,---,---,---,---,0
703197,M31富邦58購02,0.63,+0.08,0.63,0.63,0.63,"13,000"
703198,台星科富邦58購01,---,---,---,---,---,0
703200,智通*富邦58購02,---,---,---,---,---,0
703202,雙鴻富邦58購03,---,---,---,---,---,0
703203,雙鴻富邦58購04,---,---,---,---,---,0
703204,譜瑞富邦58購02,---,---,---,---,---,0
703206,台星科群益58購01,---,---,---,---,---,0
703210,威剛群益5A購01,---,---,---,---,---,0
703212,廣運群益58購02,---,---,---,---,---,0
703217,欣銓中信59購01,---,---,---,---,---,0
703221,台燿永豐58購02,51.50,+8.90,33.40,51.50,33.40,"2,000"
703223,鈊象永豐58購01,---,---,---,---,---,0
703224,新應材永豐59購02,0.30,+0.04,0.30,0.30,0.30,"10,000"
703229,台特化凱基5A購01,---,---,---,---,---,0
703231,聖暉*凱基58購01,---,---,---,---,---,0
703232,廣運凱基58購02,---,---,---,---,---,0
703249,湧德群益58購03,---,---,---,---,---,0
703260,雙鴻中信5C購03,---,---,---,---,---,0
703261,巨漢永豐58購01,---,---,---,---,---,0
703263,朋億*永豐58購01,3.15,+0.87,3.15,3.15,3.15,"50,000"
703264,泰茂永豐58購01,---,---,---,---,---,0
703265,智通*永豐58購01,---,---,---,---,---,0
703266,雙鴻永豐59購01,---,---,---,---,---,0
703267,騰雲永豐58購01,0.59,+0.04,0.59,0.59,0.59,"12,000"
703271,湧德統一5C購02,---,---,---,---,---,0
703274,欣銓凱基59購01,---,---,---,---,---,0
703279,雙鴻凱基59購05,---,---,---,---,---,0
703292,鑫科國票59購01,---,---,---,---,---,0
703293,欣銓群益59購01,---,---,---,---,---,0
703295,信驊群益5B購02,6.65,+0.05,6.65,6.80,6.35,"16,000"
703296,威剛群益5B購01,2.81,-0.09,3.02,3.17,2.77,"167,000"
703307,威剛元大59購05,1.64,-0.01,1.81,1.89,1.64,"23,000"
703308,家登元大5B購01,---,---,---,---,---,0
703315,欣銓元富5A購01,---,---,---,---,---,0
703319,宜鼎中信59購02,---,---,---,---,---,0
703320,鈊象中信61購01,0.29,+0.02,0.27,0.29,0.27,"150,000"
703321,伍豐永豐59購01,0.23,+0.04,0.23,0.23,0.23,"4,000"
703324,金益鼎永豐5A購01,---,---,---,---,---,0
703325,信驊永豐59購02,---,---,---,---,---,0
703326,健喬永豐59購01,---,---,---,---,---,0
703327,順達永豐59購01,---,---,---,---,---,0
703329,雷科永豐59購01,---,---,---,---,---,0
703330,廣明永豐5A購01,---,---,---,---,---,0
703332,雙鴻永豐59購02,---,---,---,---,---,0
703339,台燿富邦61購01,9.15,+1.55,9.15,9.15,9.15,"1,000"
703340,信驊富邦5A購01,---,---,---,---,---,0
703341,新應材富邦61購01,0.88,0.00,0.88,0.88,0.88,"5,000"
703343,台星科凱基59購01,1.99,+0.28,2.12,2.12,1.99,"83,000"
703351,家登凱基59購02,---,---,---,---,---,0
703353,富喬凱基5A購02,---,---,---,---,---,0
703354,富喬凱基5B購01,---,---,---,---,---,0
703355,富喬凱基61購01,---,---,---,---,---,0
703364,欣銓兆豐59購01,---,---,---,---,---,0
703368,威剛國票59購02,3.45,-0.02,3.47,3.84,3.45,"18,000"
703371,富喬國票5B購01,0.32,+0.10,0.32,0.32,0.32,"4,000"
703372,富喬國票61購01,0.78,+0.15,0.78,0.78,0.78,"2,000"
703378,東捷群益59購01,---,---,---,---,---,0
703379,訊聯群益59購01,---,---,---,---,---,0
703380,富喬群益5B購01,0.11,+0.01,0.11,0.11,0.11,"14,000"
703386,富喬富邦5A購01,---,---,---,---,---,0
703389,富喬統一65購01,0.28,+0.02,0.29,0.29,0.27,"9,000"
703390,撼訊統一65購01,---,---,---,---,---,0
703395,信驊元富5A購01,---,---,---,---,---,0
703396,信驊元富5A購02,6.00,+0.20,6.00,6.00,6.00,"1,000"
703399,順達元富61購01,---,---,---,---,---,0
703400,信驊中信61購01,---,---,---,---,---,0
703401,富喬中信61購01,---,---,---,---,---,0
703402,新應材中信59購01,---,---,---,---,---,0
703403,明安永豐59購01,---,---,---,---,---,0
703407,富喬永豐5A購01,---,---,---,---,---,0
703418,富喬元大5B購01,0.27,+0.13,0.19,0.27,0.19,"7,000"
703419,富喬元大5C購01,0.35,+0.09,0.29,0.35,0.28,"387,000"
703420,富喬元大61購02,0.39,+0.06,0.42,0.42,0.39,"100,000"
703427,台特化凱基59購01,---,---,---,---,---,0
703431,健喬凱基59購01,---,---,---,---,---,0
703432,湧德凱基59購01,---,---,---,---,---,0
703434,雷科凱基59購01,---,---,---,---,---,0
703436,台特化兆豐59購01,0.01,0.00,0.03,0.03,0.01,"20,000"
703437,台燿兆豐59購01,---,---,---,---,---,0
703438,欣銓國票59購01,---,---,---,---,---,0
703439,倚強國票59購01,---,---,---,---,---,0
703441,晟田國票59購01,3.57,+0.57,3.35,4.17,3.35,"14,000"
703442,湧德國票59購01,---,---,---,---,---,0
703443,安碁元富61購01,1.40,+0.08,1.40,1.40,1.40,"5,000"
703449,台特化永豐59購01,---,---,---,---,---,0
703450,生合永豐59購01,---,---,---,---,---,0
703454,欣銓永豐59購02,---,---,---,---,---,0
703455,捷流永豐59購01,---,---,---,---,---,0
703457,醫揚永豐59購01,---,---,---,---,---,0
703458,寶島科永豐59購01,---,---,---,---,---,0
703459,鏵友益永豐5B購01,1.79,-0.10,1.79,1.79,1.79,"7,000"
703463,台特化統一62購01,0.13,+0.02,0.13,0.13,0.13,"10,000"
703464,台特化統一63購01,0.11,+0.01,0.11,0.13,0.11,"12,000"
703465,台特化統一71購01,0.29,+0.03,0.29,0.29,0.29,"257,000"
703466,台燿統一5C購03,---,---,---,---,---,0
703467,台燿統一61購02,---,---,---,---,---,0
703468,宏捷科統一71購01,0.58,+0.05,0.59,0.59,0.58,"258,000"
703469,欣銓統一5A購01,---,---,---,---,---,0
703470,欣銓統一5C購01,---,---,---,---,---,0
703471,欣銓統一61購01,---,---,---,---,---,0
703472,欣銓統一65購01,1.07,+0.08,1.10,1.10,1.06,"3,000"
703473,欣銓統一6C購01,---,---,---,---,---,0
703474,金益鼎統一65購01,---,---,---,---,---,0
703475,茂迪統一65購01,0.46,+0.06,0.47,0.47,0.46,"21,000"
703476,神盾統一61購01,---,---,---,---,---,0
703477,雙鴻統一61購04,0.22,+0.01,0.22,0.22,0.22,"2,000"
703478,穩得統一65購01,0.43,+0.04,0.43,0.43,0.43,"153,000"
703479,穩懋統一5B購02,2.88,+0.63,2.88,2.88,2.88,"1,000"
703480,穩懋統一5C購01,4.61,+0.61,4.61,4.61,4.61,"1,000"
703481,穩懋統一5C購02,---,---,---,---,---,0
703482,穩懋統一5C購03,---,---,---,---,---,0
703483,穩懋統一6C購01,1.97,+0.37,1.97,1.97,1.97,"5,000"
703497,台星科群益59購01,---,---,---,---,---,0
703500,欣銓群益59購02,2.89,+0.31,2.89,2.89,2.89,"2,000"
703515,雍智兆豐61購01,---,---,---,---,---,0
703520,宜鼎富邦5A購01,---,---,---,---,---,0
703522,矽科富邦59購01,0.04,-0.02,0.05,0.05,0.04,"90,000"
703523,能率亞富邦59購01,0.89,+0.17,0.82,0.89,0.82,"15,000"
703527,台星科元大59購01,---,---,---,---,---,0
703528,系統電元大5A購01,---,---,---,---,---,0
703534,欣銓元大59購01,1.97,+0.36,1.97,1.97,1.97,"3,000"
703535,欣銓元大5A購01,---,---,---,---,---,0
703548,聖暉*元大59購02,---,---,---,---,---,0
703553,加百裕群益59購01,---,---,---,---,---,0
703555,台特化群益59購01,---,---,---,---,---,0
703581,臺慶科凱基5C購01,2.91,+0.39,2.86,2.91,2.86,"6,000"
703589,佶優元富5A購01,0.29,+0.10,0.29,0.29,0.29,"1,000"
703599,世禾國票59購01,---,---,---,---,---,0
703604,欣銓國票61購01,2.48,+0.35,2.48,2.48,2.48,"3,000"
703615,宜鼎統一61購01,4.06,+0.28,4.06,4.06,4.06,"1,000"
703616,矽科統一6C購01,---,---,---,---,---,0
703617,金益鼎統一6C購01,---,---,---,---,---,0
703618,長科*統一64購01,1.38,+0.09,1.40,1.41,1.35,"33,000"
703619,家登統一6C購01,0.63,+0.06,0.64,0.66,0.63,"69,000"
703620,捷創統一61購01,---,---,---,---,---,0
703621,世禾凱基59購01,---,---,---,---,---,0
703622,台星科凱基59購02,1.13,+0.27,1.22,1.22,1.13,"73,000"
703623,台特化凱基58購01,---,---,---,---,---,0
703627,宜特凱基58購01,---,---,---,---,---,0
703628,博智凱基59購02,---,---,---,---,---,0
703629,新應材凱基58購04,---,---,---,---,---,0
703630,聖暉*凱基59購01,1.92,+0.45,1.92,1.92,1.92,"3,000"
703631,擎亞凱基58購01,---,---,---,---,---,0
703632,穩懋凱基5C購01,7.65,+1.35,7.60,8.00,7.60,"16,000"
703633,台特化國泰58購03,---,---,---,---,---,0
703634,光頡國泰58購01,---,---,---,---,---,0
703635,宜特國泰58購01,---,---,---,---,---,0
703636,漢科國泰58購01,---,---,---,---,---,0
703637,台星科兆豐59購01,1.53,+0.10,1.53,1.53,1.53,"1,000"
703638,萬潤兆豐58購01,---,---,---,---,---,0
703639,台特化國票5A購01,---,---,---,---,---,0
703640,弘塑國票58購02,0.11,-0.56,0.11,0.11,0.11,"5,000"
703641,宜鼎國票58購01,26.90,+2.50,26.90,26.90,26.90,"1,000"
703642,匯鑽科國票59購01,0.02,0.00,0.02,0.02,0.02,"60,000"
703643,新應材國票5A購01,---,---,---,---,---,0
703648,宜鼎元大5A購02,---,---,---,---,---,0
703651,家登元大5C購02,0.95,+0.27,0.95,0.95,0.95,"2,000"
703652,湧德元大61購01,0.48,+0.06,0.46,0.48,0.46,"279,000"
703654,勤凱元大61購01,---,---,---,---,---,0
703660,聖暉*元大5C購02,2.00,+0.21,2.00,2.00,2.00,"2,000"
703661,雍智元大61購01,---,---,---,---,---,0
703663,旺矽凱基59購01,15.10,-5.90,15.10,15.10,15.10,"3,000"
703664,家登凱基59購03,---,---,---,---,---,0
703665,家登凱基5C購01,---,---,---,---,---,0
703682,家登元大5C購03,1.05,+0.20,0.96,1.05,0.96,"3,000"
703684,聖暉*元大5A購02,---,---,---,---,---,0
703686,旺矽國票58購02,33.70,+3.10,33.70,33.70,33.70,"1,000"
703688,金益鼎國票58購01,---,---,---,---,---,0
703690,家登國票59購01,0.37,+0.13,0.33,0.37,0.33,"102,000"
703691,華宏國票58購02,---,---,---,---,---,0
703692,萬潤國票58購01,---,---,---,---,---,0
703693,耀勝國票58購01,---,---,---,---,---,0
703695,中探針群益58購01,30.90,+0.40,30.80,30.90,30.80,"12,000"
703697,合晶群益58購01,---,---,---,---,---,0
703698,宜鼎群益58購01,---,---,---,---,---,0
703702,富強鑫群益58購01,---,---,---,---,---,0
703710,宜鼎凱基58購04,---,---,---,---,---,0
703711,宜鼎凱基58購05,---,---,---,---,---,0
703713,訊聯凱基5B購01,---,---,---,---,---,0
703716,宜鼎國泰58購02,---,---,---,---,---,0
703717,金山電國泰58購01,---,---,---,---,---,0
703718,湧德國泰58購01,---,---,---,---,---,0
703719,萬潤國泰58購01,---,---,---,---,---,0
703720,精材國泰58購01,---,---,---,---,---,0
703721,廣明國泰58購02,---,---,---,---,---,0
703722,穩懋國泰58購02,---,---,---,---,---,0
703725,宜鼎元大5B購01,---,---,---,---,---,0
703728,順達元大5A購03,---,---,---,---,---,0
703729,聖暉*元大5A購03,1.52,+0.11,1.52,1.57,1.49,"223,000"
703734,合晶群益59購01,---,---,---,---,---,0
703735,亞電群益58購01,---,---,---,---,---,0
703738,富強鑫群益58購02,---,---,---,---,---,0
703739,華容群益58購01,---,---,---,---,---,0
703740,精材群益5A購01,5.15,+0.55,5.15,5.15,5.15,"1,000"
703742,M31永豐58購01,---,---,---,---,---,0
703743,中探針永豐59購01,---,---,---,---,---,0
703744,世界永豐59購01,---,---,---,---,---,0
703745,加百裕永豐5A購01,---,---,---,---,---,0
703746,台半永豐58購01,---,---,---,---,---,0
703747,弘塑永豐59購02,---,---,---,---,---,0
703751,青雲永豐59購01,---,---,---,---,---,0
703754,原相永豐59購01,0.99,+0.20,0.98,0.99,0.98,"18,000"
703755,能率亞永豐59購01,---,---,---,---,---,0
703758,富強鑫永豐58購01,---,---,---,---,---,0
703759,崴寶永豐59購01,0.60,+0.22,0.60,0.60,0.60,"1,000"
703762,精材永豐59購01,---,---,---,---,---,0
703763,精星永豐58購01,---,---,---,---,---,0
703765,點序永豐59購01,---,---,---,---,---,0
703767,譜瑞永豐59購01,0.47,+0.13,0.47,0.47,0.47,"2,000"
703771,系統電凱基5C購01,---,---,---,---,---,0
703772,富強鑫凱基58購01,---,---,---,---,---,0
703773,新復興凱基5A購01,---,---,---,---,---,0
703776,精材凱基58購01,---,---,---,---,---,0
703779,世界兆豐59購01,---,---,---,---,---,0
703780,精材兆豐59購01,5.40,+1.20,5.40,5.40,5.40,"2,000"
703781,弘塑國泰58購02,---,---,---,---,---,0
703782,譜瑞國泰58購01,0.02,-0.45,0.02,0.02,0.02,"7,000"
703783,鑫科國泰58購01,---,---,---,---,---,0
703784,M31國票58購01,---,---,---,---,---,0
703785,世界國票61購01,---,---,---,---,---,0
703786,宏觀國票58購01,---,---,---,---,---,0
703788,捷創國票58購01,---,---,---,---,---,0
703789,鉅橡國票58購01,---,---,---,---,---,0
703790,精材國票58購01,---,---,---,---,---,0
703792,點序國票58購01,---,---,---,---,---,0
703793,點序國票59購01,---,---,---,---,---,0
703794,穩懋國票58購01,---,---,---,---,---,0
703801,穩懋群益58購02,---,---,---,---,---,0
703802,穩懋群益59購01,---,---,---,---,---,0
703803,譜瑞群益58購02,---,---,---,---,---,0
703804,譜瑞群益59購01,---,---,---,---,---,0
703813,聖暉*元大5A購04,1.56,+0.14,1.53,1.61,1.53,"313,000"
703822,世禾永豐59購01,---,---,---,---,---,0
703823,弘塑永豐5A購01,---,---,---,---,---,0
703824,富強鑫永豐59購01,0.15,+0.02,0.13,0.15,0.13,"243,000"
703825,鉅橡永豐58購01,---,---,---,---,---,0
703826,鉅橡永豐59購01,---,---,---,---,---,0
703827,元太富邦59購02,---,---,---,---,---,0
703828,元太富邦59購03,---,---,---,---,---,0
703829,世界富邦5A購01,0.99,+0.17,0.99,0.99,0.99,"10,000"
703831,弘塑富邦59購01,---,---,---,---,---,0
703832,湧德富邦59購01,---,---,---,---,---,0
703834,穩懋兆豐58購02,---,---,---,---,---,0
703835,穩懋兆豐59購01,---,---,---,---,---,0
703837,系統電元大5B購02,---,---,---,---,---,0
703838,順達元大5A購04,2.65,+0.41,2.82,2.82,2.65,"144,000"
703839,聖暉*元大5B購01,---,---,---,---,---,0
703842,世界凱基61購01,---,---,---,---,---,0
703851,穩懋凱基59購02,6.20,+2.32,6.05,6.20,6.05,"11,000"
703853,均豪國泰58購01,---,---,---,---,---,0
703854,中光電富邦59購03,0.07,-0.03,0.07,0.07,0.07,"49,000"
703855,宏捷科富邦59購01,---,---,---,---,---,0
703856,聖暉*富邦59購01,---,---,---,---,---,0
703858,廣運富邦59購01,---,---,---,---,---,0
703860,世界統一61購01,---,---,---,---,---,0
703861,世界統一71購01,0.80,+0.04,0.87,0.87,0.80,"52,000"
703862,巨漢統一61購01,---,---,---,---,---,0
703863,弘塑統一61購01,0.96,0.00,0.96,0.96,0.96,"10,000"
703864,光頡統一61購01,0.98,0.00,0.98,0.98,0.98,"2,000"
703865,光頡統一71購01,1.00,+0.17,0.97,1.00,0.97,"5,000"
703866,均豪統一61購02,---,---,---,---,---,0
703867,金山電統一64購01,1.73,+0.13,1.76,1.76,1.70,"40,000"
703868,捷創統一61購02,---,---,---,---,---,0
703869,捷創統一71購01,---,---,---,---,---,0
703870,富強鑫統一61購01,---,---,---,---,---,0
703871,富強鑫統一71購01,---,---,---,---,---,0
703872,富強鑫統一71購02,---,---,---,---,---,0
703873,崴寶統一71購01,1.03,+0.20,0.91,1.03,0.91,"55,000"
703874,鉅橡統一61購01,0.44,+0.06,0.46,0.46,0.44,"21,000"
703875,鉅橡統一61購02,---,---,---,---,---,0
703876,鉅橡統一61購03,---,---,---,---,---,0
703877,鉅橡統一71購01,---,---,---,---,---,0
703878,精材統一71購01,1.48,+0.01,1.55,1.76,1.48,"17,000"
703879,臺慶科統一71購01,0.98,+0.04,1.00,1.00,0.98,"15,000"
703880,穩懋統一61購02,2.09,+0.54,2.09,2.09,2.09,"10,000"
703881,穩懋統一61購03,---,---,---,---,---,0
703882,穩懋統一71購01,1.76,+0.30,1.76,1.76,1.76,"2,000"
703883,富強鑫群益58購03,---,---,---,---,---,0
703884,聖暉*群益58購01,---,---,---,---,---,0
703886,精材群益5C購01,6.00,+0.85,6.00,6.00,6.00,"1,000"
703887,耀勝群益5A購01,---,---,---,---,---,0
703888,元太國票58購01,---,---,---,---,---,0
703889,台星科國票58購02,---,---,---,---,---,0
703890,金山電國票58購01,---,---,---,---,---,0
703891,長科*國票58購01,---,---,---,---,---,0
703892,佶優國票58購01,---,---,---,---,---,0
703893,晟德國票58購01,---,---,---,---,---,0
703894,萬泰科國票58購01,---,---,---,---,---,0
703895,穩懋國票5A購02,---,---,---,---,---,0
703902,中美晶永豐5A購01,---,---,---,---,---,0
703904,松瑞藥永豐58購01,---,---,---,---,---,0
703905,湧德永豐59購01,0.05,+0.01,0.05,0.05,0.05,"60,000"
703906,鉅橡永豐5A購01,---,---,---,---,---,0
703907,漢科永豐58購01,0.05,-0.01,0.05,0.05,0.05,"60,000"
703908,穩懋永豐58購01,---,---,---,---,---,0
703912,合晶凱基59購01,---,---,---,---,---,0
703914,聖暉*凱基61購01,---,---,---,---,---,0
703917,耀勝凱基5A購01,---,---,---,---,---,0
703918,宇峻國票58購01,---,---,---,---,---,0
703920,系統電國票59購01,---,---,---,---,---,0
703921,神準國票59購01,---,---,---,---,---,0
703923,創惟國票61購01,0.37,+0.03,0.35,0.37,0.35,"655,000"
703924,富強鑫國票58購02,---,---,---,---,---,0
703925,鉅橡國票58購02,---,---,---,---,---,0
703926,耀勝國票58購02,---,---,---,---,---,0
703927,東捷國泰58購02,---,---,---,---,---,0
703928,弘塑富邦59購02,---,---,---,---,---,0
703929,均華富邦58購01,---,---,---,---,---,0
703930,金山電富邦59購01,---,---,---,---,---,0
703939,湧德元大58購01,---,---,---,---,---,0
703942,聖暉*元大5B購02,3.52,+0.28,3.35,3.52,3.35,"83,000"
703950,雙鴻群益5A購03,0.44,+0.08,0.46,0.46,0.44,"25,000"
703952,耀勝群益58購01,---,---,---,---,---,0
703953,中美晶永豐58購01,---,---,---,---,---,0
703954,世界永豐5A購01,---,---,---,---,---,0
703955,台半永豐59購01,---,---,---,---,---,0
703956,均華永豐58購01,---,---,---,---,---,0
703957,宜特永豐59購01,1.02,+0.12,1.02,1.02,1.02,"204,000"
703959,精材永豐58購01,---,---,---,---,---,0
703960,雙鴻永豐5A購01,---,---,---,---,---,0
703961,久元統一61購01,---,---,---,---,---,0
703962,中美晶統一61購01,1.37,-0.03,1.51,1.51,1.30,"27,000"
703963,中探針統一71購01,3.98,+0.39,3.95,3.98,3.94,"22,000"
703964,世禾統一65購01,---,---,---,---,---,0
703965,世界統一5B購01,---,---,---,---,---,0
703966,台半統一71購01,1.16,+0.01,1.20,1.24,1.16,"42,000"
703967,台半統一71購02,0.87,+0.08,0.87,0.90,0.86,"294,000"
703968,台星科統一71購01,0.73,+0.03,0.76,0.78,0.73,"540,000"
703969,弘塑統一61購02,1.08,-0.23,1.45,1.45,1.08,"339,000"
703970,弘塑統一61購03,1.30,-0.34,1.66,1.66,1.30,"41,000"
703971,光頡統一61購02,0.66,+0.25,0.41,0.66,0.41,"16,000"
703972,合晶統一5C購03,---,---,---,---,---,0
703973,均華統一5C購03,---,---,---,---,---,0
703974,長科*統一64購02,1.12,+0.04,1.12,1.12,1.12,"13,000"
703975,佶優統一71購01,0.43,+0.02,0.43,0.43,0.43,"1,000"
703976,信昌電統一61購01,4.34,0.00,4.34,4.34,4.34,"1,000"
703977,捷創統一71購02,---,---,---,---,---,0
703978,富強鑫統一61購02,---,---,---,---,---,0
703979,順達統一5C購05,---,---,---,---,---,0
703980,順達統一61購01,0.46,-0.02,0.46,0.46,0.46,"5,000"
703981,萬潤統一61購01,5.15,0.00,5.20,5.30,5.15,"25,000"
703982,鉅橡統一64購01,---,---,---,---,---,0
703983,精材統一61購01,2.16,-0.09,2.39,2.39,2.16,"5,000"
703984,廣明統一61購01,0.05,+0.01,0.05,0.05,0.05,"10,000"
703985,穩懋統一63購01,2.13,+0.43,1.94,2.14,1.94,"46,000"
703989,穩懋元富5A購01,---,---,---,---,---,0
703991,元債20凱基71購01,---,---,---,---,---,0
703992,台星科凱基58購01,---,---,---,---,---,0
704000,穩懋凱基59購03,1.88,-1.66,1.88,1.88,1.88,"10,000"
704001,宇峻國泰58購01,0.09,-0.04,0.09,0.09,0.09,"10,000"
704002,創惟國泰58購01,---,---,---,---,---,0
704003,精材國泰58購02,---,---,---,---,---,0
704004,擎亞國泰58購01,---,---,---,---,---,0
704005,穩懋國泰58購03,---,---,---,---,---,0
704009,中探針統一61購01,---,---,---,---,---,0
704010,中探針統一61購02,---,---,---,---,---,0
704011,元太統一61購01,---,---,---,---,---,0
704012,世禾統一71購01,0.37,+0.01,0.38,0.38,0.37,"555,000"
704013,台半統一61購01,---,---,---,---,---,0
704014,台星科統一61購01,0.50,+0.06,0.50,0.50,0.50,"110,000"
704015,台燿統一71購01,2.81,+0.31,2.81,2.81,2.81,"10,000"
704016,巨漢統一61購02,0.69,+0.05,0.68,0.69,0.66,"83,000"
704017,巨漢統一71購01,---,---,---,---,---,0
704018,光頡統一61購03,---,---,---,---,---,0
704019,均華統一61購01,---,---,---,---,---,0
704020,宏捷科統一61購02,---,---,---,---,---,0
704021,矽科統一61購01,---,---,---,---,---,0
704022,金山電統一61購01,---,---,---,---,---,0
704023,金益鼎統一61購01,0.33,0.00,0.33,0.33,0.33,"10,000"
704024,佶優統一61購01,0.41,+0.05,0.41,0.41,0.41,"1,000"
704025,創惟統一61購01,---,---,---,---,---,0
704026,精材統一61購02,---,---,---,---,---,0
704027,穩懋統一61購04,---,---,---,---,---,0
704028,穩懋統一65購01,---,---,---,---,---,0
704029,穩懋統一71購02,1.84,+0.34,1.79,1.84,1.64,"13,000"
704030,耀勝統一71購01,---,---,---,---,---,0
704038,湧德元大5A購01,0.23,+0.05,0.23,0.23,0.23,"5,000"
704041,聖暉*元大5C購03,1.71,+0.10,1.69,1.71,1.69,"242,000"
704046,台星科群益5A購01,---,---,---,---,---,0
704048,金益鼎群益59購01,---,---,---,---,---,0
704051,信驊群益61購01,---,---,---,---,---,0
704053,聖暉*群益5A購01,---,---,---,---,---,0
704054,璟德群益58購01,---,---,---,---,---,0
704058,信驊元富5A購03,---,---,---,---,---,0
704060,世界永豐59購02,1.35,+0.18,1.59,1.59,1.35,"598,000"
704061,台半永豐58購02,---,---,---,---,---,0
704062,巨漢永豐59購01,0.65,+0.04,0.67,0.67,0.65,"40,000"
704063,金益鼎永豐59購01,---,---,---,---,---,0
704067,世界凱基59購01,---,---,---,---,---,0
704068,台半凱基59購01,---,---,---,---,---,0
704069,巨漢凱基58購01,---,---,---,---,---,0
704074,世紀*兆豐59購01,---,---,---,---,---,0
704075,台星科兆豐59購02,---,---,---,---,---,0
704076,台半國泰58購01,---,---,---,---,---,0
704077,均華國泰58購02,---,---,---,---,---,0
704078,家登國泰58購01,---,---,---,---,---,0
704079,博智國泰58購01,---,---,---,---,---,0
704080,世禾富邦5C購01,0.14,+0.01,0.14,0.14,0.14,"20,000"
704081,家登富邦59購02,0.64,+0.14,0.66,0.66,0.64,"435,000"
704082,群翊富邦5A購01,0.53,+0.10,0.53,0.53,0.53,"1,000"
704083,璟德富邦59購01,---,---,---,---,---,0
704084,中探針統一67購01,---,---,---,---,---,0
704085,世界統一61購02,0.65,+0.06,0.68,0.68,0.65,"13,000"
704086,世界統一64購01,1.05,+0.10,1.05,1.05,1.05,"1,000"
704087,世紀*統一71購01,0.16,-0.02,0.20,0.20,0.16,"20,000"
704088,世紀*統一71購02,---,---,---,---,---,0
704089,台半統一61購02,---,---,---,---,---,0
704090,台半統一71購03,1.09,+0.10,1.06,1.09,1.06,"33,000"
704091,巨漢統一71購02,0.76,+0.03,0.78,0.78,0.76,"272,000"
704092,光頡統一64購01,---,---,---,---,---,0
704093,系統電統一71購01,0.30,+0.02,0.30,0.30,0.30,"10,000"
704094,佳邦統一71購01,0.31,0.00,0.32,0.32,0.31,"52,000"
704095,矽科統一71購01,0.52,+0.01,0.52,0.52,0.52,"290,000"
704096,金山電統一71購01,1.13,+0.03,1.18,1.18,1.13,"832,000"
704097,金益鼎統一71購01,---,---,---,---,---,0
704099,信昌電統一64購01,---,---,---,---,---,0
704100,信昌電統一71購01,1.59,+0.19,1.59,1.59,1.59,"2,000"
704101,家登統一61購02,0.39,+0.05,0.38,0.39,0.38,"20,000"
704102,能率亞統一61購01,1.51,+0.29,1.51,1.51,1.51,"1,000"
704103,博智統一61購01,---,---,---,---,---,0
704104,湧德統一61購01,---,---,---,---,---,0
704105,精材統一5B購01,---,---,---,---,---,0
704106,精材統一64購01,---,---,---,---,---,0
704107,璟德統一65購01,---,---,---,---,---,0
704108,璟德統一71購01,0.31,-0.02,0.33,0.33,0.31,"485,000"
704109,穩懋統一61購05,1.61,+0.46,1.49,1.62,1.49,"7,000"
704110,鑫科統一71購01,---,---,---,---,---,0
704111,家登永豐59購01,---,---,---,---,---,0
704112,世界國票58購01,---,---,---,---,---,0
704113,台半國票58購01,---,---,---,---,---,0
704114,佳邦國票58購01,---,---,---,---,---,0
704115,金益鼎國票61購01,0.47,+0.04,0.47,0.49,0.46,"3,557,000"
704116,茂迪國票58購01,---,---,---,---,---,0
704117,高鋒國票58購01,---,---,---,---,---,0
704118,廣閎科國票58購01,---,---,---,---,---,0
704119,廣運國票58購01,---,---,---,---,---,0
704120,璟德國票58購02,---,---,---,---,---,0
704121,擎邦國票58購01,---,---,---,---,---,0
704125,合晶群益59購02,---,---,---,---,---,0
704126,佳邦群益59購01,---,---,---,---,---,0
704127,佳邦群益5A購01,---,---,---,---,---,0
704130,華容群益58購02,---,---,---,---,---,0
704132,璟德群益58購02,---,---,---,---,---,0
704134,鑫科群益5A購01,---,---,---,---,---,0
704135,世禾元大5A購01,---,---,---,---,---,0
704141,訊聯元大61購01,---,---,---,---,---,0
704142,湧德元大58購02,---,---,---,---,---,0
704146,穩懋元大5B購03,2.07,+0.54,1.89,2.07,1.89,"147,000"
704151,系統電凱基5A購01,---,---,---,---,---,0
704152,佳邦凱基58購01,---,---,---,---,---,0
704153,佶優凱基58購01,---,---,---,---,---,0
704154,高鋒凱基58購01,---,---,---,---,---,0
704161,合晶兆豐59購01,---,---,---,---,---,0
704162,旺矽兆豐58購01,---,---,---,---,---,0
704163,旺矽兆豐59購01,---,---,---,---,---,0
704164,華容國票58購02,---,---,---,---,---,0
704166,鑫科國票58購02,---,---,---,---,---,0
704167,佳邦國泰58購01,---,---,---,---,---,0
704168,璟德國泰58購01,---,---,---,---,---,0
704170,世界元大5A購01,1.90,+0.17,1.91,1.93,1.90,"6,000"
704176,勤凱元大5A購01,---,---,---,---,---,0
704180,鑫科元大5B購01,---,---,---,---,---,0
704181,亞電群益58購02,---,---,---,---,---,0
704184,智通*群益58購01,---,---,---,---,---,0
704189,旺矽元富5A購02,---,---,---,---,---,0
704190,家登元富58購01,---,---,---,---,---,0
704191,家登元富5C購01,---,---,---,---,---,0
704194,佳邦永豐58購01,---,---,---,---,---,0
704196,泓格永豐59購01,---,---,---,---,---,0
704198,華容永豐58購01,---,---,---,---,---,0
704202,鑫科永豐61購01,0.57,+0.10,0.57,0.57,0.57,"9,000"
704203,中美晶統一71購01,1.05,-0.05,1.15,1.15,1.05,"13,000"
704204,元太統一61購02,0.86,+0.05,0.90,0.90,0.86,"153,000"
704205,世紀*統一61購01,0.06,0.00,0.07,0.07,0.04,"85,000"
704206,世紀*統一71購03,0.17,0.00,0.18,0.18,0.17,"15,000"
704207,合晶統一71購01,3.15,+0.29,3.11,3.24,2.88,"137,000"
704208,沛亨統一61購01,1.88,+0.10,1.85,1.88,1.85,"3,000"
704209,沛亨統一61購02,1.74,+0.16,1.73,1.74,1.70,"40,000"
704210,宜鼎統一61購02,---,---,---,---,---,0
704211,宜鼎統一63購01,2.48,+0.33,2.48,2.48,2.48,"10,000"
704212,旺矽統一61購02,3.32,+0.30,3.39,3.39,3.32,"11,000"
704213,旺矽統一63購02,3.55,-0.20,3.55,3.55,3.55,"2,000"
704214,旺矽統一71購01,---,---,---,---,---,0
704215,松瑞藥統一61購01,---,---,---,---,---,0
704216,松瑞藥統一71購01,---,---,---,---,---,0
704217,信昌電統一61購03,---,---,---,---,---,0
704218,信昌電統一71購02,2.13,+0.18,2.13,2.13,2.13,"4,000"
704219,家登統一61購03,---,---,---,---,---,0
704220,家登統一71購01,0.61,+0.04,0.62,0.62,0.61,"276,000"
704221,高鋒統一61購01,0.21,+0.02,0.21,0.21,0.21,"8,000"
704222,高鋒統一71購01,0.39,+0.03,0.38,0.39,0.38,"159,000"
704223,湧德統一61購02,---,---,---,---,---,0
704224,新復興統一71購01,---,---,---,---,---,0
704225,廣運統一71購01,---,---,---,---,---,0
704236,世界元大59購01,0.61,+0.02,0.63,0.63,0.61,"20,000"
704237,世界元大5A購02,---,---,---,---,---,0
704244,富喬元大5A購01,0.35,+0.09,0.35,0.35,0.35,"1,000"
704247,精材元大58購01,---,---,---,---,---,0
704251,世界永豐58購01,---,---,---,---,---,0
704253,佶優永豐58購01,---,---,---,---,---,0
704255,富喬永豐58購02,0.01,-0.01,0.01,0.01,0.01,"5,000"
704256,富喬永豐5B購01,0.42,+0.10,0.42,0.42,0.42,"1,000"
704257,富喬永豐5C購01,---,---,---,---,---,0
704258,富喬永豐64購01,1.30,+0.28,1.30,1.30,1.30,"5,000"
704259,華容永豐5A購01,8.70,+0.05,8.70,8.70,8.70,"1,000"
704260,聖暉*永豐61購01,---,---,---,---,---,0
704261,世界兆豐59購02,0.81,-0.05,0.81,0.81,0.81,"10,000"
704262,宜鼎兆豐61購01,9.35,+0.60,9.35,9.35,9.35,"7,000"
704268,點序群益59購01,---,---,---,---,---,0
704269,世界國泰58購01,---,---,---,---,---,0
704270,茂迪國泰58購01,---,---,---,---,---,0
704271,富喬國泰58購03,---,---,---,---,---,0
704272,富喬國泰58購04,---,---,---,---,---,0
704273,台星科富邦59購01,---,---,---,---,---,0
704274,合晶富邦59購01,6.20,+0.75,6.20,6.20,6.20,"1,000"
704275,宜鼎富邦5C購01,---,---,---,---,---,0
704276,鈊象富邦59購01,0.56,-0.07,0.56,0.56,0.56,"39,000"
704277,鈊象富邦5A購01,0.48,+0.04,0.49,0.49,0.46,"189,000"
704278,萬潤富邦59購02,---,---,---,---,---,0
704279,廣明富邦59購01,---,---,---,---,---,0
704280,世界統一71購02,0.61,+0.03,0.67,0.67,0.61,"1,066,000"
704281,台星科統一61購02,0.40,+0.06,0.40,0.40,0.40,"1,000"
704282,宜鼎統一71購01,---,---,---,---,---,0
704283,東捷統一71購01,---,---,---,---,---,0
704284,佶優統一71購02,---,---,---,---,---,0
704285,高鋒統一64購01,---,---,---,---,---,0
704286,高鋒統一67購01,---,---,---,---,---,0
704287,富喬統一61購01,0.13,-0.05,0.20,0.20,0.13,"257,000"
704288,富喬統一61購02,---,---,---,---,---,0
704289,富喬統一61購03,0.39,+0.12,0.39,0.39,0.39,"3,000"
704290,富喬統一61購04,0.21,-0.06,0.20,0.21,0.16,"133,000"
704291,富喬統一64購01,0.31,+0.13,0.31,0.31,0.31,"50,000"
704292,富喬統一65購02,0.21,+0.04,0.21,0.21,0.21,"2,000"
704293,富喬統一6C購01,0.30,+0.03,0.31,0.31,0.30,"115,000"
704294,富喬統一71購01,0.37,+0.05,0.37,0.40,0.37,"181,000"
704295,富喬統一71購02,0.32,+0.02,0.33,0.34,0.32,"690,000"
704296,湧德統一71購01,---,---,---,---,---,0
704297,新復興統一71購02,---,---,---,---,---,0
704298,聖暉*統一67購01,0.91,+0.15,0.91,0.91,0.91,"1,000"
704307,穩懋凱基58購03,---,---,---,---,---,0
704308,鈊象兆豐59購01,---,---,---,---,---,0
704312,世界元大58購01,0.25,+0.10,0.25,0.25,0.25,"4,000"
704313,世界元大59購02,---,---,---,---,---,0
704315,系統電元大5B購03,---,---,---,---,---,0
704320,鈊象元大5A購01,---,---,---,---,---,0
704321,勤凱元大61購02,---,---,---,---,---,0
704322,聖暉*元大61購01,4.57,+0.47,4.53,4.57,4.53,"3,000"
704325,精測元大5B購01,0.60,+0.02,0.60,0.60,0.60,"15,000"
704327,元山國泰58購01,---,---,---,---,---,0
704328,高鋒國泰58購01,---,---,---,---,---,0
704329,德微國泰58購01,---,---,---,---,---,0
704339,精測群益59購02,0.45,+0.03,0.45,0.45,0.45,"10,000"
704340,點序群益59購02,---,---,---,---,---,0
704341,力旺富邦59購01,---,---,---,---,---,0
704343,世界富邦5C購01,---,---,---,---,---,0
704344,捷創富邦59購01,---,---,---,---,---,0
704345,聖暉*富邦58購01,---,---,---,---,---,0
704346,精測富邦59購01,0.88,+0.20,0.88,0.88,0.88,"1,000"
704347,世界統一5C購02,---,---,---,---,---,0
704348,合晶統一61購01,4.25,+0.56,4.10,4.25,4.10,"11,000"
704349,東捷統一71購02,---,---,---,---,---,0
704350,佶優統一71購03,---,---,---,---,---,0
704351,精測統一61購01,0.48,+0.05,0.46,0.48,0.39,"94,000"
704352,精測統一61購02,0.46,+0.05,0.46,0.46,0.46,"7,000"
704353,精測統一71購01,1.01,-0.04,1.11,1.15,1.01,"539,000"
704356,中探針永豐58購01,---,---,---,---,---,0
704358,竹陞永豐5A購01,---,---,---,---,---,0
704359,宜鼎永豐59購02,4.76,+0.96,4.76,4.76,4.76,"1,000"
704360,訊聯永豐58購01,---,---,---,---,---,0
704361,華容永豐5C購01,---,---,---,---,---,0
704362,雷科永豐59購02,5.45,+0.65,5.45,5.45,5.45,"1,000"
704363,頎邦永豐58購01,---,---,---,---,---,0
704365,精測永豐5A購01,0.72,0.00,0.72,0.72,0.72,"10,000"
704366,臺慶科永豐58購01,---,---,---,---,---,0
704367,點序永豐59購02,---,---,---,---,---,0
704368,點序永豐61購01,---,---,---,---,---,0
704369,大江國票58購01,---,---,---,---,---,0
704370,世界國票5B購01,0.97,+0.12,1.04,1.08,0.97,"307,000"
704371,宜鼎國票58購02,7.75,+1.65,7.55,7.75,7.25,"16,000"
704372,長科*國票58購02,1.19,+0.32,1.19,1.19,1.19,"1,000"
704373,精測國票5A購01,0.40,0.00,0.40,0.40,0.40,"2,000"
704374,精測國票5A購02,0.48,+0.08,0.48,0.48,0.48,"10,000"
704375,臺慶科國票58購01,---,---,---,---,---,0
704376,擎邦國票58購02,---,---,---,---,---,0
704377,精測兆豐59購01,0.36,-0.07,0.39,0.39,0.36,"5,000"
704379,中探針凱基59購01,---,---,---,---,---,0
704380,宜鼎凱基5B購01,8.40,+0.80,8.40,8.40,8.40,"1,000"
704381,鈊象凱基5A購01,1.76,+0.06,1.84,1.84,1.71,"78,000"
704382,精測凱基5B購01,---,---,---,---,---,0
704385,信昌電國泰58購01,---,---,---,---,---,0
704386,信昌電國泰58購02,---,---,---,---,---,0
704387,家登國泰58購02,0.28,+0.09,0.28,0.28,0.28,"1,000"
704388,中探針元大5B購01,4.01,+0.78,4.01,4.01,4.01,"1,000"
704390,世界元大58購02,---,---,---,---,---,0
704391,世界元大5B購01,---,---,---,---,---,0
704394,系統電元大61購01,---,---,---,---,---,0
704396,順達元大5A購05,2.11,-0.01,2.11,2.11,2.11,"204,000"
704400,宜鼎富邦61購01,2.68,+0.23,2.68,2.68,2.68,"1,000"
704401,信昌電富邦5C購01,3.60,+0.10,3.60,3.60,3.60,"2,000"
704403,高鋒統一61購02,---,---,---,---,---,0
704404,精測統一5C購01,0.40,-0.05,0.48,0.48,0.40,"35,000"
704405,尼克森永豐59購01,---,---,---,---,---,0
704406,亞電永豐59購01,1.57,+0.37,1.57,1.57,1.57,"1,000"
704407,長科*永豐58購01,0.85,+0.40,0.85,0.85,0.85,"2,000"
704408,能率亞永豐58購01,---,---,---,---,---,0
704409,精測永豐5A購02,0.34,-0.03,0.38,0.38,0.34,"7,000"
704416,創惟群益59購01,---,---,---,---,---,0
704418,精測群益59購03,0.42,+0.21,0.42,0.42,0.42,"10,000"
704419,力旺元大5A購01,3.01,+0.29,3.01,3.01,3.01,"4,000"
704421,中美晶元大5C購01,---,---,---,---,---,0
704424,湧德元大61購02,---,---,---,---,---,0
704426,精材元大5B購01,---,---,---,---,---,0
704427,精材元大61購02,---,---,---,---,---,0
704430,大中凱基59購01,4.96,+0.66,4.74,4.99,4.71,"240,000"
704434,宏捷科凱基58購02,---,---,---,---,---,0
704436,湧德凱基58購01,---,---,---,---,---,0
704439,穩得凱基58購01,---,---,---,---,---,0
704440,久元國票58購01,0.06,+0.03,0.06,0.06,0.06,"5,000"
704441,台星科國票58購03,0.47,+0.08,0.47,0.47,0.47,"18,000"
704442,系統電國票58購01,---,---,---,---,---,0
704443,能率亞國票58購02,0.57,+0.22,0.43,0.57,0.43,"132,000"
704444,高僑國票58購01,---,---,---,---,---,0
704446,群翊國票58購01,---,---,---,---,---,0
704447,頎邦國票58購01,---,---,---,---,---,0
704448,新復興富邦59購01,---,---,---,---,---,0
704450,系統電元富59購01,---,---,---,---,---,0
704452,大江永豐58購01,---,---,---,---,---,0
704453,東捷永豐59購01,---,---,---,---,---,0
704459,長科*群益58購01,---,---,---,---,---,0
704463,長科*凱基58購01,1.20,+0.21,1.19,1.20,1.19,"3,000"
704464,信昌電凱基58購01,---,---,---,---,---,0
704465,能率亞凱基58購01,---,---,---,---,---,0
704469,凡甲國票58購01,---,---,---,---,---,0
704471,大中國票58購01,2.86,+0.53,2.86,2.86,2.86,"1,000"
704472,台半國票58購02,---,---,---,---,---,0
704473,系統電國票58購02,---,---,---,---,---,0
704475,亞電國票58購02,0.99,+0.80,0.23,0.99,0.23,"22,000"
704476,高鋒國票58購02,---,---,---,---,---,0
704477,博磊國票58購01,---,---,---,---,---,0
704479,力旺元大5A購02,4.17,+0.27,4.17,4.17,4.17,"20,000"
704481,中探針元大61購01,3.33,+0.55,3.33,3.33,3.33,"1,000"
704482,元太元大61購01,0.93,-0.06,1.03,1.03,0.93,"3,000"
704491,湧德元大5B購01,---,---,---,---,---,0
704492,鈊象元大5B購01,---,---,---,---,---,0
704494,精材元大5A購01,---,---,---,---,---,0
704495,精材元大5B購02,5.05,+1.13,5.05,5.05,5.05,"7,000"
704496,精材元大61購03,---,---,---,---,---,0
704498,中光電國泰58購01,---,---,---,---,---,0
704499,勤凱國泰58購01,---,---,---,---,---,0
704500,中光電富邦58購01,0.01,-0.01,0.01,0.01,0.01,"5,000"
704501,系統電富邦58購01,---,---,---,---,---,0
704502,大中永豐59購01,---,---,---,---,---,0
704503,中光電永豐58購01,0.02,-0.42,0.02,0.02,0.02,"1,496,000"
704505,加百裕永豐58購01,---,---,---,---,---,0
704506,系統電永豐5C購01,---,---,---,---,---,0
704507,亞電永豐5B購01,1.67,+0.24,1.53,1.68,1.21,"51,000"
704509,博磊永豐58購01,---,---,---,---,---,0
704511,萬泰科永豐59購01,---,---,---,---,---,0
704512,聖暉*永豐58購02,---,---,---,---,---,0
704521,中光電群益58購03,0.05,0.00,0.05,0.05,0.05,"50,000"
704525,亞電群益58購03,---,---,---,---,---,0
704526,能率群益59購01,0.29,+0.14,0.18,0.30,0.18,"12,000"
704529,擎亞群益59購01,---,---,---,---,---,0
704532,大中統一5C購01,---,---,---,---,---,0
704533,大中統一71購01,1.67,+0.16,1.61,1.67,1.61,"48,000"
704534,台半統一5C購04,0.83,+0.10,0.83,0.83,0.83,"1,000"
704535,台燿統一66購01,---,---,---,---,---,0
704536,尼克森統一5B購01,1.07,+0.21,1.09,1.09,1.07,"20,000"
704537,巨漢統一5C購01,0.70,+0.04,0.72,0.73,0.70,"186,000"
704538,合晶統一61購02,3.70,-0.35,4.05,4.05,3.50,"11,000"
704539,竹陞統一64購01,1.03,+0.06,1.05,1.05,0.98,"42,000"
704540,宏捷科統一61購03,0.33,+0.01,0.36,0.36,0.33,"162,000"
704541,系統電統一64購01,---,---,---,---,---,0
704542,宜鼎統一5B購01,---,---,---,---,---,0
704543,宜鼎統一66購01,1.83,+0.27,1.83,1.86,1.80,"128,000"
704544,宜鼎統一71購02,1.59,+0.22,1.59,1.59,1.59,"1,000"
704545,東捷統一64購01,---,---,---,---,---,0
704546,長科*統一71購01,0.80,+0.03,0.84,0.84,0.80,"143,000"
704547,佶優統一61購02,---,---,---,---,---,0
704548,昱展統一61購01,---,---,---,---,---,0
704549,茂迪統一5B購01,0.48,+0.06,0.44,0.49,0.44,"278,000"
704550,能率亞統一61購02,0.76,+0.10,0.68,0.76,0.68,"1,021,000"
704551,能率亞統一71購01,0.74,+0.07,0.69,0.74,0.69,"23,000"
704552,順達統一63購01,---,---,---,---,---,0
704553,雍智統一71購01,3.32,+0.37,3.32,3.32,3.32,"1,000"
704556,力旺凱基5A購01,---,---,---,---,---,0
704560,系統電凱基5B購01,---,---,---,---,---,0
704563,順達凱基58購03,---,---,---,---,---,0
704566,天品永豐59購01,---,---,---,---,---,0
704567,萬泰科永豐5B購01,---,---,---,---,---,0
704572,家登群益59購01,---,---,---,---,---,0
704578,元太元大61購02,---,---,---,---,---,0
704579,合晶元大5A購01,---,---,---,---,---,0
704584,精材元大5A購02,---,---,---,---,---,0
704587,力旺國泰58購01,---,---,---,---,---,0
704588,長科*富邦58購01,---,---,---,---,---,0
704589,順達富邦58購01,---,---,---,---,---,0
704590,能率亞統一63購01,0.78,+0.11,0.71,0.78,0.71,"916,000"
704591,能率亞統一71購02,1.02,+0.08,0.97,1.02,0.95,"409,000"
704592,能率統一71購01,0.58,+0.08,0.58,0.58,0.58,"3,000"
704593,旺矽國票58購03,---,---,---,---,---,0
704605,系統電凱基5B購02,---,---,---,---,---,0
704607,原相凱基5A購01,---,---,---,---,---,0
704609,力旺群益59購01,---,---,---,---,---,0
704610,中光電群益58購04,---,---,---,---,---,0
704612,台燿群益58購04,19.80,+3.20,19.80,19.80,19.80,"2,000"
704617,宜鼎群益58購02,---,---,---,---,---,0
704618,宜鼎群益59購01,4.58,+0.79,4.58,4.58,4.58,"10,000"
704619,旺矽群益59購01,---,---,---,---,---,0
704620,博智群益5B購01,2.38,+0.13,2.44,2.44,2.30,"50,000"
704621,智通*群益58購02,---,---,---,---,---,0
704622,萬泰科群益58購01,---,---,---,---,---,0
704624,旺矽國泰58購01,---,---,---,---,---,0
704625,旺矽國泰58購02,---,---,---,---,---,0
704626,東捷國泰58購03,---,---,---,---,---,0
704627,雍智國泰58購01,---,---,---,---,---,0
704628,中光電統一61購01,0.24,-0.05,0.50,0.50,0.20,"37,000"
704629,智通*統一61購01,---,---,---,---,---,0
704630,旺矽元富58購03,---,---,---,---,---,0
704636,博智永豐59購01,---,---,---,---,---,0
704637,智通*永豐59購01,0.34,+0.04,0.34,0.34,0.34,"20,000"
704638,廣運永豐61購01,0.17,+0.03,0.15,0.17,0.15,"3,000"
704639,驊訊永豐58購01,---,---,---,---,---,0
704642,世界凱基58購01,---,---,---,---,---,0
704649,宜鼎凱基59購03,---,---,---,---,---,0
704650,聖暉*凱基5B購01,---,---,---,---,---,0
704653,台燿兆豐59購02,---,---,---,---,---,0
704654,宜鼎國泰58購03,11.20,+1.85,11.20,11.20,11.20,"1,000"
704655,臺慶科國泰58購01,2.27,+0.32,2.27,2.27,2.27,"1,000"
704665,鈊象元大5C購01,---,---,---,---,---,0
704667,精材元大58購02,---,---,---,---,---,0
704668,穩得元大5B購01,---,---,---,---,---,0
704669,台星科群益58購02,---,---,---,---,---,0
704678,中光電永豐59購01,0.70,+0.26,0.62,0.70,0.51,"305,000"
704679,中美晶永豐59購01,---,---,---,---,---,0
704680,世界永豐58購02,---,---,---,---,---,0
704683,擎亞永豐59購02,---,---,---,---,---,0
704685,穩懋永豐5A購02,4.78,+1.70,4.03,4.78,4.03,"21,000"
704686,世界兆豐5A購01,---,---,---,---,---,0
704687,M31凱基5A購01,---,---,---,---,---,0
704690,竹陞凱基59購01,0.65,+0.25,0.44,0.65,0.44,"7,000"
704696,穩懋凱基59購06,---,---,---,---,---,0
704702,竹陞元大5A購01,---,---,---,---,---,0
704707,家登元大5A購01,---,---,---,---,---,0
704711,精材元大59購01,3.17,+1.00,2.55,3.17,2.55,"10,000"
704712,精材元大61購04,2.40,+0.40,2.40,2.40,2.40,"2,000"
704715,M31永豐5A購01,---,---,---,---,---,0
704716,大樹永豐59購01,---,---,---,---,---,0
704719,世界永豐5B購01,---,---,---,---,---,0
704720,世紀*永豐59購01,---,---,---,---,---,0
704721,台燿永豐5A購02,---,---,---,---,---,0
704723,竹陞永豐59購02,---,---,---,---,---,0
704724,沛亨永豐59購01,---,---,---,---,---,0
704725,家登永豐5B購01,1.86,+0.35,1.86,1.86,1.86,"2,000"
704726,高鋒永豐59購01,---,---,---,---,---,0
704728,精材永豐5A購01,---,---,---,---,---,0
704729,廣明永豐59購01,---,---,---,---,---,0
704730,廣明永豐5A購02,---,---,---,---,---,0
704731,點序永豐5A購01,---,---,---,---,---,0
704733,鑫聯永豐5A購01,1.99,+0.45,1.67,1.99,1.67,"102,000"
704736,印能凱基5A購01,---,---,---,---,---,0
704739,博智凱基59購05,---,---,---,---,---,0
704743,竹陞國票59購01,---,---,---,---,---,0
704744,沛亨國票59購01,---,---,---,---,---,0
704745,宜特國票5B購01,---,---,---,---,---,0
704746,長科*國票59購01,0.50,+0.18,0.50,0.50,0.50,"16,000"
704748,博智國票59購02,0.80,+0.02,0.80,0.80,0.80,"1,000"
704749,榮剛國票59購01,---,---,---,---,---,0
704750,系統電兆豐5A購01,---,---,---,---,---,0
704751,穩懋兆豐5A購01,---,---,---,---,---,0
704756,弘塑元大59購02,---,---,---,---,---,0
704760,宜鼎元大5A購03,---,---,---,---,---,0
704766,精材元大61購05,2.69,+0.16,2.95,2.95,2.69,"11,000"
704767,印能永豐5A購01,---,---,---,---,---,0
704768,沛亨永豐59購02,---,---,---,---,---,0
704769,系統電永豐59購01,---,---,---,---,---,0
704770,宜特永豐59購02,---,---,---,---,---,0
704771,東浦永豐5A購01,0.68,-0.01,0.68,0.68,0.68,"10,000"
704772,榮剛永豐59購01,---,---,---,---,---,0
704773,大樹群益62購01,---,---,---,---,---,0
704775,博智群益62購01,---,---,---,---,---,0
704778,榮剛群益5A購01,---,---,---,---,---,0
704781,點序群益62購01,0.13,+0.02,0.13,0.13,0.13,"80,000"
704784,沛亨凱基59購01,---,---,---,---,---,0
704786,信驊凱基5A購02,---,---,---,---,---,0
704787,信驊凱基61購01,---,---,---,---,---,0
704789,雍智凱基5A購01,---,---,---,---,---,0
704790,榮剛凱基59購01,---,---,---,---,---,0
704792,雍智永豐59購01,8.70,+1.70,8.70,8.70,8.70,"1,000"
704793,擎亞永豐5A購02,6.90,+2.43,6.60,6.90,6.60,"2,000"
704794,擎亞永豐5B購01,---,---,---,---,---,0
704795,世紀*群益59購01,---,---,---,---,---,0
704804,弘塑元大59購03,1.39,-0.16,1.39,1.39,1.39,"40,000"
704807,宜鼎元大5A購04,5.90,+0.55,6.00,6.00,5.90,"20,000"
704820,印能國泰59購01,---,---,---,---,---,0
704821,宜特國泰59購01,---,---,---,---,---,0
704822,雍智國泰59購01,---,---,---,---,---,0
704823,穩得國泰59購01,---,---,---,---,---,0
704824,大樹國票59購01,---,---,---,---,---,0
704826,宏觀國票59購01,---,---,---,---,---,0
704827,系統電國票59購02,---,---,---,---,---,0
704829,信驊國票59購04,5.45,-0.25,5.45,5.45,5.45,"2,000"
704831,信驊國票5C購01,---,---,---,---,---,0
704832,新鉅科國票59購01,---,---,---,---,---,0
704833,鉅橡國票59購01,---,---,---,---,---,0
704834,雍智國票59購01,10.50,+2.80,10.50,10.50,10.50,"1,000"
704837,磐儀國票59購01,0.60,+0.28,0.38,0.60,0.38,"84,000"
704839,擎亞國票5A購01,3.43,+0.93,3.43,3.43,3.43,"2,000"
704840,鑫聯國票59購01,0.72,+0.07,0.72,0.72,0.72,"459,000"
704841,台半富邦5B購01,---,---,---,---,---,0
704842,台星科富邦5B購01,---,---,---,---,---,0
704843,合晶富邦5B購01,---,---,---,---,---,0
704844,宜特富邦5A購01,0.32,-0.01,0.38,0.38,0.32,"2,022,000"
704845,信驊富邦5B購01,---,---,---,---,---,0
704846,智通*富邦5A購01,0.24,0.00,0.25,0.25,0.23,"1,248,000"
704847,智通*富邦5B購01,---,---,---,---,---,0
704848,順達富邦5A購01,---,---,---,---,---,0
704849,廣明富邦5B購01,---,---,---,---,---,0
704850,廣運富邦5B購01,0.10,0.00,0.10,0.10,0.10,"20,000"
704851,擎亞富邦59購01,---,---,---,---,---,0
704852,雙鴻富邦5A購01,0.72,+0.01,0.73,0.78,0.72,"718,000"
704858,東捷凱基5A購01,---,---,---,---,---,0
704876,萬潤元大59購02,---,---,---,---,---,0
704877,弘塑國泰59購01,---,---,---,---,---,0
704878,智通國泰59購01,---,---,---,---,---,0
704879,聖暉國泰59購01,---,---,---,---,---,0
704880,榮剛富邦5A購01,0.21,-0.03,0.23,0.23,0.21,"263,000"
704881,譜瑞兆豐62購01,2.03,+0.27,1.99,2.03,1.99,"11,000"
704882,朋億*國票59購01,1.18,+0.44,1.01,1.18,1.01,"13,000"
704883,能率國票59購01,0.17,+0.10,0.12,0.17,0.11,"535,000"
704884,廣運國票59購01,---,---,---,---,---,0
704885,雙鴻國票59購02,---,---,---,---,---,0
704886,譜瑞國票59購01,---,---,---,---,---,0
704893,青雲永豐5A購01,11.70,+1.10,11.70,11.70,11.70,"4,000"
704895,世界統一62購01,0.66,+0.10,0.66,0.66,0.66,"14,000"
704896,台星科統一62購01,---,---,---,---,---,0
704897,台燿統一62購01,4.63,+0.78,4.63,4.63,4.63,"1,000"
704898,光頡統一5C購02,---,---,---,---,---,0
704899,長科*統一61購01,1.12,+0.11,1.24,1.24,1.12,"11,000"
704900,茂達統一62購01,0.70,-0.11,0.76,0.76,0.69,"1,079,000"
704901,茂達統一62購02,---,---,---,---,---,0
704902,訊聯統一72購01,---,---,---,---,---,0
704903,智通*統一68購01,0.43,+0.02,0.43,0.43,0.43,"100,000"
704904,新復興統一72購01,0.25,+0.01,0.25,0.25,0.25,"1,000"
704905,穩懋統一72購01,1.81,+0.21,1.81,1.81,1.81,"100,000"
704906,穩懋統一72購02,1.48,+0.24,1.51,1.51,1.48,"111,000"
704907,鑫聯統一62購01,0.87,+0.10,0.83,0.88,0.83,"127,000"
704910,宏觀凱基59購01,---,---,---,---,---,0
704911,宜鼎凱基5A購02,6.20,+1.26,6.20,6.20,6.20,"32,000"
704915,穩懋凱基5B購02,4.80,+1.28,4.68,4.80,4.68,"15,000"
704925,系統電元大62購01,0.23,+0.02,0.23,0.23,0.23,"1,000"
704929,勤凱元大5A購02,2.46,+0.45,2.46,2.46,2.46,"1,000"
704934,聖暉*國泰59購02,---,---,---,---,---,0
704935,雙鴻國泰59購01,0.21,+0.04,0.21,0.21,0.21,"10,000"
704936,良維富邦59購01,---,---,---,---,---,0
704937,茂迪富邦61購01,0.35,+0.07,0.35,0.35,0.35,"1,000"
704940,印能國票59購01,---,---,---,---,---,0
704941,印能國票5A購01,---,---,---,---,---,0
704942,青雲國票59購01,---,---,---,---,---,0
704943,昱展國票59購01,---,---,---,---,---,0
704944,印能統一65購01,---,---,---,---,---,0
704945,良維統一5C購01,---,---,---,---,---,0
704946,閎康統一72購01,0.95,+0.17,0.95,0.95,0.95,"37,000"
704947,順達統一65購01,0.94,+0.26,0.94,0.94,0.94,"1,000"
704948,雙鴻統一5C購01,---,---,---,---,---,0
704949,雙鴻統一65購01,0.47,+0.04,0.46,0.47,0.46,"60,000"
704950,耀勝統一5C購03,0.05,-0.01,0.05,0.05,0.05,"20,000"
704951,鑫科統一72購01,0.74,+0.05,0.74,0.74,0.74,"2,000"
704952,鑫聯統一72購01,1.02,+0.07,1.02,1.02,1.02,"29,000"
704953,鑫聯統一72購02,---,---,---,---,---,0
704954,系微兆豐62購01,2.44,+0.39,2.37,2.44,2.37,"95,000"
704955,正淩永豐59購01,---,---,---,---,---,0
704957,雙鴻永豐5A購02,---,---,---,---,---,0
704958,中探針群益5C購01,6.40,+1.30,6.20,6.40,6.20,"6,000"
704962,宏觀群益59購01,---,---,---,---,---,0
704963,協易機群益5A購01,---,---,---,---,---,0
704966,訊聯群益5A購01,---,---,---,---,---,0
704968,精材群益5A購02,---,---,---,---,---,0
704983,雙鴻元富5A購02,0.37,+0.06,0.39,0.40,0.37,"4,000"
704984,雙鴻元富5A購03,---,---,---,---,---,0
704986,中光電元大58購11,0.12,+0.09,0.08,0.12,0.08,"1,869,000"
704987,中光電元大58購12,0.01,-0.67,0.01,0.01,0.01,"1,940,000"
704988,世界元大58購12,---,---,---,---,---,0
704989,宏觀元大58購02,---,---,---,---,---,0
704990,宜特元大58購03,---,---,---,---,---,0
704991,鈊象元大58購03,---,---,---,---,---,0
704992,萬潤元大58購04,16.50,0.00,16.50,16.50,16.50,"10,000"
704993,萬潤元大58購05,---,---,---,---,---,0
704995,鉅橡元大59購01,0.05,-0.06,0.05,0.05,0.05,"177,000"
704996,雙鴻元大58購10,---,---,---,---,---,0
704997,雙鴻元大5B購01,0.53,+0.08,0.51,0.53,0.51,"198,000"
704998,雙鴻元大61購02,---,---,---,---,---,0
704999,凡甲國泰59購01,---,---,---,---,---,0
705000,世紀*國泰59購01,0.02,0.00,0.02,0.02,0.02,"20,000"
705001,良維國泰59購01,---,---,---,---,---,0
705002,世界富邦5C購02,0.84,+0.04,0.88,0.88,0.84,"90,000"
705003,世界統一72購01,0.78,0.00,0.86,0.86,0.78,"528,000"
705004,宏觀統一62購01,---,---,---,---,---,0
705005,茂迪統一72購01,0.45,+0.04,0.43,0.45,0.43,"27,000"
705006,茂達統一61購02,---,---,---,---,---,0
705007,智通*統一62購01,0.41,0.00,0.43,0.46,0.41,"125,000"
705008,湧德統一61購03,0.30,0.00,0.34,0.34,0.30,"20,000"
705009,穩懋統一72購03,1.84,+0.30,1.77,1.84,1.77,"150,000"
705010,穩懋統一72購04,1.60,+0.16,1.53,1.70,1.53,"32,000"
705011,鑫聯統一61購01,---,---,---,---,---,0
705012,台燿永豐5C購01,---,---,---,---,---,0
705013,台燿永豐61購01,---,---,---,---,---,0
705014,宏捷科永豐5A購01,0.65,+0.25,0.67,0.67,0.65,"116,000"
705015,穩懋永豐59購04,3.72,+1.07,3.72,3.72,3.72,"10,000"
705016,凡甲凱基58購01,---,---,---,---,---,0
705017,世界凱基58購03,---,---,---,---,---,0
705018,弘塑凱基58購04,---,---,---,---,---,0
705019,宏觀凱基58購01,---,---,---,---,---,0
705020,宜特凱基58購03,---,---,---,---,---,0
705021,茂迪凱基58購02,---,---,---,---,---,0
705022,智通*凱基58購03,---,---,---,---,---,0
705023,雙鴻凱基5C購01,0.77,+0.09,0.81,0.81,0.76,"392,000"
705024,台燿群益58購05,---,---,---,---,---,0
705026,宏觀群益58購01,---,---,---,---,---,0
705027,系統電群益5A購01,0.19,+0.06,0.20,0.20,0.19,"30,000"
705028,宜特群益5A購01,---,---,---,---,---,0
705029,金山電群益5A購01,---,---,---,---,---,0
705030,茂迪群益59購01,---,---,---,---,---,0
705031,訊聯群益5A購02,---,---,---,---,---,0
705032,鈊象群益58購01,---,---,---,---,---,0
705033,萬潤群益58購03,---,---,---,---,---,0
705034,精材群益5A購03,---,---,---,---,---,0
705036,鑫聯群益58購02,---,---,---,---,---,0
705037,台燿國票59購01,---,---,---,---,---,0
705038,宏觀國票5C購01,---,---,---,---,---,0
705039,青雲國票58購02,---,---,---,---,---,0
705040,青雲國票58購03,---,---,---,---,---,0
705041,茂迪國票59購01,---,---,---,---,---,0
705042,博大國票59購01,0.30,+0.08,0.30,0.30,0.30,"237,000"
705043,鑫聯國票59購02,0.64,+0.25,0.47,0.64,0.47,"2,308,000"
705044,山富國票59購01,---,---,---,---,---,0
705045,五福國票59購01,0.01,-0.01,0.01,0.01,0.01,"2,000,000"
705046,世界國票59購02,1.52,+0.33,1.52,1.52,1.52,"150,000"
705047,世界國票59購05,---,---,---,---,---,0
705048,系微國票59購01,0.25,+0.06,0.25,0.25,0.25,"11,000"
705049,宜鼎國票59購01,---,---,---,---,---,0
705050,茂迪國票59購02,0.03,+0.01,0.03,0.03,0.03,"40,000"
705051,精材國票59購02,---,---,---,---,---,0
705052,精測國票59購05,0.05,0.00,0.05,0.05,0.02,"16,000"
705053,精測國票59購06,---,---,---,---,---,0
705054,精測國票59購07,---,---,---,---,---,0
705055,宜鼎元大58購06,3.47,+0.91,3.47,3.47,3.47,"2,000"
705056,茂迪元大58購01,---,---,---,---,---,0
705057,精測元大58購02,---,---,---,---,---,0
705058,精測元大58購03,---,---,---,---,---,0
705059,雙鴻元大58購11,---,---,---,---,---,0
705060,雙鴻元大58購12,---,---,---,---,---,0
705062,穩懋元大58購05,---,---,---,---,---,0
705063,穩懋元大61購02,1.45,+0.32,1.46,1.46,1.43,"54,000"
705064,鑫聯元大58購02,---,---,---,---,---,0
705065,新應材台新58購01,---,---,---,---,---,0
705066,中光電凱基58購04,0.33,+0.20,0.33,0.33,0.33,"498,000"
705068,鈊象凱基58購02,---,---,---,---,---,0
705069,新鉅科凱基59購01,---,---,---,---,---,0
705070,新應材凱基58購05,---,---,---,---,---,0
705071,新應材凱基58購06,---,---,---,---,---,0
705072,新應材凱基5A購01,1.03,+0.27,0.90,1.03,0.86,"53,000"
705074,精測凱基58購03,---,---,---,---,---,0
705075,精測凱基58購04,---,---,---,---,---,0
705076,精測凱基58購05,---,---,---,---,---,0
705077,穩懋凱基59購07,1.80,-2.03,1.80,1.80,1.80,"10,000"
705078,鑫聯凱基58購02,0.47,+0.17,0.47,0.47,0.47,"1,000"
705079,弘塑群益58購02,---,---,---,---,---,0
705080,茂迪群益58購01,---,---,---,---,---,0
705081,閎康群益5A購01,---,---,---,---,---,0
705082,新應材群益58購03,---,---,---,---,---,0
705083,精測群益5A購01,0.10,+0.02,0.10,0.10,0.10,"22,000"
705084,精測群益62購03,0.62,-0.03,0.75,0.75,0.62,"275,000"
705085,茂迪國泰59購01,---,---,---,---,---,0
705086,新應材國泰59購01,---,---,---,---,---,0
705087,世界富邦5C購03,---,---,---,---,---,0
705088,新應材富邦59購01,---,---,---,---,---,0
705089,新應材富邦63購01,0.63,+0.30,0.63,0.63,0.63,"1,000"
705090,精測富邦5A購01,0.07,0.00,0.03,0.07,0.03,"640,000"
705091,正淩統一62購01,0.43,+0.07,0.43,0.43,0.43,"93,000"
705092,正淩統一65購01,0.41,+0.04,0.41,0.42,0.40,"213,000"
705093,宏觀統一72購01,---,---,---,---,---,0
705094,宜特統一62購01,---,---,---,---,---,0
705095,新復興統一62購01,0.10,0.00,0.10,0.10,0.10,"108,000"
705096,精測統一62購01,0.22,+0.02,0.23,0.23,0.22,"60,000"
705097,精測統一64購02,0.45,+0.04,0.46,0.50,0.45,"712,000"
705098,精測統一72購01,---,---,---,---,---,0
705099,雙鴻統一62購03,---,---,---,---,---,0
705100,鑫科統一62購01,---,---,---,---,---,0
705101,世界中信5B購01,---,---,---,---,---,0
705103,弘塑元富5A購02,2.50,-0.74,2.67,2.67,2.50,"2,000"
705104,茂迪元富58購02,---,---,---,---,---,0
705105,茂迪元富58購03,---,---,---,---,---,0
705106,精測元富58購01,---,---,---,---,---,0
705107,精測元富58購02,---,---,---,---,---,0
705108,精測元富5B購01,0.32,+0.10,0.32,0.32,0.32,"10,000"
705109,精測元富5B購02,---,---,---,---,---,0
705110,精測元富5B購03,---,---,---,---,---,0
705111,系統電永豐61購01,---,---,---,---,---,0
705112,茂迪永豐5A購01,---,---,---,---,---,0
705113,閎康永豐58購01,---,---,---,---,---,0
705114,新應材永豐61購01,1.81,+0.28,1.70,1.81,1.69,"16,000"
705115,雙鴻台新58購01,---,---,---,---,---,0
705116,弘塑凱基58購05,5.95,-0.80,5.95,5.95,5.95,"5,000"
705117,系統電凱基5A購02,---,---,---,---,---,0
705118,茂迪凱基58購03,---,---,---,---,---,0
705120,湧德凱基58購02,---,---,---,---,---,0
705121,閎康凱基59購01,---,---,---,---,---,0
705123,雙鴻凱基59購06,---,---,---,---,---,0
705124,訊聯國泰59購01,---,---,---,---,---,0
705125,博智富邦59購01,---,---,---,---,---,0
705126,大中統一62購01,1.47,+0.15,1.47,1.47,1.47,"5,000"
705127,宏觀統一72購02,---,---,---,---,---,0
705128,良維統一72購01,0.99,+0.01,1.00,1.00,0.99,"16,000"
705129,宜特統一72購01,0.74,+0.01,0.74,0.74,0.74,"5,000"
705130,長科*統一72購01,1.30,+0.08,1.31,1.32,1.30,"100,000"
705131,茂迪統一61購01,---,---,---,---,---,0
705132,茂迪統一72購02,0.48,+0.03,0.47,0.48,0.46,"3,000"
705133,博智統一62購01,---,---,---,---,---,0
705134,博智統一62購02,---,---,---,---,---,0
705135,穩懋統一72購05,1.53,+0.23,1.51,1.53,1.51,"50,000"
705136,鏵友益統一72購01,0.95,+0.04,0.94,0.95,0.94,"16,000"
705137,台燿中信5A購01,---,---,---,---,---,0
705138,良維中信5C購01,1.29,+0.17,1.29,1.29,1.29,"1,000"
705140,元太元富58購01,---,---,---,---,---,0
705141,新應材永豐58購01,---,---,---,---,---,0
705142,新應材永豐5B購01,---,---,---,---,---,0
705143,正淩國票5B購01,---,---,---,---,---,0
705144,岳豐國票59購01,0.04,-0.01,0.04,0.04,0.04,"100,000"
705145,長佳智國票59購01,---,---,---,---,---,0
705146,前鼎國票59購01,---,---,---,---,---,0
705147,崴寶國票59購01,0.38,+0.19,0.38,0.38,0.38,"1,000"
705148,廣明國票59購01,---,---,---,---,---,0
705149,德勝國票59購01,---,---,---,---,---,0
705150,加百裕元大58購02,0.65,+0.60,0.65,0.65,0.65,"1,000"
705152,宜特元大58購04,---,---,---,---,---,0
705153,宜鼎元大58購07,4.25,+0.40,4.25,4.25,4.25,"5,000"
705155,鈊象元大58購04,---,---,---,---,---,0
705156,鈊象元大58購05,---,---,---,---,---,0
705157,勤凱元大58購01,---,---,---,---,---,0
705159,雙鴻元大58購14,---,---,---,---,---,0
705160,雙鴻元大58購15,---,---,---,---,---,0
705161,雙鴻元大61購03,0.54,+0.07,0.54,0.54,0.54,"1,000"
705163,鑫聯元大58購03,---,---,---,---,---,0
705164,中光電群益58購05,---,---,---,---,---,0
705165,台燿群益58購06,31.80,+5.20,31.80,31.80,31.80,"1,000"
705167,茂迪台新58購01,---,---,---,---,---,0
705169,正淩凱基5B購01,0.42,+0.10,0.42,0.42,0.42,"5,000"
705170,均華凱基58購04,---,---,---,---,---,0
705171,系統電凱基61購01,0.56,+0.16,0.56,0.56,0.56,"10,000"
705173,宜鼎凱基59購04,---,---,---,---,---,0
705174,信立凱基58購01,---,---,---,---,---,0
705175,崴寶凱基59購01,0.04,-0.23,0.44,0.55,0.04,"34,000"
705176,鈊象凱基58購03,---,---,---,---,---,0
705177,新漢凱基58購01,---,---,---,---,---,0
705178,萬潤凱基58購03,---,---,---,---,---,0
705179,雙鴻凱基5C購02,---,---,---,---,---,0
705181,家登國泰59購01,1.70,+0.29,1.76,1.76,1.66,"68,000"
705182,雙鴻國泰59購02,---,---,---,---,---,0
705183,雙鴻國泰59購03,---,---,---,---,---,0
705184,中美晶富邦58購01,---,---,---,---,---,0
705185,弘塑富邦59購03,---,---,---,---,---,0
705186,閎康富邦5A購01,3.33,+0.80,3.20,3.33,3.20,"4,000"
705187,精材富邦58購01,---,---,---,---,---,0
705188,元太統一62購01,0.70,-0.01,0.76,0.76,0.70,"36,000"
705190,弘塑統一72購01,1.23,-0.14,1.45,1.46,1.23,"209,000"
705191,正淩統一72購01,0.58,+0.02,0.59,0.59,0.58,"110,000"
705192,沛亨統一72購01,1.47,+0.09,1.47,1.53,1.44,"436,000"
705193,宜鼎統一72購01,1.70,+0.16,1.65,1.74,1.65,"13,000"
705194,崴寶統一64購01,---,---,---,---,---,0
705195,崴寶統一72購01,---,---,---,---,---,0
705196,雙鴻統一72購01,0.63,+0.02,0.65,0.65,0.63,"37,000"
705197,鑫聯統一65購01,0.78,+0.10,0.73,0.78,0.73,"134,000"
705198,九豪國票58購01,---,---,---,---,---,0
705199,凡甲國票59購01,0.46,-0.02,0.54,0.54,0.46,"50,000"
705200,加百裕國票58購01,---,---,---,---,---,0
705201,加百裕國票59購01,0.05,+0.01,0.05,0.05,0.05,"10,000"
705202,匯鑽科國票58購02,---,---,---,---,---,0
705203,匯鑽科國票59購02,---,---,---,---,---,0
705204,鈺太國票58購01,---,---,---,---,---,0
705205,鑫聯國票59購03,1.35,+0.17,1.30,1.35,1.30,"360,000"
705206,九豪元大58購01,---,---,---,---,---,0
705207,茂迪元大58購02,---,---,---,---,---,0
705208,鈊象元大58購06,---,---,---,---,---,0
705209,雙鴻元大58購16,---,---,---,---,---,0
705210,雙鴻元大58購17,0.05,-0.08,0.06,0.06,0.05,"178,000"
705211,雙鴻元大58購18,---,---,---,---,---,0
705212,雙鴻元大5C購01,---,---,---,---,---,0
705213,雙鴻元大61購04,---,---,---,---,---,0
705214,神盾永豐5B購01,0.33,+0.05,0.33,0.33,0.33,"112,000"
705215,崴寶永豐5B購01,---,---,---,---,---,0
705216,雙鴻永豐61購01,---,---,---,---,---,0
705218,新應材元富58購01,---,---,---,---,---,0
705219,新應材元富58購02,---,---,---,---,---,0
705220,萬潤元富58購01,---,---,---,---,---,0
705221,雙鴻元富5A購04,---,---,---,---,---,0
705222,雙鴻元富5A購05,0.60,+0.04,0.60,0.60,0.60,"1,000"
705223,雙鴻元富5A購06,---,---,---,---,---,0
705224,穩懋元富5A購02,---,---,---,---,---,0
705225,穩懋元富5A購03,5.55,+1.67,5.15,5.55,5.15,"50,000"
705226,凡甲群益58購01,---,---,---,---,---,0
705230,雙鴻群益58購05,---,---,---,---,---,0
705231,雙鴻群益58購06,---,---,---,---,---,0
705233,力旺凱基58購02,---,---,---,---,---,0
705235,力旺凱基5B購01,---,---,---,---,---,0
705236,凡甲凱基59購01,0.50,+0.04,0.50,0.50,0.50,"70,000"
705237,東捷凱基58購01,---,---,---,---,---,0
705238,穩懋凱基61購01,2.90,+0.32,2.90,2.92,2.88,"40,000"
705239,鑫聯凱基58購03,0.60,+0.21,0.53,0.60,0.53,"2,000"
705241,力旺永豐59購01,2.27,+0.20,2.61,2.61,2.16,"4,000"
705242,宸曜永豐59購01,0.63,+0.27,0.37,0.63,0.37,"74,000"
705243,萬潤永豐62購01,---,---,---,---,---,0
705245,力旺元富58購02,1.57,+0.20,1.61,1.61,1.57,"100,000"
705246,力旺元富5A購01,4.13,+0.29,4.15,4.15,4.13,"120,000"
705247,系統電元富58購01,---,---,---,---,---,0
705248,新應材元富58購03,---,---,---,---,---,0
705249,力旺國泰59購01,---,---,---,---,---,0
705250,凡甲國泰59購02,---,---,---,---,---,0
705251,中美晶國泰59購01,---,---,---,---,---,0
705252,神盾國泰59購01,0.27,+0.09,0.27,0.27,0.27,"3,000"
705253,穩懋國泰59購01,---,---,---,---,---,0
705254,雙鴻富邦5A購02,0.19,+0.03,0.19,0.20,0.19,"436,000"
705255,雙鴻富邦5A購03,---,---,---,---,---,0
705257,力旺統一65購01,1.04,+0.06,1.11,1.11,1.03,"326,000"
705258,力旺統一72購01,1.16,+0.04,1.24,1.24,1.12,"718,000"
705259,凡甲統一72購01,0.70,0.00,0.70,0.70,0.70,"10,000"
705260,凡甲統一72購02,---,---,---,---,---,0
705261,元太統一62購02,0.62,0.00,0.63,0.65,0.62,"1,780,000"
705262,元太統一72購01,0.56,0.00,0.59,0.59,0.56,"65,000"
705263,弘塑統一72購02,1.20,-0.06,1.20,1.20,1.20,"14,000"
705264,正淩統一72購02,0.46,+0.03,0.46,0.46,0.46,"100,000"
705265,沛亨統一72購02,1.13,+0.19,1.15,1.15,1.13,"27,000"
705266,博智統一72購01,---,---,---,---,---,0
705267,閎康統一72購02,1.08,+0.16,1.08,1.08,1.08,"5,000"
705268,雙鴻統一62購04,0.30,+0.02,0.30,0.30,0.30,"2,000"
705269,穩懋統一65購02,1.30,+0.30,1.24,1.30,1.12,"88,000"
705272,世紀*國票59購02,---,---,---,---,---,0
705273,穩懋國票59購02,2.88,+1.03,2.88,2.88,2.88,"1,000"
705276,力旺群益5A購01,2.50,+0.13,2.81,2.81,2.38,"302,000"
705279,良維群益5C購01,---,---,---,---,---,0
705280,萬潤群益58購06,---,---,---,---,---,0
705281,雙鴻群益58購07,---,---,---,---,---,0
705282,力旺元大58購03,10.00,+1.00,10.00,10.00,10.00,"10,000"
705284,力旺元大5A購03,2.37,+0.15,2.55,2.59,2.37,"71,000"
705285,正淩元大58購01,---,---,---,---,---,0
705286,長科*元大58購02,---,---,---,---,---,0
705287,閎康元大58購02,---,---,---,---,---,0
705288,鈊象元大58購07,---,---,---,---,---,0
705289,鈊象元大5C購02,1.96,+0.02,1.96,1.96,1.96,"209,000"
705291,世紀*凱基59購01,---,---,---,---,---,0
705292,宏觀凱基5B購01,0.34,+0.03,0.35,0.35,0.34,"20,000"
705293,亞泰凱基58購01,---,---,---,---,---,0
705295,泰茂凱基58購01,---,---,---,---,---,0
705296,富喬凱基58購02,---,---,---,---,---,0
705297,富喬凱基58購03,---,---,---,---,---,0
705298,富喬凱基58購04,---,---,---,---,---,0
705299,閎康凱基58購02,---,---,---,---,---,0
705300,鈊象凱基61購01,---,---,---,---,---,0
705301,雙鴻凱基58購04,---,---,---,---,---,0
705302,雙鴻凱基59購07,---,---,---,---,---,0
705303,台星科富邦5A購01,0.90,+0.11,0.95,0.95,0.90,"148,000"
705304,台燿富邦5C購02,5.75,+0.87,5.75,5.75,5.75,"1,000"
705305,宏觀富邦5A購01,---,---,---,---,---,0
705306,良維富邦59購02,---,---,---,---,---,0
705307,富喬富邦5B購01,0.16,+0.03,0.19,0.20,0.16,"1,717,000"
705308,亞泰統一64購01,---,---,---,---,---,0
705309,亞泰統一72購01,1.80,+0.25,1.71,1.80,1.71,"8,000"
705310,博智統一72購02,0.82,+0.02,0.81,0.82,0.81,"2,000"
705311,富喬統一62購01,0.18,-0.15,0.25,0.25,0.18,"12,000"
705312,富喬統一62購02,0.22,-0.04,0.22,0.22,0.22,"100,000"
705313,精材統一65購01,2.34,+0.39,2.34,2.34,2.34,"90,000"
705314,精材統一72購01,1.25,+0.02,1.31,1.44,1.25,"57,000"
705315,鑫科統一72購02,0.52,+0.02,0.52,0.52,0.52,"2,000"
705316,沛亨國票59購02,1.80,+0.49,1.78,1.80,1.78,"100,000"
705318,宜鼎國票5A購01,---,---,---,---,---,0
705319,泰茂國票59購01,---,---,---,---,---,0
705320,泰茂國票59購02,---,---,---,---,---,0
705321,富強鑫國票59購01,0.26,+0.01,0.30,0.30,0.26,"54,000"
705322,富喬國票58購04,---,---,---,---,---,0
705323,富喬國票59購02,1.16,+0.10,1.16,1.16,1.16,"1,000"
705324,富喬國票5A購01,0.45,+0.18,0.40,0.47,0.40,"265,000"
705325,聚和國票59購01,0.52,+0.07,0.50,0.52,0.50,"1,000,000"
705327,富喬元大58購01,0.02,+0.01,0.02,0.02,0.02,"42,000"
705328,富喬元大58購02,0.02,+0.01,0.03,0.03,0.02,"110,000"
705329,富喬元大58購03,---,---,---,---,---,0
705330,富喬元大59購01,0.13,+0.06,0.13,0.13,0.13,"5,000"
705331,富喬元大5B購02,0.16,0.00,0.20,0.20,0.16,"105,000"
705332,鈊象元大58購08,2.36,-0.02,2.36,2.36,2.36,"50,000"
705333,鈊象元大5C購03,2.10,0.00,1.98,2.10,1.98,"40,000"
705335,穩懋元大58購06,---,---,---,---,---,0
705337,穩懋元大61購04,1.80,+0.39,1.73,1.81,1.73,"18,000"
705338,富喬群益58購01,---,---,---,---,---,0
705339,富喬群益58購02,---,---,---,---,---,0
705340,富喬群益59購01,0.11,+0.08,0.11,0.11,0.11,"15,000"
705341,富喬群益5A購01,0.17,-0.05,0.17,0.17,0.17,"20,000"
705342,世紀*永豐58購01,---,---,---,---,---,0
705343,弘塑永豐5B購01,---,---,---,---,---,0
705344,富喬永豐58購04,0.03,+0.01,0.03,0.03,0.02,"235,000"
705345,富喬永豐58購05,0.01,0.00,0.01,0.01,0.01,"62,000"
705346,富喬永豐5A購02,0.15,+0.03,0.16,0.17,0.15,"58,000"
705347,富喬永豐61購01,0.37,-0.12,0.36,0.37,0.36,"184,000"
705348,富喬永豐65購01,0.51,-0.07,0.58,0.58,0.51,"63,000"
705349,雙鴻永豐5B購01,0.33,+0.06,0.30,0.34,0.30,"389,000"
705350,亞泰元富58購01,---,---,---,---,---,0
705351,久元凱基58購01,---,---,---,---,---,0
705352,台特化凱基58購02,---,---,---,---,---,0
705353,台特化凱基58購03,---,---,---,---,---,0
705354,湧德凱基58購03,---,---,---,---,---,0
705355,萬潤凱基58購04,12.50,-7.30,12.50,12.50,12.50,"1,000"
705356,穩懋凱基58購04,---,---,---,---,---,0
705357,穩懋凱基61購02,5.85,-1.35,5.85,5.85,5.85,"5,000"
705358,良維兆豐5A購01,0.64,-0.07,0.64,0.64,0.64,"10,000"
705360,中美晶元大5B購01,---,---,---,---,---,0
705362,世紀*元大58購04,---,---,---,---,---,0
705363,宏觀元大58購03,---,---,---,---,---,0
705364,臺慶科元大58購01,---,---,---,---,---,0
705365,雙鴻元大5B購02,0.54,+0.02,0.54,0.54,0.54,"5,000"
705366,雙鴻元大5C購02,---,---,---,---,---,0
705367,穩懋元大58購08,0.80,+0.34,0.80,0.80,0.80,"1,000"
705368,穩懋元大58購09,---,---,---,---,---,0
705369,穩懋元大58購10,0.44,+0.20,0.44,0.44,0.44,"1,000"
705370,穩懋元大61購05,2.00,+0.34,1.50,2.00,1.50,"22,000"
705371,穩懋富邦59購04,---,---,---,---,---,0
705372,力致統一64購01,0.33,0.00,0.34,0.34,0.33,"150,000"
705373,凡甲統一61購01,---,---,---,---,---,0
705374,元太統一72購02,0.74,+0.05,0.74,0.74,0.73,"170,000"
705375,台燿統一62購02,6.70,+0.75,6.70,6.70,6.70,"2,000"
705376,正基統一64購01,---,---,---,---,---,0
705377,兆利統一64購01,---,---,---,---,---,0
705378,宏捷科統一61購04,0.45,+0.05,0.47,0.48,0.45,"668,000"
705379,沛亨統一68購01,0.95,+0.08,0.94,0.99,0.94,"36,000"
705380,系統電統一5C購02,0.24,+0.02,0.24,0.24,0.24,"50,000"
705381,系微統一64購01,0.64,+0.03,0.69,0.69,0.64,"9,000"
705382,亞泰統一72購02,2.08,+0.18,2.08,2.08,2.08,"15,000"
705383,宜特統一65購01,0.63,+0.06,0.63,0.63,0.63,"11,000"
705384,東捷統一72購01,---,---,---,---,---,0
705385,前鼎統一72購01,---,---,---,---,---,0
705386,茂達統一72購01,0.91,+0.01,0.95,0.95,0.91,"65,000"
705387,原相統一64購01,0.51,+0.04,0.52,0.52,0.51,"217,000"
705388,能率統一72購01,0.57,+0.10,0.56,0.57,0.56,"13,000"
705389,富強鑫統一72購01,0.65,+0.03,0.66,0.66,0.63,"25,000"
705390,新漢統一64購02,0.36,+0.07,0.34,0.36,0.34,"15,000"
705391,新漢統一72購01,0.48,+0.06,0.46,0.48,0.46,"12,000"
705392,萬潤統一62購01,3.55,-0.09,3.64,3.64,3.55,"27,000"
705393,鈺太統一64購01,0.59,+0.08,0.57,0.59,0.57,"239,000"
705394,精材統一5C購02,---,---,---,---,---,0
705395,聚和統一64購01,0.51,+0.03,0.50,0.51,0.50,"332,000"
705396,廣明統一72購01,0.25,+0.02,0.25,0.25,0.25,"2,000"
705397,穩得統一72購01,---,---,---,---,---,0
705398,穩懋統一61購06,1.20,+0.27,1.20,1.20,1.20,"5,000"
705399,穩懋統一62購01,1.20,+0.34,1.05,1.20,0.83,"323,000"
705400,穩懋統一62購02,1.50,+0.47,1.31,1.50,1.31,"29,000"
705401,穩懋統一62購03,1.17,+0.31,0.90,1.18,0.90,"18,000"
705402,耀勝統一64購01,---,---,---,---,---,0
705403,耀勝統一72購01,---,---,---,---,---,0
705404,鑫科統一72購03,---,---,---,---,---,0
705405,正基國票59購01,0.11,+0.03,0.11,0.11,0.11,"100,000"
705406,昱展國票59購02,---,---,---,---,---,0
705408,台星科永豐58購01,---,---,---,---,---,0
705409,台星科永豐59購01,---,---,---,---,---,0
705410,沛亨永豐5B購01,1.30,+0.12,1.35,1.39,1.30,"127,000"
705411,良維永豐59購01,---,---,---,---,---,0
705412,萬潤永豐59購01,---,---,---,---,---,0
705413,鉅橡永豐5A購02,---,---,---,---,---,0
705415,鑫科永豐59購01,---,---,---,---,---,0
705416,台星科元富58購01,---,---,---,---,---,0
705417,茂迪元富58購04,---,---,---,---,---,0
705418,新應材元富58購05,---,---,---,---,---,0
705419,鉅橡元富58購01,---,---,---,---,---,0
705421,穩懋元富58購02,1.55,+0.68,1.55,1.55,1.55,"1,000"
705422,大中群益59購02,---,---,---,---,---,0
705423,台特化群益58購03,---,---,---,---,---,0
705425,翔名群益59購01,---,---,---,---,---,0
705426,勤凱群益5A購01,---,---,---,---,---,0
705427,新應材群益58購05,---,---,---,---,---,0
705428,萬潤群益59購01,---,---,---,---,---,0
705429,德微群益58購01,---,---,---,---,---,0
705430,穩懋群益58購04,---,---,---,---,---,0
705431,世界台新59購01,0.96,+0.02,1.23,1.36,0.96,"208,000"
705432,中光電凱基59購02,---,---,---,---,---,0
705433,中美晶凱基5C購01,---,---,---,---,---,0
705434,世界凱基59購02,---,---,---,---,---,0
705435,世界凱基59購03,---,---,---,---,---,0
705436,世紀*凱基59購02,---,---,---,---,---,0
705437,弘塑凱基5C購01,5.30,-1.00,6.90,6.90,5.30,"15,000"
705438,沛亨凱基5A購01,1.75,+0.27,1.75,1.91,1.72,"161,000"
705439,信驊凱基5A購03,7.10,+0.50,7.55,7.55,7.10,"22,000"
705440,前鼎凱基59購01,---,---,---,---,---,0
705441,雙鴻凱基59購08,---,---,---,---,---,0
705442,台特化兆豐5B購01,---,---,---,---,---,0
705443,新應材兆豐5B購01,0.21,+0.03,0.22,0.22,0.21,"11,000"
705444,良維國票62購01,---,---,---,---,---,0
705445,東浦國票5A購01,0.44,+0.01,0.44,0.44,0.44,"2,000"
705446,信驊國票62購01,5.30,+0.47,5.35,5.50,5.05,"213,000"
705447,博智國票5A購01,---,---,---,---,---,0
705448,萬潤國票5A購01,---,---,---,---,---,0
705449,鉅橡國票5B購01,---,---,---,---,---,0
705450,鈺太國票59購01,---,---,---,---,---,0
705451,穩懋國票5A購03,1.60,+0.75,1.40,1.60,1.40,"3,000"
705452,世界國泰5A購01,---,---,---,---,---,0
705453,宏捷科國泰5A購01,---,---,---,---,---,0
705455,世界群益5B購02,---,---,---,---,---,0
705456,宏捷科群益59購01,---,---,---,---,---,0
705457,宏捷科群益5A購01,---,---,---,---,---,0
705458,良維群益5B購01,---,---,---,---,---,0
705459,信驊群益59購03,4.00,+1.00,3.83,4.02,3.32,"53,000"
705460,信驊群益5B購04,---,---,---,---,---,0
705461,湧德群益61購01,0.41,+0.05,0.41,0.41,0.41,"236,000"
705462,順達群益5B購01,---,---,---,---,---,0
705463,穩懋群益59購03,---,---,---,---,---,0
705464,耀勝群益59購01,---,---,---,---,---,0
705466,世界元大59購03,---,---,---,---,---,0
705467,協易機元大59購01,---,---,---,---,---,0
705468,信昌電元大59購01,---,---,---,---,---,0
705469,創惟元大59購01,---,---,---,---,---,0
705471,新復興元大59購01,---,---,---,---,---,0
705472,臺慶科元大59購01,0.68,+0.05,0.68,0.68,0.68,"1,000"
705473,德微元大59購01,1.33,+0.35,1.33,1.33,1.33,"1,000"
705474,雙鴻元大59購02,---,---,---,---,---,0
705475,雙鴻元大5C購03,0.87,+0.01,0.87,0.89,0.87,"98,000"
705476,雙鴻元大61購05,0.71,+0.05,0.71,0.71,0.71,"2,000"
705477,台特化統一63購02,---,---,---,---,---,0
705478,台特化統一73購01,0.50,+0.05,0.50,0.50,0.50,"5,000"
705479,良維統一61購01,---,---,---,---,---,0
705480,良維統一63購01,0.52,-0.02,0.56,0.56,0.52,"177,000"
705481,亞泰統一62購01,2.30,+0.51,2.18,2.30,2.18,"4,000"
705482,信昌電統一61購04,---,---,---,---,---,0
705483,新應材統一62購02,0.27,-0.13,0.28,0.37,0.27,"392,000"
705484,萬潤統一62購02,---,---,---,---,---,0
705485,萬潤統一73購01,3.31,+0.11,3.29,3.39,3.24,"48,000"
705486,德微統一63購01,---,---,---,---,---,0
705487,穩懋統一66購01,1.00,+0.28,0.85,1.00,0.77,"525,000"
705488,穩懋統一73購01,1.28,+0.23,1.19,1.28,1.19,"47,000"
705489,穩懋統一73購02,1.23,+0.15,1.19,1.31,1.15,"100,000"
705490,世界永豐59購03,---,---,---,---,---,0
705491,世界永豐5A購02,---,---,---,---,---,0
705492,世界永豐5B購02,5.40,+0.84,5.40,5.40,5.40,"3,000"
705494,台特化永豐5B購01,0.09,+0.03,0.09,0.09,0.09,"200,000"
705496,光頡永豐5A購01,0.50,+0.21,0.50,0.50,0.50,"1,000"
705497,宜鼎永豐5A購02,3.22,+0.44,3.22,3.22,3.22,"20,000"
705500,原相永豐5B購01,1.23,+0.23,1.24,1.24,1.23,"32,000"
705501,新復興永豐59購01,---,---,---,---,---,0
705502,萬潤永豐5B購01,---,---,---,---,---,0
705503,德微永豐5A購01,---,---,---,---,---,0
705504,雙鴻永豐5C購01,0.63,+0.07,0.65,0.65,0.63,"12,000"
705505,穩懋永豐5A購03,1.00,+0.40,0.70,1.20,0.70,"208,000"
705506,台星科元富59購01,1.98,+0.43,1.98,1.98,1.98,"20,000"
705507,宏捷科元富59購02,---,---,---,---,---,0
705508,宜特元富5A購01,---,---,---,---,---,0
705509,信驊元富5A購04,---,---,---,---,---,0
705510,茂迪元富59購01,0.10,0.00,0.10,0.10,0.10,"100,000"
705511,順達元富59購01,---,---,---,---,---,0
705512,萬泰科元富59購01,---,---,---,---,---,0
705513,萬泰科元富59購02,---,---,---,---,---,0
705515,穩懋元富59購02,1.50,+0.66,1.29,1.50,1.29,"50,000"
705516,穩懋元富59購03,0.46,+0.26,0.38,0.46,0.38,"13,000"
705517,台特化台新59購01,---,---,---,---,---,0
705519,均華兆豐63購01,---,---,---,---,---,0
705520,宜鼎兆豐63購01,4.41,+0.33,4.40,4.47,4.40,"58,000"
705521,順達兆豐5B購01,0.86,+0.04,0.86,0.86,0.86,"10,000"
705522,雙鴻兆豐5B購01,0.12,+0.02,0.12,0.12,0.12,"3,000"
705523,中探針凱基59購03,3.27,+0.96,3.80,3.81,3.27,"33,000"
705524,宏捷科凱基59購02,---,---,---,---,---,0
705525,良維凱基5B購02,---,---,---,---,---,0
705526,鈊象凱基59購01,---,---,---,---,---,0
705527,萬潤凱基5B購01,14.20,-0.90,14.20,14.20,14.20,"3,000"
705529,環球晶凱基59購03,---,---,---,---,---,0
705530,環球晶凱基59購04,---,---,---,---,---,0
705531,環球晶凱基59購05,---,---,---,---,---,0
705532,環球晶凱基59購06,---,---,---,---,---,0
705533,雙鴻凱基59購09,---,---,---,---,---,0
705534,雙鴻凱基5B購01,---,---,---,---,---,0
705535,穩懋凱基59購09,0.47,+0.15,0.60,0.60,0.47,"40,000"
705536,穩懋凱基59購10,0.11,-0.48,0.11,0.11,0.11,"10,000"
705537,穩懋凱基59購11,---,---,---,---,---,0
705539,中探針元大5A購02,2.06,+0.66,1.98,2.06,1.70,"6,000"
705540,沛亨元大59購01,---,---,---,---,---,0
705541,茂迪元大59購01,---,---,---,---,---,0
705544,萬潤元大5B購01,---,---,---,---,---,0
705545,德微元大59購02,2.45,+0.72,2.45,2.45,2.45,"1,000"
705546,雙鴻元大59購03,---,---,---,---,---,0
705547,雙鴻元大59購04,---,---,---,---,---,0
705548,雙鴻元大61購06,---,---,---,---,---,0
705549,穩懋元大59購06,0.67,+0.28,0.67,0.67,0.67,"2,000"
705550,穩懋元大59購07,0.44,+0.15,0.44,0.45,0.44,"11,000"
705551,穩懋元大5A購03,1.65,+0.50,1.20,1.65,1.20,"69,000"
705552,穩懋元大5B購04,1.69,+0.47,1.69,1.69,1.69,"1,000"
705553,穩懋元大5C購04,1.72,+0.18,1.79,1.79,1.72,"47,000"
705554,宜鼎富邦5C購02,2.00,+0.40,1.79,2.00,1.79,"81,000"
705555,中探針永豐5C購01,3.00,+0.52,2.99,3.00,2.99,"7,000"
705556,正基永豐5A購01,---,---,---,---,---,0
705557,茂迪永豐5C購01,---,---,---,---,---,0
705558,神盾永豐5C購01,---,---,---,---,---,0
705559,博智永豐5B購01,---,---,---,---,---,0
705560,萬潤永豐5C購01,2.55,+0.05,2.66,2.90,2.55,"37,000"
705562,環球晶永豐5B購01,---,---,---,---,---,0
705563,雙鴻永豐59購03,---,---,---,---,---,0
705564,雙鴻永豐5A購03,---,---,---,---,---,0
705565,穩懋永豐5C購02,1.02,+0.27,1.10,1.16,0.87,"658,000"
705566,耀勝永豐5C購01,---,---,---,---,---,0
705567,宏觀國泰5A購01,---,---,---,---,---,0
705568,沛亨國泰5A購01,2.19,+0.30,2.20,2.20,2.17,"50,000"
705569,宜鼎國泰5A購01,---,---,---,---,---,0
705570,世界凱基5C購01,---,---,---,---,---,0
705571,弘塑凱基59購03,1.57,-0.90,1.54,1.57,1.54,"53,000"
705572,旺矽凱基5A購02,13.00,+2.10,13.00,13.00,13.00,"1,000"
705574,矽科凱基59購01,---,---,---,---,---,0
705575,原相凱基5B購01,---,---,---,---,---,0
705576,聖暉*凱基59購02,---,---,---,---,---,0
705577,鉅橡凱基5B購01,---,---,---,---,---,0
705578,鈺太凱基59購01,---,---,---,---,---,0
705580,宏觀永豐5A購01,---,---,---,---,---,0
705581,良維永豐5B購01,---,---,---,---,---,0
705583,旺矽永豐5A購01,---,---,---,---,---,0
705584,旺矽永豐5B購01,---,---,---,---,---,0
705585,博磊永豐5A購01,2.36,+0.41,2.46,2.60,2.30,"79,000"
705586,群翊永豐59購01,---,---,---,---,---,0
705587,精材永豐5B購01,---,---,---,---,---,0
705588,精星永豐59購01,---,---,---,---,---,0
705589,鏵友益永豐5C購01,---,---,---,---,---,0
705590,鑫聯永豐5C購01,---,---,---,---,---,0
705591,凡甲元大59購01,---,---,---,---,---,0
705592,均華元大59購01,---,---,---,---,---,0
705593,旺矽元大59購03,---,---,---,---,---,0
705594,旺矽元大59購04,8.20,+1.20,8.20,8.20,8.20,"10,000"
705595,閎康元大59購01,1.18,+0.47,1.18,1.18,1.18,"40,000"
705596,鈺太元大59購01,0.37,+0.15,0.19,0.37,0.19,"308,000"
705597,雙鴻元大59購05,---,---,---,---,---,0
705598,雙鴻元大59購06,---,---,---,---,---,0
705599,雙鴻元大61購07,---,---,---,---,---,0
705600,凡甲國泰5A購01,---,---,---,---,---,0
705601,旺矽國泰5A購01,---,---,---,---,---,0
705602,鑫聯國泰5A購01,---,---,---,---,---,0
705603,元太國票5A購01,0.51,0.00,0.51,0.51,0.51,"100,000"
705604,良維國票67購01,1.56,+0.03,1.69,1.69,1.56,"54,000"
705605,亞信國票5A購01,---,---,---,---,---,0
705606,旺矽國票61購01,---,---,---,---,---,0
705608,是方國票5A購01,---,---,---,---,---,0
705610,精材國票5C購01,4.72,+0.41,4.66,5.55,4.58,"73,000"
705611,雙鴻國票5C購01,---,---,---,---,---,0
705612,中光電群益59購01,0.06,+0.02,0.06,0.06,0.06,"7,000"
705613,中美晶群益59購01,---,---,---,---,---,0
705614,弘塑群益5A購02,---,---,---,---,---,0
705615,正基群益5A購01,---,---,---,---,---,0
705616,宏捷科群益5A購02,0.32,+0.05,0.32,0.32,0.32,"1,000"
705617,良維群益5B購02,---,---,---,---,---,0
705618,亞信群益59購01,---,---,---,---,---,0
705619,亞信群益5A購01,---,---,---,---,---,0
705620,宜鼎群益5A購01,---,---,---,---,---,0
705621,旺矽群益5B購01,---,---,---,---,---,0
705622,順達群益5A購01,---,---,---,---,---,0
705625,環球晶群益59購03,---,---,---,---,---,0
705626,環球晶群益59購04,11.50,+0.30,11.50,11.50,11.50,"1,000"
705627,環球晶群益5A購01,---,---,---,---,---,0
705628,雙鴻群益59購02,---,---,---,---,---,0
705629,雙鴻群益59購03,---,---,---,---,---,0
705630,旺矽兆豐5B購01,---,---,---,---,---,0
705631,大綜永豐5A購01,1.35,+0.57,1.25,1.35,1.25,"200,000"
705632,茂迪永豐59購01,---,---,---,---,---,0
705633,順達永豐5B購01,---,---,---,---,---,0
705634,新復興永豐5B購01,---,---,---,---,---,0
705635,穩得永豐59購01,---,---,---,---,---,0
705636,大宇資群益59購02,---,---,---,---,---,0
705637,系統電群益5A購02,---,---,---,---,---,0
705638,宜鼎群益5B購01,3.72,+0.57,3.58,3.72,3.58,"30,000"
705640,旺矽群益59購03,---,---,---,---,---,0
705641,前鼎群益59購01,---,---,---,---,---,0
705642,茂迪群益59購02,---,---,---,---,---,0
705643,茂迪群益5A購01,---,---,---,---,---,0
705644,原相群益5C購01,0.66,+0.06,0.66,0.66,0.66,"2,000"
705646,鉅橡群益59購01,---,---,---,---,---,0
705647,台特化凱基59購02,---,---,---,---,---,0
705648,正基凱基5A購01,---,---,---,---,---,0
705649,印能凱基59購01,8.10,+0.30,8.10,8.10,8.10,"5,000"
705650,印能凱基59購02,---,---,---,---,---,0
705652,宜鼎凱基5A購03,5.40,+0.84,5.40,5.60,5.15,"79,000"
705653,前鼎凱基5A購01,---,---,---,---,---,0
705654,茂迪凱基59購02,---,---,---,---,---,0
705656,鉅橡凱基5A購01,---,---,---,---,---,0
705657,巨漢元大59購01,---,---,---,---,---,0
705659,印能元大5C購01,---,---,---,---,---,0
705661,茂迪元大59購04,0.10,0.00,0.10,0.10,0.10,"1,000"
705662,茂迪元大59購05,---,---,---,---,---,0
705664,閎康元大59購02,1.00,+0.48,1.00,1.00,1.00,"6,000"
705665,環球晶元大61購01,---,---,---,---,---,0
705666,鑫聯元大61購01,---,---,---,---,---,0
705667,萬泰科國泰5A購01,---,---,---,---,---,0
705668,鉅橡國泰5A購01,---,---,---,---,---,0
705671,鈊象富邦5B購01,0.98,+0.05,1.00,1.00,0.97,"39,000"
705672,聖暉*富邦5B購01,1.50,+0.19,1.55,1.58,1.50,"110,000"
705673,精材富邦59購01,---,---,---,---,---,0
705674,環球晶富邦5C購01,---,---,---,---,---,0
705675,雙鴻富邦5C購01,---,---,---,---,---,0
705676,雙鴻富邦5C購02,---,---,---,---,---,0
705677,譜瑞富邦5C購01,2.89,-0.03,2.18,2.89,2.18,"2,000"
705678,九豪國票59購01,---,---,---,---,---,0
705679,九豪國票5A購01,---,---,---,---,---,0
705680,正基國票5A購01,0.05,+0.01,0.05,0.05,0.05,"5,000"
705681,沛亨國票5A購01,---,---,---,---,---,0
705682,宜鼎國票5A購02,5.60,+0.84,6.05,6.05,5.40,"24,000"
705683,岳豐國票5A購01,0.04,0.00,0.04,0.04,0.04,"74,000"
705684,茂迪國票5A購01,---,---,---,---,---,0
705685,茂迪國票5A購02,---,---,---,---,---,0
705686,晟德國票5A購01,---,---,---,---,---,0
705688,博智國票59購03,---,---,---,---,---,0
705689,華義國票5A購01,---,---,---,---,---,0
705690,僑威國票5A購01,---,---,---,---,---,0
705691,聚和國票5A購01,---,---,---,---,---,0
705692,臺慶科國票5A購02,0.41,-0.02,0.45,0.45,0.41,"51,000"
705693,雙鴻台新59購01,---,---,---,---,---,0
705694,正基凱基5A購02,---,---,---,---,---,0
705695,前鼎凱基59購02,0.38,-0.66,2.69,2.69,0.38,"30,000"
705696,國金10凱基59購01,---,---,---,---,---,0
705697,新復興凱基5B購01,---,---,---,---,---,0
705698,鉅橡凱基5A購02,---,---,---,---,---,0
705699,聚和凱基5A購01,0.61,+0.06,0.63,0.63,0.61,"150,000"
705701,正基國票5B購01,---,---,---,---,---,0
705702,宏捷科國票62購01,0.42,+0.07,0.42,0.42,0.42,"36,000"
705703,亞泰國票59購01,---,---,---,---,---,0
705704,昱展國票5A購01,---,---,---,---,---,0
705705,新復興國票5B購01,---,---,---,---,---,0
705706,萬泰科國票5A購01,---,---,---,---,---,0
705707,德勝國票5A購01,---,---,---,---,---,0
705708,正基國泰5A購01,0.05,+0.02,0.05,0.05,0.05,"7,000"
705709,勤凱國泰5A購01,---,---,---,---,---,0
705711,台特化元大5C購01,0.25,+0.04,0.24,0.26,0.24,"165,000"
705712,台燿元大61購03,10.50,+1.75,10.50,10.50,10.50,"1,000"
705713,弘塑元大59購04,---,---,---,---,---,0
705714,正基元大59購01,---,---,---,---,---,0
705715,正基元大59購02,---,---,---,---,---,0
705716,正基元大59購03,---,---,---,---,---,0
705717,印能元大59購02,---,---,---,---,---,0
705718,宜鼎元大5C購04,---,---,---,---,---,0
705719,宜鼎元大61購02,---,---,---,---,---,0
705720,旺矽元大59購05,---,---,---,---,---,0
705721,新復興元大59購02,---,---,---,---,---,0
705722,新復興元大59購03,---,---,---,---,---,0
705723,新復興元大59購04,---,---,---,---,---,0
705724,新復興元大59購05,0.11,+0.01,0.11,0.11,0.11,"1,000"
705725,環球晶元大59購01,---,---,---,---,---,0
705726,雙鴻元大61購08,0.76,-0.01,0.74,0.76,0.74,"65,000"
705727,九豪群益5A購01,---,---,---,---,---,0
705728,台特化群益62購01,---,---,---,---,---,0
705729,正基群益5A購02,---,---,---,---,---,0
705730,印能群益59購01,---,---,---,---,---,0
705731,宏捷科群益59購02,---,---,---,---,---,0
705732,宏捷科群益59購03,---,---,---,---,---,0
705733,宜特群益5B購01,---,---,---,---,---,0
705734,新復興群益59購01,---,---,---,---,---,0
705735,鑫聯群益59購01,---,---,---,---,---,0
705736,正基永豐5B購01,---,---,---,---,---,0
705737,印能永豐5C購01,---,---,---,---,---,0
705738,宏捷科永豐59購01,---,---,---,---,---,0
705739,系統電永豐64購01,---,---,---,---,---,0
705740,陽程永豐5A購01,3.33,+0.60,3.33,3.33,3.33,"12,000"
705741,正淩元富59購01,---,---,---,---,---,0
705742,穩得元富59購01,---,---,---,---,---,0
705744,台特化凱基59購03,---,---,---,---,---,0
705747,宏捷科凱基59購03,---,---,---,---,---,0
705748,亞信凱基59購01,---,---,---,---,---,0
705749,宜特凱基59購02,1.40,0.00,1.59,1.59,1.40,"300,000"
705753,晟德凱基5A購01,---,---,---,---,---,0
705754,精材凱基61購01,---,---,---,---,---,0
705755,雙鴻凱基5C購03,0.76,+0.08,0.83,0.83,0.75,"228,000"
705757,世界元大59購05,---,---,---,---,---,0
705758,世界元大5C購01,2.37,+0.31,2.38,2.38,2.37,"23,000"
705759,台特化元大5C購02,0.15,+0.03,0.15,0.15,0.15,"20,000"
705762,宏捷科元大59購01,---,---,---,---,---,0
705763,良維元大59購02,0.20,+0.02,0.20,0.20,0.20,"10,000"
705764,良維元大59購03,0.39,0.00,0.46,0.46,0.39,"60,000"
705766,前鼎元大59購01,---,---,---,---,---,0
705768,新應材元大59購01,0.17,+0.07,0.14,0.17,0.14,"2,000"
705769,新應材元大5A購01,---,---,---,---,---,0
705770,新應材元大61購01,---,---,---,---,---,0
705771,環球晶元大59購02,---,---,---,---,---,0
705773,雙鴻元大59購07,0.53,+0.03,0.47,0.53,0.47,"100,000"
705774,雙鴻元大61購09,---,---,---,---,---,0
705775,宜特國票5A購02,---,---,---,---,---,0
705776,前鼎國票5B購01,---,---,---,---,---,0
705777,閎康國票5A購01,---,---,---,---,---,0
705778,鈊象國票5A購01,1.02,+0.12,1.01,1.02,1.01,"15,000"
705779,榮剛國票5A購01,---,---,---,---,---,0
705780,鏵友益國票59購01,---,---,---,---,---,0
705781,鏵友益國票5B購01,0.79,+0.04,0.82,0.84,0.79,"80,000"
705782,鑫聯國票5A購01,1.46,+0.27,1.45,1.46,1.45,"40,000"
705783,良維中信61購01,0.70,0.00,0.76,0.76,0.70,"168,000"
705784,環球晶中信59購01,6.50,+0.50,6.50,6.50,6.50,"1,000"
705785,新應材永豐63購01,0.98,+0.08,0.98,0.98,0.95,"7,000"
705786,中美晶元富59購01,---,---,---,---,---,0
705787,世界元富59購01,---,---,---,---,---,0
705790,印能元富59購02,---,---,---,---,---,0
705791,宏捷科元富5C購01,---,---,---,---,---,0
705792,新漢元富59購01,---,---,---,---,---,0
705793,聚和元富59購01,---,---,---,---,---,0
705794,聚和元富59購02,---,---,---,---,---,0
705795,廣明元富59購01,---,---,---,---,---,0
705796,廣運元富59購02,---,---,---,---,---,0
705797,雙鴻元富59購02,---,---,---,---,---,0
705798,雙鴻元富59購03,---,---,---,---,---,0
705799,雙鴻元富59購04,---,---,---,---,---,0
705800,大綜統一73購01,0.90,+0.13,0.80,0.90,0.80,"180,000"
705801,印能統一62購01,---,---,---,---,---,0
705802,旺矽統一63購03,---,---,---,---,---,0
705803,前鼎統一62購01,---,---,---,---,---,0
705804,環球晶統一63購01,5.30,+0.42,5.30,5.30,5.30,"1,000"
705805,環球晶統一63購02,2.50,-0.45,3.08,3.08,2.50,"52,000"
705806,環球晶統一73購01,2.30,-0.32,2.68,2.68,2.30,"14,000"
705807,環球晶統一73購02,1.88,-0.22,2.22,2.22,1.87,"836,000"
705808,前鼎國泰5A購01,---,---,---,---,---,0
705809,元太國票5A購02,1.74,+0.25,1.74,1.74,1.74,"30,000"
705810,岳豐國票5A購02,---,---,---,---,---,0
705811,長佳智國票5A購01,0.18,0.00,0.18,0.18,0.18,"161,000"
705812,前鼎國票61購01,---,---,---,---,---,0
705813,晟德國票5A購02,---,---,---,---,---,0
705814,精星國票5A購01,0.08,-0.01,0.09,0.09,0.08,"75,000"
705815,優群國票59購01,---,---,---,---,---,0
705817,台特化中信59購01,---,---,---,---,---,0
705818,凡甲永豐5B購01,---,---,---,---,---,0
705819,台星科永豐5C購01,1.04,+0.05,1.06,1.12,1.04,"164,000"
705820,宜特永豐5C購01,0.57,+0.03,0.61,0.61,0.57,"150,000"
705823,前鼎永豐5C購01,---,---,---,---,---,0
705824,能率永豐5C購01,0.65,+0.19,0.54,0.65,0.54,"91,000"
705825,順達永豐59購02,---,---,---,---,---,0
705826,順達永豐61購01,2.42,-0.03,2.42,2.42,2.42,"4,000"
705827,良維兆豐5B購01,---,---,---,---,---,0
705828,雙鴻兆豐5B購02,---,---,---,---,---,0
705829,天品元富59購01,0.46,+0.03,0.47,0.47,0.46,"16,000"
705830,台燿元富59購01,---,---,---,---,---,0
705831,弘塑元富59購02,2.27,-0.20,2.27,2.27,2.27,"1,000"
705832,系統電元富59購02,---,---,---,---,---,0
705833,旺矽元富59購01,---,---,---,---,---,0
705835,旺矽元富59購03,---,---,---,---,---,0
705837,信驊元富59購05,---,---,---,---,---,0
705838,信驊元富59購06,---,---,---,---,---,0
705839,新應材元富59購01,---,---,---,---,---,0
705841,元太元大5B購01,---,---,---,---,---,0
705842,世界元大59購06,---,---,---,---,---,0
705843,台特化元大59購02,---,---,---,---,---,0
705844,台特化元大59購03,---,---,---,---,---,0
705845,信驊元大5C購01,9.65,+0.15,9.65,9.65,9.65,"4,000"
705846,新應材元大5A購02,---,---,---,---,---,0
705847,新應材元大61購02,---,---,---,---,---,0
705848,臺慶科元大59購02,---,---,---,---,---,0
705849,優群元大59購01,---,---,---,---,---,0
705851,雙鴻元大59購08,0.36,+0.04,0.39,0.39,0.36,"707,000"
705852,雙鴻元大59購09,---,---,---,---,---,0
705853,雙鴻元大61購10,0.80,+0.12,0.80,0.80,0.80,"2,000"
705854,台特化統一63購03,0.21,+0.02,0.21,0.21,0.21,"120,000"
705855,弘塑統一73購01,---,---,---,---,---,0
705856,印能統一73購01,---,---,---,---,---,0
705857,沛亨統一73購01,0.88,+0.06,0.88,0.92,0.86,"119,000"
705858,良維統一73購01,0.37,0.00,0.38,0.38,0.37,"555,000"
705859,旺矽統一73購01,3.81,+0.35,3.81,3.81,3.81,"1,000"
705860,順達統一73購01,0.46,-0.01,0.49,0.50,0.46,"282,000"
705861,新應材統一73購01,0.32,+0.01,0.33,0.33,0.32,"131,000"
705862,萬泰科統一62購01,---,---,---,---,---,0
705863,德微統一73購01,1.40,-0.15,1.42,1.43,1.36,"60,000"
705864,環球晶統一62購01,3.66,+0.19,3.66,3.66,3.66,"1,000"
705865,穩得統一73購01,0.50,+0.07,0.50,0.50,0.50,"53,000"
705866,良維凱基59購03,---,---,---,---,---,0
705867,旺矽凱基59購04,---,---,---,---,---,0
705870,信驊凱基5B購01,5.40,+0.20,5.50,5.50,5.40,"14,000"
705871,信驊凱基61購02,---,---,---,---,---,0
705872,信驊凱基61購03,---,---,---,---,---,0
705874,鈊象凱基61購02,2.41,-0.01,2.56,2.56,2.41,"28,000"
705875,新應材凱基61購01,---,---,---,---,---,0
705876,榮剛凱基5A購01,0.50,-0.02,0.50,0.50,0.50,"11,000"
705877,環球晶凱基61購01,---,---,---,---,---,0
705878,弘塑富邦5B購01,---,---,---,---,---,0
705879,良維富邦5B購01,0.37,0.00,0.43,0.43,0.37,"123,000"
705880,新應材富邦63購02,0.23,+0.01,0.23,0.23,0.23,"800,000"
705881,雙鴻國泰5A購01,---,---,---,---,---,0
705882,台特化群益59購02,---,---,---,---,---,0
705883,弘塑群益59購02,---,---,---,---,---,0
705886,鈊象群益59購01,---,---,---,---,---,0
705887,新應材群益5A購01,0.16,-0.03,0.16,0.16,0.16,"15,000"
705888,漢科群益59購01,0.22,-0.01,0.22,0.22,0.22,"10,000"
705889,精材群益59購01,---,---,---,---,---,0
705890,精材群益59購02,---,---,---,---,---,0
705891,雙鴻群益59購05,0.75,+0.13,0.75,0.75,0.75,"50,000"
705892,雙鴻群益59購06,---,---,---,---,---,0
705893,鑫聯群益59購02,1.20,+0.25,1.20,1.20,1.20,"7,000"
705894,元太凱基5B購02,---,---,---,---,---,0
705895,世界凱基59購04,---,---,---,---,---,0
705896,台特化凱基5C購01,0.18,+0.04,0.16,0.18,0.16,"50,000"
705897,巨漢凱基59購01,0.23,+0.03,0.24,0.24,0.23,"125,000"
705899,旺矽凱基5B購01,10.20,+1.60,10.20,10.20,10.20,"1,000"
705900,新普凱基59購01,1.25,+0.08,1.32,1.38,1.25,"92,000"
705901,新應材凱基5A購02,---,---,---,---,---,0
705902,聖暉*凱基59購03,4.73,+1.45,4.63,4.73,4.63,"20,000"
705903,精材凱基61購02,---,---,---,---,---,0
705904,寬宏凱基59購01,---,---,---,---,---,0
705905,雙鴻凱基59購10,0.31,0.00,0.32,0.35,0.31,"552,000"
705906,雙鴻凱基59購11,---,---,---,---,---,0
705907,鑫聯凱基59購01,0.52,+0.16,0.52,0.52,0.52,"4,000"
705908,旺矽兆豐5B購02,---,---,---,---,---,0
705909,新應材兆豐5B購02,---,---,---,---,---,0
705911,均華群益59購01,---,---,---,---,---,0
705913,宜鼎群益5B購02,---,---,---,---,---,0
705914,晟德群益59購01,---,---,---,---,---,0
705915,新普群益59購01,---,---,---,---,---,0
705916,雙鴻群益59購08,---,---,---,---,---,0
705917,雙鴻群益63購01,0.55,+0.03,0.56,0.56,0.55,"10,000"
705918,世界元富59購03,---,---,---,---,---,0
705920,新應材元富59購02,---,---,---,---,---,0
705921,譜瑞元富59購01,---,---,---,---,---,0
705922,旺矽中信59購01,---,---,---,---,---,0
705923,弘塑永豐5B購02,1.69,+0.04,1.69,1.69,1.69,"44,000"
705924,匯鑽科永豐5A購01,0.12,-0.01,0.12,0.12,0.12,"6,000"
705925,新應材永豐5A購01,---,---,---,---,---,0
705926,新應材永豐5C購04,---,---,---,---,---,0
705927,新應材永豐63購02,0.29,+0.01,0.28,0.29,0.28,"2,000"
705928,雙鴻永豐63購01,0.65,+0.02,0.68,0.68,0.65,"17,000"
705929,新應材國泰5A購02,---,---,---,---,---,0
705930,力領國票5A購01,---,---,---,---,---,0
705931,台半國票5A購01,3.71,+1.03,3.28,3.71,3.28,"5,000"
705932,弘塑國票5A購01,---,---,---,---,---,0
705933,宜鼎國票5C購01,---,---,---,---,---,0
705934,松瑞藥國票5A購01,---,---,---,---,---,0
705935,胡連國票5A購01,0.36,+0.03,0.34,0.37,0.34,"178,000"
705936,順達國票5A購01,---,---,---,---,---,0
705937,新應材國票59購01,---,---,---,---,---,0
705938,新應材國票5A購02,0.17,+0.03,0.17,0.17,0.17,"6,000"
705939,新應材國票5B購01,0.34,+0.01,0.34,0.34,0.34,"1,000"
705940,新應材國票5C購01,0.27,+0.04,0.27,0.28,0.26,"133,000"
705941,群翊國票5A購01,---,---,---,---,---,0
705942,聖暉*國票5A購02,---,---,---,---,---,0
705943,德微國票5A購01,3.24,+0.51,3.55,3.55,3.24,"35,000"
705944,新應材富邦5C購02,0.20,+0.04,0.20,0.20,0.18,"547,000"
705945,均豪統一73購01,---,---,---,---,---,0
705946,宏捷科統一63購01,0.39,-0.02,0.52,0.52,0.39,"11,000"
705947,系微統一73購01,0.66,+0.06,0.66,0.66,0.66,"33,000"
705948,良維統一63購02,---,---,---,---,---,0
705949,良維統一73購02,0.61,+0.01,0.61,0.61,0.61,"16,000"
705950,宜特統一73購01,0.58,+0.04,0.57,0.58,0.57,"26,000"
705951,信紘科統一63購01,0.28,+0.01,0.28,0.28,0.28,"10,000"
705952,前鼎統一73購01,---,---,---,---,---,0
705953,鉅橡統一73購01,0.44,+0.01,0.44,0.44,0.44,"5,000"
705954,鈺太統一66購01,0.33,+0.04,0.31,0.33,0.31,"132,000"
705955,世界元大59購07,---,---,---,---,---,0
705956,台特化元大59購04,---,---,---,---,---,0
705957,良維元大59購04,---,---,---,---,---,0
705958,良維元大59購05,---,---,---,---,---,0
705959,良維元大59購06,---,---,---,---,---,0
705960,宜鼎元大59購04,---,---,---,---,---,0
705962,旺矽元大59購07,---,---,---,---,---,0
705965,新應材元大59購02,---,---,---,---,---,0
705966,新應材元大59購03,---,---,---,---,---,0
705967,新應材元大59購04,---,---,---,---,---,0
705968,新應材元大5A購03,0.23,+0.08,0.23,0.23,0.23,"1,000"
705969,新應材元大61購03,0.28,+0.04,0.28,0.28,0.24,"34,000"
705972,雙鴻凱基59購13,---,---,---,---,---,0
705974,台特化元大59購05,---,---,---,---,---,0
705975,台特化元大59購06,---,---,---,---,---,0
705982,旺矽元大59購09,---,---,---,---,---,0
705983,旺矽元大59購10,---,---,---,---,---,0
705984,博智元大5C購02,---,---,---,---,---,0
705985,鈊象元大59購01,0.37,-0.10,0.35,0.37,0.35,"464,000"
705986,世紀*國票5A購01,0.09,0.00,0.09,0.10,0.08,"1,268,000"
705987,台特化國票5A購03,---,---,---,---,---,0
705988,閎康國票5A購02,---,---,---,---,---,0
705989,雙鴻國票5A購02,1.51,+0.18,1.43,1.51,1.38,"21,000"
705991,弘塑國泰5A購01,---,---,---,---,---,0
705992,均華國泰5A購01,---,---,---,---,---,0
705993,宜鼎富邦63購01,---,---,---,---,---,0
705994,蜜望實統一63購01,---,---,---,---,---,0
705995,蜜望實統一73購01,1.57,+0.01,1.60,1.60,1.57,"30,000"
705996,世界群益5B購03,---,---,---,---,---,0
705997,旺矽群益5B購02,---,---,---,---,---,0
705998,神盾群益5B購01,2.59,+0.25,2.58,2.59,2.58,"12,000"
706000,勤凱群益59購01,---,---,---,---,---,0
706001,雙鴻群益5B購03,3.08,+0.64,3.08,3.08,3.08,"2,000"
706002,中美晶中信59購01,---,---,---,---,---,0
706003,世界中信59購01,1.48,+0.06,1.78,1.85,1.48,"237,000"
706004,精材中信61購01,---,---,---,---,---,0
706005,蜜望實永豐5B購01,---,---,---,---,---,0
706006,穩得永豐5B購01,0.56,+0.10,0.56,0.56,0.55,"110,000"
706008,均華凱基59購01,---,---,---,---,---,0
706009,宜鼎凱基59購07,---,---,---,---,---,0
706010,旺矽凱基5C購01,---,---,---,---,---,0
706011,博智凱基5C購01,---,---,---,---,---,0
706012,雙鴻台新59購02,---,---,---,---,---,0
706014,巨漢國票59購01,---,---,---,---,---,0
706015,緯軟國票5B購01,0.51,+0.01,0.55,0.55,0.51,"334,000"
706016,雙鴻國票5A購03,---,---,---,---,---,0
706017,宜鼎中信61購01,1.45,+0.14,1.42,1.45,1.42,"11,000"
706018,弘塑永豐63購01,---,---,---,---,---,0
706019,均華永豐5B購01,3.05,+0.27,3.28,3.28,2.95,"17,000"
706020,旺矽永豐61購01,---,---,---,---,---,0
706021,鈊象永豐5A購01,1.05,-0.03,1.14,1.17,1.05,"339,000"
706023,寬宏永豐59購01,---,---,---,---,---,0
706025,前鼎元富59購01,---,---,---,---,---,0
706026,聚和元富59購03,0.75,+0.22,0.73,0.75,0.73,"61,000"
706027,大中統一73購01,---,---,---,---,---,0
706028,台特化統一66購01,0.23,+0.03,0.27,0.27,0.23,"12,000"
706029,台特化統一68購01,---,---,---,---,---,0
706030,均華統一62購01,0.46,+0.04,0.46,0.46,0.46,"4,000"
706031,均華統一63購03,0.42,+0.03,0.42,0.42,0.42,"2,000"
706032,均華統一73購01,---,---,---,---,---,0
706033,均豪統一63購01,0.52,+0.05,0.52,0.52,0.52,"1,000"
706034,宜鼎統一62購01,---,---,---,---,---,0
706035,旺矽統一63購04,---,---,---,---,---,0
706036,新普統一63購01,0.59,+0.03,0.59,0.61,0.59,"214,000"
706037,新普統一73購01,0.60,+0.04,0.61,0.61,0.60,"35,000"
706038,聖暉*統一61購01,---,---,---,---,---,0
706039,蜜望實統一62購01,---,---,---,---,---,0
706040,鑫聯統一62購02,0.49,+0.07,0.43,0.49,0.43,"68,000"
706041,加百裕群益59購02,---,---,---,---,---,0
706042,博智群益59購01,---,---,---,---,---,0
706043,富強鑫群益59購01,---,---,---,---,---,0
706044,鈺太群益5A購01,0.22,+0.10,0.15,0.22,0.15,"450,000"
706045,耀勝群益59購02,---,---,---,---,---,0
706046,中美晶富邦59購01,---,---,---,---,---,0
706047,台燿富邦63購01,---,---,---,---,---,0
706048,原相富邦59購01,0.97,+0.10,0.93,0.97,0.93,"966,000"
706049,博智富邦5B購01,---,---,---,---,---,0
706050,蜜望實富邦5B購01,---,---,---,---,---,0
706051,印能國泰5A購01,---,---,---,---,---,0
706052,均華國泰5A購02,0.87,+0.20,0.87,0.87,0.87,"50,000"
706053,鈊象國泰5A購01,---,---,---,---,---,0
706054,台特化元大5B購01,0.42,+0.07,0.42,0.42,0.42,"2,000"
706055,台特化元大63購01,0.43,+0.06,0.43,0.44,0.43,"2,006,000"
706057,台燿元大59購05,---,---,---,---,---,0
706058,巨漢元大59購02,0.56,+0.08,0.58,0.58,0.56,"5,000"
706060,弘塑元大63購02,3.21,-0.73,3.87,3.87,3.20,"255,000"
706061,印能元大59購04,---,---,---,---,---,0
706062,宏觀元大59購01,---,---,---,---,---,0
706063,宏觀元大59購02,---,---,---,---,---,0
706064,宜鼎元大59購08,2.63,+0.35,2.79,2.79,2.53,"108,000"
706066,智通*元大59購02,---,---,---,---,---,0
706067,智通*元大59購03,---,---,---,---,---,0
706068,湧德元大59購01,0.51,+0.09,0.51,0.51,0.51,"5,000"
706069,雙鴻元大59購11,---,---,---,---,---,0
706070,雙鴻元大59購12,0.48,+0.05,0.50,0.50,0.45,"455,000"
706071,雙鴻元大63購01,1.24,+0.34,1.24,1.24,1.24,"1,000"
706072,弘塑凱基5A購01,1.38,-0.44,1.84,1.84,1.38,"91,000"
706073,宜鼎凱基5A購04,2.20,+0.60,2.13,2.20,2.04,"84,000"
706074,鈊象凱基5C購01,2.40,+0.07,2.34,2.40,2.34,"181,000"
706076,雙鴻凱基59購14,---,---,---,---,---,0
706077,鑫科凱基59購01,---,---,---,---,---,0
706078,元太中信59購01,0.74,+0.05,0.75,0.75,0.74,"30,000"
706080,宏捷科中信59購01,---,---,---,---,---,0
706081,雙鴻中信63購01,---,---,---,---,---,0
706082,力致元富59購01,---,---,---,---,---,0
706083,印能元富59購03,---,---,---,---,---,0
706084,廣閎科元富59購01,---,---,---,---,---,0
706085,旺矽永豐59購03,---,---,---,---,---,0
706086,旺矽永豐5A購02,---,---,---,---,---,0
706087,旺矽永豐61購02,5.30,+0.30,5.30,5.30,5.30,"1,000"
706088,旺矽永豐64購01,---,---,---,---,---,0
706089,茂迪永豐61購01,---,---,---,---,---,0
706090,萬泰科永豐5C購01,---,---,---,---,---,0
706091,雙鴻永豐59購04,---,---,---,---,---,0
706092,力致國泰5A購01,0.51,0.00,0.51,0.51,0.51,"130,000"
706093,弘塑國泰5A購02,---,---,---,---,---,0
706094,均豪國泰5A購01,---,---,---,---,---,0
706095,系統電國泰5A購01,---,---,---,---,---,0
706096,東捷國泰5A購01,---,---,---,---,---,0
706097,弘塑富邦5C購01,0.98,-0.19,1.33,1.33,0.98,"441,000"
706098,宜鼎富邦5C購03,1.40,+0.09,1.40,1.40,1.40,"1,000"
706099,旺矽富邦5B購02,---,---,---,---,---,0
706100,旺矽富邦63購01,---,---,---,---,---,0
706101,茂迪富邦63購01,---,---,---,---,---,0
706103,台特化元大63購02,---,---,---,---,---,0
706105,宏捷科元大5C購01,---,---,---,---,---,0
706106,良維元大59購07,0.40,-0.01,0.42,0.42,0.40,"136,000"
706108,宜鼎元大59購09,1.04,+0.34,1.00,1.04,1.00,"4,000"
706109,宜鼎元大59購10,1.29,+0.13,1.29,1.29,1.29,"1,000"
706110,茂迪元大59購07,---,---,---,---,---,0
706111,環球晶元大59購03,---,---,---,---,---,0
706113,雙鴻元大59購13,---,---,---,---,---,0
706114,雙鴻元大59購14,0.29,+0.03,0.30,0.32,0.29,"851,000"
706115,雙鴻元大63購02,---,---,---,---,---,0
706116,力致國票5A購01,---,---,---,---,---,0
706117,台半國票5A購02,---,---,---,---,---,0
706118,台星科國票61購01,1.35,+0.07,1.35,1.35,1.35,"70,000"
706119,宏捷科國票5A購01,0.24,+0.03,0.28,0.28,0.24,"116,000"
706120,良維國票5A購01,0.60,-0.01,0.60,0.60,0.60,"230,000"
706121,宜鼎國票5A購03,1.58,+0.20,1.72,1.72,1.56,"585,000"
706122,旺矽國票5B購02,---,---,---,---,---,0
706124,臺慶科國票61購01,---,---,---,---,---,0
706125,鑫聯國票5C購01,1.62,+0.31,1.48,1.64,1.48,"260,000"
706126,大綜統一63購01,1.35,+0.29,1.15,1.35,1.15,"33,000"
706127,大綜統一66購01,1.16,+0.22,0.94,1.16,0.94,"194,000"
706128,台特化統一62購02,---,---,---,---,---,0
706129,巨漢統一63購01,0.57,+0.12,0.57,0.57,0.57,"2,000"
706130,正基統一62購01,---,---,---,---,---,0
706131,正基統一63購01,---,---,---,---,---,0
706132,正基統一63購02,---,---,---,---,---,0
706133,均豪統一66購01,---,---,---,---,---,0
706134,宜鼎統一63購02,1.26,+0.08,1.27,1.33,1.23,"1,096,000"
706135,宜鼎統一63購03,0.68,+0.04,0.70,0.70,0.68,"403,000"
706136,宜鼎統一66購02,0.99,+0.09,1.01,1.01,0.95,"198,000"
706137,宜鼎統一73購01,0.79,+0.05,0.81,0.81,0.78,"175,000"
706138,茂迪統一67購01,---,---,---,---,---,0
706139,聚和統一73購01,0.65,+0.04,0.65,0.65,0.65,"23,000"
706140,蜜望實統一66購01,---,---,---,---,---,0
706141,蜜望實統一68購01,---,---,---,---,---,0
706142,雙鴻統一63購01,---,---,---,---,---,0
706143,元太群益59購01,---,---,---,---,---,0
706144,元太群益59購02,---,---,---,---,---,0
706145,元太群益59購03,1.59,+0.53,1.59,1.59,1.59,"60,000"
706146,台特化群益5A購01,---,---,---,---,---,0
706147,宜鼎群益59購04,---,---,---,---,---,0
706148,宜鼎群益59購05,1.90,+0.40,1.73,1.90,1.73,"3,000"
706149,宜鼎群益59購06,2.16,+0.24,2.16,2.16,2.16,"1,000"
706150,旺矽群益63購01,4.93,+0.48,4.85,5.00,4.85,"702,000"
706152,博智群益59購02,---,---,---,---,---,0
706153,德微群益63購01,2.55,+0.38,2.55,2.55,2.55,"1,000"
706154,雙鴻群益63購02,0.31,+0.01,0.31,0.31,0.31,"60,000"
706155,台特化凱基5C購02,---,---,---,---,---,0
706157,均華凱基59購02,---,---,---,---,---,0
706158,良維凱基59購04,---,---,---,---,---,0
706159,亞泰凱基59購01,1.38,-2.62,1.38,1.38,1.38,"10,000"
706160,宜鼎凱基5C購02,2.26,+0.11,2.36,2.36,2.24,"106,000"
706161,旺矽凱基63購01,3.73,+0.49,3.73,3.73,3.73,"2,000"
706162,旺矽凱基63購02,---,---,---,---,---,0
706163,東捷凱基63購01,---,---,---,---,---,0
706164,聖暉*凱基59購04,---,---,---,---,---,0
706165,精測凱基59購02,---,---,---,---,---,0
706166,德微凱基5A購01,---,---,---,---,---,0
706168,雙鴻凱基63購01,0.46,+0.01,0.48,0.48,0.46,"20,000"
706169,弘塑群益59購04,---,---,---,---,---,0
706170,良維群益5C購02,---,---,---,---,---,0
706171,旺矽群益59購08,4.21,+1.09,4.21,4.21,4.21,"1,000"
706172,精測群益59購04,---,---,---,---,---,0
706173,精測群益5B購01,---,---,---,---,---,0
706174,雙鴻群益59購09,---,---,---,---,---,0
706175,宜鼎國泰5A購02,2.97,+0.38,3.03,3.03,2.97,"130,000"
706176,宜鼎國泰61購01,3.20,+0.26,3.23,3.38,3.20,"6,000"
706177,旺矽國泰5A購02,---,---,---,---,---,0
706178,弘塑富邦63購01,---,---,---,---,---,0
706179,均華富邦5B購01,0.51,+0.04,0.53,0.55,0.50,"38,000"
706180,均華統一63購04,0.38,+0.02,0.40,0.40,0.38,"18,000"
706181,良維統一63購03,---,---,---,---,---,0
706182,旺矽統一63購05,2.09,+0.21,2.08,2.09,2.08,"20,000"
706183,茂迪統一63購01,---,---,---,---,---,0
706184,台特化元大63購03,0.33,+0.05,0.32,0.33,0.32,"70,000"
706185,均華元大5C購01,0.39,+0.04,0.39,0.39,0.39,"2,000"
706186,宏捷科元大5C購02,0.67,+0.03,0.70,0.71,0.67,"107,000"
706189,宜鼎元大59購11,1.24,+0.25,1.22,1.24,1.22,"20,000"
706190,宜鼎元大59購12,---,---,---,---,---,0
706191,宜鼎元大59購13,1.46,+0.12,1.46,1.46,1.46,"1,000"
706192,旺矽元大59購12,---,---,---,---,---,0
706193,旺矽元大59購13,---,---,---,---,---,0
706194,旺矽元大59購14,---,---,---,---,---,0
706195,陽程元大59購01,2.01,+0.61,1.77,2.01,1.77,"288,000"
706196,精測元大59購01,---,---,---,---,---,0
706197,精測元大59購02,1.15,+0.48,1.15,1.15,1.15,"1,000"
706198,精測元大5C購02,0.20,+0.03,0.20,0.20,0.20,"10,000"
706199,雙鴻元大59購15,---,---,---,---,---,0
706200,雙鴻元大59購16,---,---,---,---,---,0
706201,雙鴻元大59購17,---,---,---,---,---,0
706202,鑫科元大59購01,---,---,---,---,---,0
706203,鑫聯元大63購01,0.76,+0.09,0.71,0.78,0.70,"453,000"
706204,中美晶國票61購01,---,---,---,---,---,0
706205,均華國票59購01,---,---,---,---,---,0
706206,均華國票5B購01,0.66,+0.07,0.67,0.68,0.66,"681,000"
706207,宜鼎國票65購01,2.27,+0.19,2.30,2.35,2.22,"434,000"
706208,旺矽國票5C購01,5.80,+0.55,6.25,6.25,5.80,"2,000"
706209,旺矽國票67購01,4.96,+0.53,4.78,5.00,4.78,"328,000"
706210,德微國票65購01,2.85,-0.20,2.85,2.85,2.85,"30,000"
706212,精測中信59購01,---,---,---,---,---,0
706213,精測中信5B購01,---,---,---,---,---,0
706214,宜鼎永豐5B購01,1.24,+0.10,1.24,1.29,1.24,"149,000"
706215,旺矽永豐5C購01,---,---,---,---,---,0
706216,東捷永豐61購01,---,---,---,---,---,0
706217,精測永豐59購02,---,---,---,---,---,0
706218,精測永豐5B購01,---,---,---,---,---,0
706219,精測永豐61購01,---,---,---,---,---,0
706220,鑫科永豐5C購02,---,---,---,---,---,0
706221,台特化元富59購01,---,---,---,---,---,0
706222,台燿元富59購02,---,---,---,---,---,0
706223,弘塑元富5C購01,1.83,-0.49,2.45,2.53,1.83,"57,000"
706224,均華元富59購01,---,---,---,---,---,0
706225,宏捷科元富5C購02,0.78,+0.15,0.78,0.78,0.78,"6,000"
706226,旺矽元富59購04,---,---,---,---,---,0
706227,旺矽元富59購05,3.47,+0.59,3.10,3.47,3.10,"3,000"
706228,旺矽元富59購06,2.42,+0.42,2.42,2.42,2.42,"4,000"
706229,聖暉*元富59購02,---,---,---,---,---,0
706230,頎邦元富59購01,---,---,---,---,---,0
706231,精測元富59購07,---,---,---,---,---,0
706232,精測元富59購08,---,---,---,---,---,0
706233,德微元富59購02,3.00,-0.43,3.00,3.00,3.00,"29,000"
706234,德微元富59購03,---,---,---,---,---,0
706235,雙鴻元富59購05,0.95,+0.17,0.97,0.97,0.92,"120,000"
706236,雙鴻元富59購06,---,---,---,---,---,0
706237,雙鴻元富59購07,---,---,---,---,---,0
706238,鑫科元富59購01,0.26,+0.03,0.26,0.26,0.26,"101,000"
706239,中美晶兆豐63購01,---,---,---,---,---,0
706240,元太兆豐63購01,2.93,+0.14,2.95,2.95,2.93,"43,000"
706241,環球晶兆豐5B購01,5.90,0.00,5.90,5.90,5.90,"100,000"
706242,M31凱基59購01,---,---,---,---,---,0
706243,M31凱基59購02,0.13,+0.01,0.13,0.13,0.13,"100,000"
706244,M31凱基59購03,---,---,---,---,---,0
706245,M31凱基5B購01,---,---,---,---,---,0
706246,台燿凱基61購01,15.20,-1.80,15.20,15.20,15.20,"1,000"
706247,巨漢凱基59購02,0.53,+0.03,0.53,0.53,0.53,"30,000"
706248,弘塑凱基5A購02,1.91,-0.40,2.58,2.58,1.91,"53,000"
706249,宏捷科凱基5C購01,0.50,+0.10,0.50,0.50,0.50,"100,000"
706250,信驊凱基59購05,6.30,+0.30,6.30,6.30,6.30,"10,000"
706251,信驊凱基59購06,---,---,---,---,---,0
706252,信驊凱基5B購02,---,---,---,---,---,0
706253,信驊凱基5C購01,5.15,+0.59,5.15,5.15,5.15,"7,000"
706255,優群凱基59購01,---,---,---,---,---,0
706256,譜瑞凱基59購03,---,---,---,---,---,0
706257,台燿中信59購04,---,---,---,---,---,0
706258,信驊中信59購01,3.00,+0.51,2.90,3.15,2.90,"108,000"
706259,M31永豐5B購01,---,---,---,---,---,0
706260,M31永豐5C購01,0.40,0.00,0.45,0.45,0.40,"190,000"
706261,大中永豐5B購01,1.63,+0.09,1.70,1.74,1.63,"27,000"
706264,台燿永豐5B購01,---,---,---,---,---,0
706265,良維永豐5B購02,---,---,---,---,---,0
706267,M31元富59購01,---,---,---,---,---,0
706268,M31元富59購02,---,---,---,---,---,0
706269,M31元富5A購01,---,---,---,---,---,0
706271,M31群益59購01,---,---,---,---,---,0
706273,台燿群益59購01,---,---,---,---,---,0
706274,良維群益5C購03,---,---,---,---,---,0
706275,信驊群益5B購05,4.36,+0.52,4.18,4.36,4.18,"211,000"
706276,聖暉*群益61購01,---,---,---,---,---,0
706278,雙鴻群益59購10,---,---,---,---,---,0
706279,台燿國泰5A購01,---,---,---,---,---,0
706280,台燿國泰5A購02,---,---,---,---,---,0
706281,德微國泰5A購01,---,---,---,---,---,0
706282,M31統一63購03,0.34,0.00,0.41,0.43,0.34,"22,000"
706283,M31富邦5B購01,0.21,0.00,0.23,0.24,0.21,"339,000"
706284,台特化富邦5C購01,---,---,---,---,---,0
706285,信驊富邦5C購01,4.41,+0.53,4.42,4.55,4.19,"45,000"
706286,茂迪富邦5C購01,---,---,---,---,---,0
706287,雙鴻富邦5C購03,0.34,+0.04,0.35,0.35,0.34,"995,000"
706288,M31國票5A購01,0.19,+0.01,0.23,0.23,0.19,"18,000"
706289,天品國票59購01,---,---,---,---,---,0
706291,均豪國票59購01,---,---,---,---,---,0
706292,宏觀國票5C購02,---,---,---,---,---,0
706293,沛亨國票5A購02,---,---,---,---,---,0
706294,信驊國票5B購03,4.06,-0.11,4.28,4.28,4.06,"2,000"
706295,陽程國票59購01,2.88,+0.35,2.78,2.88,2.78,"41,000"
706296,環球晶國票59購01,---,---,---,---,---,0
706297,環球晶國票5A購01,---,---,---,---,---,0
706298,鑫科國票5A購01,---,---,---,---,---,0
706299,M31元大59購02,0.32,0.00,0.32,0.32,0.32,"128,000"
706300,M31元大59購03,---,---,---,---,---,0
706301,巨漢元大59購03,---,---,---,---,---,0
706302,沛亨元大59購02,1.00,+0.21,1.00,1.12,0.98,"162,000"
706303,良維元大59購11,---,---,---,---,---,0
706305,亞泰元大59購01,---,---,---,---,---,0
706306,東捷元大59購01,---,---,---,---,---,0
706308,信驊元大59購03,3.47,+0.71,3.31,3.47,3.11,"62,000"
706310,湧德元大59購02,---,---,---,---,---,0
706311,雙鴻元大59購18,---,---,---,---,---,0
706312,雙鴻元大59購19,---,---,---,---,---,0
706313,雙鴻元大5C購04,---,---,---,---,---,0
706314,鑫科元大59購02,---,---,---,---,---,0
706316,台燿兆豐5B購01,---,---,---,---,---,0
706317,弘塑兆豐5B購01,---,---,---,---,---,0
706318,聖暉*兆豐5B購01,2.10,+0.39,2.10,2.10,2.03,"145,000"
706319,印能凱基5B購01,7.45,+0.60,7.45,7.45,7.45,"1,000"
706320,均豪凱基59購01,---,---,---,---,---,0
706321,沛亨凱基59購02,0.44,+0.14,0.44,0.44,0.44,"5,000"
706322,亞泰凱基5A購01,0.63,-1.01,2.40,2.40,0.63,"11,000"
706324,聖暉*凱基5B購02,---,---,---,---,---,0
706325,環球晶凱基5C購01,---,---,---,---,---,0
706326,雙鴻凱基59購15,---,---,---,---,---,0
706327,穩得凱基5C購01,0.60,+0.06,0.62,0.62,0.60,"15,000"
706328,弘塑國票65購01,1.79,-0.32,1.96,2.00,1.77,"112,000"
706329,正德國票59購01,0.21,0.00,0.21,0.21,0.21,"50,000"
706330,亞泰國票59購02,---,---,---,---,---,0
706331,亞泰國票5A購01,2.17,+0.62,1.74,2.47,1.74,"21,000"
706332,華宏國票5A購01,---,---,---,---,---,0
706334,良維元大59購13,---,---,---,---,---,0
706335,前鼎元大59購03,---,---,---,---,---,0
706336,茂迪元大5C購01,0.23,+0.03,0.23,0.23,0.23,"10,000"
706337,雙鴻元大59購20,0.17,+0.01,0.18,0.18,0.17,"5,000"
706338,雙鴻元大59購21,---,---,---,---,---,0
706339,雙鴻元大5C購05,0.45,-0.01,0.47,0.47,0.45,"78,000"
706340,穩得元大63購01,0.54,+0.06,0.54,0.54,0.54,"371,000"
706341,鑫聯元大63購02,0.63,+0.08,0.59,0.64,0.59,"369,000"
706342,雙鴻國泰61購01,0.86,+0.12,0.84,0.86,0.84,"275,000"
706343,台燿富邦63購02,---,---,---,---,---,0
706344,德微富邦5C購01,---,---,---,---,---,0
706345,世界統一63購01,1.21,+0.07,1.34,1.35,1.21,"180,000"
706346,台特化統一63購04,---,---,---,---,---,0
706347,印能統一63購01,---,---,---,---,---,0
706348,亞泰統一62購02,1.24,+0.34,1.27,1.27,1.16,"80,000"
706349,博智統一63購01,---,---,---,---,---,0
706350,鈺太統一63購01,0.56,+0.23,0.35,0.56,0.35,"3,000"
706351,弘塑永豐5C購03,1.05,-0.33,1.14,1.14,1.05,"120,000"
706353,均豪永豐59購01,---,---,---,---,---,0
706354,雙鴻永豐61購02,0.78,+0.06,0.77,0.82,0.77,"982,000"
706355,雙鴻永豐64購01,0.80,+0.01,0.82,0.82,0.80,"103,000"
706357,印能元富59購04,---,---,---,---,---,0
706358,亞泰元富59購02,---,---,---,---,---,0
706359,亞泰元富59購03,---,---,---,---,---,0
706360,鑫聯元富59購01,2.58,+0.57,2.31,2.58,2.31,"36,000"
706361,台燿群益59購02,---,---,---,---,---,0
706362,弘塑群益59購05,---,---,---,---,---,0
706363,宏捷科群益59購04,---,---,---,---,---,0
706364,宏觀群益59購02,---,---,---,---,---,0
706365,宏觀群益59購03,---,---,---,---,---,0
706366,優群群益59購01,---,---,---,---,---,0
706367,譜瑞群益59購02,---,---,---,---,---,0
706368,天品凱基59購01,---,---,---,---,---,0
706369,台燿凱基59購02,---,---,---,---,---,0
706370,弘塑凱基59購06,---,---,---,---,---,0
706371,良維凱基61購01,---,---,---,---,---,0
706372,茂迪凱基59購03,---,---,---,---,---,0
706373,華義凱基59購01,---,---,---,---,---,0
706374,頎邦凱基59購01,---,---,---,---,---,0
706375,譜瑞凱基59購04,2.10,+0.44,1.81,2.10,1.81,"480,000"
706376,鑫聯凱基59購02,---,---,---,---,---,0
706378,正淩永豐5B購01,---,---,---,---,---,0
706379,東捷永豐5A購01,---,---,---,---,---,0
706380,信紘科永豐59購01,---,---,---,---,---,0
706382,中美晶元富59購02,---,---,---,---,---,0
706383,均豪元富59購01,---,---,---,---,---,0
706384,華宏元富59購01,---,---,---,---,---,0
706385,華宏元富59購02,0.05,+0.01,0.05,0.05,0.05,"5,000"
706386,頎邦元富59購02,---,---,---,---,---,0
706387,廣運元富59購03,---,---,---,---,---,0
706388,雙鴻元富59購08,---,---,---,---,---,0
706389,美琪瑪群益5A購01,---,---,---,---,---,0
706390,湧德群益5B購01,0.45,+0.10,0.40,0.45,0.40,"3,000"
706391,環球晶群益59購06,---,---,---,---,---,0
706392,雙鴻群益5B購04,0.29,+0.01,0.31,0.31,0.29,"115,000"
706393,雙鴻群益5B購05,0.49,+0.04,0.49,0.49,0.49,"20,000"
706394,宏觀國泰5A購02,---,---,---,---,---,0
706395,大學光國票59購01,---,---,---,---,---,0
706396,東捷國票59購01,---,---,---,---,---,0
706398,原相國票59購01,0.73,+0.13,0.72,0.73,0.72,"150,000"
706399,華義國票5A購02,---,---,---,---,---,0
706400,陽程國票59購02,2.58,+0.49,2.58,2.58,2.58,"6,000"
706401,頎邦國票5A購01,---,---,---,---,---,0
706402,聚和國票5A購02,---,---,---,---,---,0
706403,正淩元大59購01,---,---,---,---,---,0
706404,均豪元大59購01,---,---,---,---,---,0
706405,均豪元大59購02,---,---,---,---,---,0
706406,良維元大59購14,---,---,---,---,---,0
706407,良維元大59購15,---,---,---,---,---,0
706408,良維元大59購16,---,---,---,---,---,0
706410,雙鴻元大59購22,---,---,---,---,---,0
706411,中美晶凱基5A購01,2.83,-0.34,3.60,3.72,2.81,"52,000"
706412,弘塑凱基5B購01,0.68,-0.21,0.68,0.68,0.68,"10,000"
706413,印能凱基5B購02,---,---,---,---,---,0
706414,湧德凱基5A購01,---,---,---,---,---,0
706415,閎康凱基5B購01,---,---,---,---,---,0
706416,鈺太凱基59購02,---,---,---,---,---,0
706417,雙鴻凱基59購16,---,---,---,---,---,0
706418,精材國泰5A購01,---,---,---,---,---,0
706419,弘塑富邦61購01,0.74,-0.14,1.00,1.00,0.73,"119,000"
706420,宏捷科富邦5B購01,0.37,+0.01,0.41,0.41,0.37,"488,000"
706421,宏捷科富邦5C購01,0.31,+0.02,0.34,0.34,0.31,"1,033,000"
706422,家登富邦5B購01,1.10,+0.08,1.14,1.14,1.10,"45,000"
706423,智通*富邦5B購02,---,---,---,---,---,0
706424,環球晶富邦5A購01,2.34,-0.38,2.34,2.34,2.34,"2,000"
706425,雙鴻富邦5C購04,---,---,---,---,---,0
706426,弘塑元大59購06,---,---,---,---,---,0
706427,弘塑元大59購07,---,---,---,---,---,0
706428,印能元大59購07,3.41,-0.04,3.41,3.41,3.41,"1,000"
706429,良維元大59購17,---,---,---,---,---,0
706431,茂迪元大59購08,---,---,---,---,---,0
706432,茂迪元大63購05,---,---,---,---,---,0
706433,華宏元大59購01,0.13,+0.01,0.13,0.13,0.13,"5,000"
706434,萬泰科元大59購01,---,---,---,---,---,0
706436,臺慶科元大59購03,---,---,---,---,---,0
706437,雙鴻元大59購23,0.30,+0.05,0.30,0.30,0.30,"147,000"
706438,雙鴻元大59購24,0.39,+0.04,0.39,0.41,0.38,"10,000"
706439,穩得元大5A購01,---,---,---,---,---,0
706441,弘塑群益5A購03,1.79,+0.18,1.75,1.82,1.75,"18,000"
706442,印能群益5B購01,---,---,---,---,---,0
706443,系微群益59購01,---,---,---,---,---,0
706444,系微群益59購02,---,---,---,---,---,0
706445,良維群益59購02,---,---,---,---,---,0
706446,湧德群益5C購01,---,---,---,---,---,0
706447,華宏群益59購01,---,---,---,---,---,0
706448,環球晶群益5A購02,---,---,---,---,---,0
706449,穩得群益5A購01,---,---,---,---,---,0
706450,環球晶中信59購02,---,---,---,---,---,0
706451,中美晶永豐5A購02,---,---,---,---,---,0
706452,中美晶永豐5C購01,1.40,+0.45,1.35,1.40,1.35,"4,000"
706453,弘塑永豐63購02,0.76,-0.17,1.02,1.02,0.76,"213,000"
706454,合晶永豐59購01,20.80,+3.80,20.50,20.80,20.50,"2,000"
706455,系微永豐5C購01,0.32,+0.04,0.32,0.32,0.32,"40,000"
706456,博智永豐5C購01,---,---,---,---,---,0
706457,華宏永豐5A購01,---,---,---,---,---,0
706458,華義永豐59購01,---,---,---,---,---,0
706459,鴻呈永豐59購01,---,---,---,---,---,0
706460,雙鴻永豐5B購02,0.36,+0.05,0.35,0.36,0.35,"164,000"
706461,鑫聯永豐61購01,1.22,+0.19,1.22,1.22,1.22,"2,000"
706462,中美晶元富59購03,---,---,---,---,---,0
706463,台特化元富59購02,---,---,---,---,---,0
706464,台燿元富63購01,---,---,---,---,---,0
706465,弘塑元富59購04,---,---,---,---,---,0
706466,宏觀元富59購01,---,---,---,---,---,0
706467,信昌電元富59購01,---,---,---,---,---,0
706468,華宏元富5B購01,---,---,---,---,---,0
706470,頎邦元富59購05,---,---,---,---,---,0
706471,力致凱基59購01,---,---,---,---,---,0
706472,中美晶凱基61購01,5.20,+0.44,5.20,5.20,5.20,"2,000"
706474,沛亨凱基5B購01,---,---,---,---,---,0
706475,系微凱基59購02,0.08,+0.01,0.08,0.08,0.08,"300,000"
706476,良維凱基5C購01,---,---,---,---,---,0
706477,宜特凱基59購03,---,---,---,---,---,0
706479,博智凱基61購01,1.21,+0.09,1.16,1.21,1.16,"62,000"
706480,湧德凱基5B購01,0.46,+0.10,0.47,0.47,0.46,"59,000"
706481,閎康凱基5A購01,0.01,-1.91,0.01,0.01,0.01,"10,000"
706482,萬泰科凱基59購02,---,---,---,---,---,0
706484,臺慶科凱基5A購01,2.42,+0.24,2.42,2.42,2.42,"1,000"
706485,雙鴻凱基5C購04,---,---,---,---,---,0
706486,九豪國票59購02,---,---,---,---,---,0
706488,合晶國票5A購01,---,---,---,---,---,0
706489,均豪國票5A購01,---,---,---,---,---,0
706490,頎邦國票5A購02,---,---,---,---,---,0
706491,鑫聯國票5A購04,---,---,---,---,---,0
706492,廣明兆豐63購01,0.39,+0.03,0.40,0.41,0.39,"479,000"
706493,九豪群益59購01,---,---,---,---,---,0
706496,宜特群益63購01,0.93,+0.07,0.94,0.94,0.90,"54,000"
706497,博智群益69購01,---,---,---,---,---,0
706498,閎康群益63購02,---,---,---,---,---,0
706499,頎邦群益59購01,---,---,---,---,---,0
706500,中美晶國泰5A購01,---,---,---,---,---,0
706501,合晶國泰5A購01,---,---,---,---,---,0
706502,良維國泰5A購01,0.51,-0.10,0.51,0.51,0.51,"20,000"
706503,世界富邦61購01,0.96,+0.04,1.08,1.08,0.96,"539,000"
706504,台特化富邦5A購01,0.08,+0.04,0.08,0.08,0.08,"1,000"
706505,台燿富邦63購03,---,---,---,---,---,0
706506,中美晶元大59購01,---,---,---,---,---,0
706507,中美晶元大5C購02,---,---,---,---,---,0
706508,中美晶元大63購01,1.47,+0.20,1.47,1.47,1.47,"4,000"
706509,台特化元大5A購03,---,---,---,---,---,0
706510,宜特元大59購01,0.57,-0.01,0.61,0.63,0.57,"158,000"
706511,宜特元大59購02,---,---,---,---,---,0
706512,博智元大59購03,0.40,+0.04,0.40,0.40,0.40,"10,000"
706513,博智元大63購01,---,---,---,---,---,0
706514,湧德元大59購03,---,---,---,---,---,0
706515,湧德元大59購04,---,---,---,---,---,0
706516,湧德元大59購05,---,---,---,---,---,0
706517,萬泰科元大5C購01,2.42,+0.15,2.42,2.42,2.42,"13,000"
706519,環球晶元大59購05,---,---,---,---,---,0
706520,環球晶元大59購06,---,---,---,---,---,0
706521,雙鴻元大59購25,0.53,-0.01,0.53,0.53,0.53,"3,000"
706522,台燿中信59購05,---,---,---,---,---,0
706523,博智中信59購01,---,---,---,---,---,0
706524,雙鴻中信63購02,0.22,-0.01,0.22,0.22,0.22,"105,000"
706526,均豪永豐59購02,---,---,---,---,---,0
706528,勤凱永豐5C購02,0.96,+0.06,1.04,1.04,0.96,"131,000"
706530,合晶國票59購01,19.50,+0.70,19.50,19.50,19.50,"2,000"
706531,均豪國票59購02,---,---,---,---,---,0
706532,系微國票5A購01,---,---,---,---,---,0
706533,佶優國票59購01,---,---,---,---,---,0
706534,前鼎國票61購02,---,---,---,---,---,0
706535,閎康國票5A購03,---,---,---,---,---,0
706536,順達國票5A購02,0.55,-0.03,0.67,0.67,0.55,"100,000"
706537,鈺太國票59購02,0.47,+0.17,0.32,0.55,0.30,"182,000"
706538,鈺太國票5A購01,0.26,+0.09,0.26,0.26,0.26,"1,000"
706539,點序國票59購02,0.09,+0.02,0.09,0.09,0.09,"20,000"
706540,台特化凱基59購05,---,---,---,---,---,0
706541,台燿凱基59購04,---,---,---,---,---,0
706543,均豪凱基59購02,---,---,---,---,---,0
706544,博智凱基59購07,0.18,+0.01,0.20,0.20,0.18,"51,000"
706545,閎康凱基61購01,0.73,-1.27,2.05,2.05,0.73,"64,000"
706547,精測凱基59購03,0.07,0.00,0.09,0.09,0.07,"268,000"
706548,雙鴻凱基5A購03,---,---,---,---,---,0
706549,穩得凱基63購01,---,---,---,---,---,0
706550,鑫聯凱基61購01,---,---,---,---,---,0
706551,聚和中信59購01,0.21,+0.03,0.21,0.21,0.21,"10,000"
706553,台燿永豐64購01,---,---,---,---,---,0
706554,宏觀永豐59購01,---,---,---,---,---,0
706555,系微永豐5A購01,0.09,+0.02,0.09,0.09,0.09,"125,000"
706557,聖暉*永豐5B購01,---,---,---,---,---,0
706558,聚和永豐5B購01,0.39,+0.06,0.39,0.39,0.39,"4,000"
706559,博智元富59購01,0.37,+0.02,0.39,0.39,0.37,"162,000"
706560,台燿國泰5A購03,---,---,---,---,---,0
706561,宜特國泰5A購01,0.95,+0.06,0.95,0.95,0.95,"10,000"
706562,鑫聯國泰5A購02,1.41,+0.24,1.31,1.41,1.31,"5,000"
706563,台燿富邦73購01,2.79,+0.39,2.79,2.79,2.79,"20,000"
706564,良維富邦5C購01,0.32,+0.02,0.34,0.34,0.32,"613,000"
706565,博智富邦61購01,0.68,+0.01,0.71,0.71,0.68,"493,000"
706566,順達富邦5C購01,---,---,---,---,---,0
706567,精測富邦5B購01,0.20,+0.03,0.20,0.22,0.19,"376,000"
706568,力致群益59購01,0.21,-0.05,0.21,0.21,0.21,"10,000"
706569,中美晶群益5B購01,---,---,---,---,---,0
706570,永信建群益59購01,---,---,---,---,---,0
706571,宏觀群益59購04,---,---,---,---,---,0
706572,良維群益61購01,---,---,---,---,---,0
706573,博智群益63購01,2.60,+0.15,2.60,2.60,2.60,"1,000"
706574,閎康群益5B購02,1.27,+0.82,1.27,1.27,1.27,"10,000"
706575,閎康群益5B購03,---,---,---,---,---,0
706576,順達群益5C購01,---,---,---,---,---,0
706578,精測群益59購05,---,---,---,---,---,0
706579,精測群益63購01,0.54,0.00,0.62,0.62,0.54,"214,000"
706580,雙鴻群益59購11,---,---,---,---,---,0
706581,九豪元大59購01,---,---,---,---,---,0
706585,宏捷科元大59購02,0.34,+0.01,0.39,0.39,0.34,"41,000"
706588,博智元大63購02,---,---,---,---,---,0
706589,閎康元大59購04,---,---,---,---,---,0
706590,萬泰科元大5C購02,1.23,+0.08,1.25,1.26,1.23,"66,000"
706591,鈺太元大59購02,0.36,+0.25,0.12,0.36,0.12,"15,000"
706592,鈺太元大59購03,0.43,+0.07,0.43,0.43,0.43,"17,000"
706593,精測元大59購03,0.22,+0.07,0.13,0.22,0.13,"41,000"
706594,精測元大5C購03,0.27,+0.02,0.30,0.30,0.27,"20,000"
706595,雙鴻台新59購04,---,---,---,---,---,0
706596,中美晶凱基5B購01,---,---,---,---,---,0
706597,元太凱基59購02,3.10,-0.16,3.58,3.58,3.10,"309,000"
706599,弘塑凱基59購07,---,---,---,---,---,0
706600,永信建凱基59購01,---,---,---,---,---,0
706601,系微凱基5A購01,---,---,---,---,---,0
706603,宜特凱基59購04,0.40,+0.08,0.40,0.40,0.37,"150,000"
706604,華電網凱基59購01,---,---,---,---,---,0
706605,華電網凱基5B購01,---,---,---,---,---,0
706606,華電網凱基61購01,---,---,---,---,---,0
706607,閎康凱基5A購02,1.30,0.00,1.30,1.30,1.30,"1,000"
706608,順達凱基5A購01,---,---,---,---,---,0
706609,鈺太凱基59購03,---,---,---,---,---,0
706610,精材凱基59購02,---,---,---,---,---,0
706611,元太國票5A購03,2.18,+0.13,2.16,2.18,2.16,"2,000"
706612,弘塑國票5C購01,0.48,-0.13,0.54,0.55,0.48,"339,000"
706613,弘塑國票63購01,1.08,-0.11,1.36,1.36,1.08,"32,000"
706615,宏觀國票5A購02,---,---,---,---,---,0
706616,系微國票5A購02,---,---,---,---,---,0
706617,美琪瑪國票5A購01,---,---,---,---,---,0
706618,神盾國票5A購01,0.31,+0.06,0.32,0.32,0.31,"672,000"
706619,常珵國票59購01,0.14,-0.14,0.14,0.14,0.14,"1,000"
706620,創泓國票59購01,---,---,---,---,---,0
706621,華電網國票59購02,---,---,---,---,---,0
706622,鈊象國票5A購02,---,---,---,---,---,0
706623,萬泰科國票5A購03,---,---,---,---,---,0
706624,穩得國票5A購01,---,---,---,---,---,0
706625,譜瑞國票5A購01,1.84,+0.35,1.65,1.86,1.59,"2,369,000"
706626,元太元大59購02,---,---,---,---,---,0
706627,台特化元大59購07,---,---,---,---,---,0
706630,台燿元大59購11,---,---,---,---,---,0
706631,弘塑元大59購08,---,---,---,---,---,0
706632,弘塑元大59購09,---,---,---,---,---,0
706633,弘塑元大59購10,---,---,---,---,---,0
706634,弘塑元大59購11,0.67,-0.10,0.73,0.73,0.67,"4,000"
706635,弘塑元大59購12,0.85,-0.19,0.85,0.85,0.85,"30,000"
706636,弘塑元大59購13,0.36,+0.06,0.36,0.36,0.36,"1,000"
706638,弘塑元大59購15,0.20,-0.06,0.20,0.20,0.20,"3,000"
706639,系微元大59購03,---,---,---,---,---,0
706640,系微元大59購04,---,---,---,---,---,0
706641,系微元大59購05,---,---,---,---,---,0
706642,系微元大59購06,---,---,---,---,---,0
706643,佶優元大59購01,---,---,---,---,---,0
706645,華電網元大59購01,---,---,---,---,---,0
706646,台特化群益59購03,---,---,---,---,---,0
706647,弘塑群益5B購02,0.82,+0.11,0.82,0.82,0.82,"9,000"
706648,沛亨群益59購01,---,---,---,---,---,0
706649,華電網群益59購01,---,---,---,---,---,0
706650,雙鴻群益59購12,---,---,---,---,---,0
706652,華電網中信59購01,---,---,---,---,---,0
706653,弘塑國泰5A購03,---,---,---,---,---,0
706654,弘塑國泰5A購04,---,---,---,---,---,0
706655,系微國泰5A購01,---,---,---,---,---,0
706656,佶優國泰5A購01,0.18,+0.02,0.18,0.18,0.18,"1,000"
706657,順達國泰5A購01,---,---,---,---,---,0
706658,中美晶富邦63購01,---,---,---,---,---,0
706659,弘塑富邦61購02,0.57,-0.13,0.81,0.81,0.57,"79,000"
706660,均豪富邦61購01,---,---,---,---,---,0
706661,宏觀富邦5B購01,---,---,---,---,---,0
706662,沛亨富邦61購01,0.55,+0.10,0.52,0.55,0.48,"341,000"
706663,華電網富邦5C購01,0.07,0.00,0.07,0.08,0.07,"238,000"
706664,系微永豐5C購02,0.41,+0.06,0.41,0.41,0.41,"30,000"
706665,長佳智永豐59購01,0.10,0.00,0.10,0.10,0.10,"295,000"
706666,華電網永豐5A購01,---,---,---,---,---,0
706667,閎康永豐5B購01,---,---,---,---,---,0
706669,聚和永豐59購01,---,---,---,---,---,0
706670,友輝元富59購01,---,---,---,---,---,0
706671,友輝元富59購02,---,---,---,---,---,0
706672,友輝元富59購03,---,---,---,---,---,0
706673,弘塑元富5C購02,1.00,-0.15,1.00,1.00,1.00,"20,000"
706674,華義元富5A購01,---,---,---,---,---,0
706675,鑫聯元富59購02,---,---,---,---,---,0
706676,台特化兆豐5B購02,---,---,---,---,---,0
706677,順達兆豐5B購02,0.57,+0.02,0.57,0.57,0.57,"10,000"
706678,雙鴻兆豐5B購03,---,---,---,---,---,0
706679,立碁群益59購01,0.43,-0.17,0.43,0.43,0.43,"5,000"
706680,茂迪群益59購03,---,---,---,---,---,0
706681,華電網群益59購02,---,---,---,---,---,0
706683,家登國泰5A購01,---,---,---,---,---,0
706684,閎康國泰5A購01,---,---,---,---,---,0
706685,元太富邦5B購01,---,---,---,---,---,0
706686,頎邦富邦5B購01,---,---,---,---,---,0
706687,台特化凱基63購01,---,---,---,---,---,0
706689,邑錡凱基59購01,---,---,---,---,---,0
706690,朋億*凱基59購01,---,---,---,---,---,0
706691,美琪瑪凱基5A購01,0.48,+0.04,0.48,0.48,0.48,"5,000"
706692,茂迪凱基59購04,---,---,---,---,---,0
706693,家登凱基5C購02,---,---,---,---,---,0
706694,雙鴻凱基59購17,---,---,---,---,---,0
706695,立碁永豐5A購01,0.75,0.00,0.75,0.75,0.75,"1,000"
706696,立碁永豐5B購01,0.87,-0.06,0.90,0.90,0.87,"21,000"
706697,捷創永豐59購01,---,---,---,---,---,0
706698,穩得永豐61購01,---,---,---,---,---,0
706699,立碁元富59購01,1.23,-0.23,1.59,1.63,1.23,"118,000"
706700,立碁元富59購02,0.77,-0.15,0.77,0.77,0.77,"6,000"
706701,立碁元富59購03,0.53,-0.13,0.71,0.71,0.48,"774,000"
706702,系統電元富59購03,---,---,---,---,---,0
706703,鈊象中信5C購01,---,---,---,---,---,0
706704,聖暉*中信59購01,1.61,+0.22,1.61,1.61,1.61,"3,000"
706705,立碁國票5A購01,0.80,-0.19,1.08,1.08,0.73,"548,000"
706707,邑錡國票59購01,0.16,-0.32,0.16,0.16,0.16,"30,000"
706708,閎康國票61購01,1.69,+0.46,1.69,1.69,1.69,"7,000"
706709,台燿統一61購03,---,---,---,---,---,0
706710,良維統一62購02,0.48,0.00,0.54,0.54,0.48,"352,000"
706711,宜特統一62購02,0.54,-0.01,0.58,0.60,0.54,"478,000"
706712,信紘科統一63購02,---,---,---,---,---,0
706713,前鼎統一63購01,1.46,+0.29,1.46,1.46,1.46,"3,000"
706714,閎康統一63購01,0.77,+0.11,0.79,0.79,0.56,"443,000"
706715,萬泰科統一62購02,---,---,---,---,---,0
706716,中美晶元大59購02,2.63,-0.08,2.90,2.90,2.63,"67,000"
706717,世紀*元大59購01,---,---,---,---,---,0
706721,立碁元大59購01,---,---,---,---,---,0
706723,均豪元大59購03,---,---,---,---,---,0
706724,良維元大59購18,---,---,---,---,---,0
706726,宜特元大59購03,---,---,---,---,---,0
706727,宜特元大5C購01,1.36,+0.04,1.36,1.36,1.36,"6,000"
706729,閎康元大59購05,---,---,---,---,---,0
706730,閎康元大59購07,---,---,---,---,---,0
706731,閎康元大59購08,---,---,---,---,---,0
706732,閎康元大5A購01,1.66,+0.16,1.66,1.66,1.65,"8,000"
706733,閎康元大63購03,1.28,+0.28,1.28,1.28,1.28,"1,000"
706734,雷科元大59購01,---,---,---,---,---,0
706735,雙鴻元大59購26,0.38,+0.03,0.38,0.38,0.38,"10,000"
706736,譜瑞元大59購03,---,---,---,---,---,0
706737,中美晶凱基59購02,---,---,---,---,---,0
706738,世紀*凱基59購03,---,---,---,---,---,0
706740,立碁凱基59購01,0.40,-0.11,0.56,0.56,0.40,"101,000"
706741,均豪凱基59購03,---,---,---,---,---,0
706742,宜特凱基59購05,0.74,+0.05,0.82,0.82,0.74,"310,000"
706743,前鼎凱基61購01,2.72,+0.61,2.76,2.90,2.72,"42,000"
706744,順達凱基59購03,0.34,-0.02,0.34,0.34,0.34,"197,000"
706745,聖暉*凱基5A購01,---,---,---,---,---,0
706746,頎邦凱基59購03,---,---,---,---,---,0
706747,精材凱基59購03,---,---,---,---,---,0
706748,聚和凱基5A購02,0.67,+0.07,0.67,0.67,0.67,"3,000"
706749,雙鴻凱基61購01,0.73,+0.06,0.73,0.77,0.73,"568,000"
706750,鑫聯凱基59購03,1.22,+0.23,1.08,1.26,1.08,"65,000"
706751,聖暉*兆豐5B購02,1.42,+0.20,1.44,1.44,1.42,"216,000"
706752,久元國票5A購01,---,---,---,---,---,0
706753,元債20國票59購01,---,---,---,---,---,0
706754,世紀*國票5A購02,0.11,+0.01,0.11,0.11,0.11,"184,000"
706755,矽科國票5A購01,---,---,---,---,---,0
706756,矽科國票5A購02,---,---,---,---,---,0
706757,常珵國票59購02,0.32,-0.06,0.35,0.35,0.32,"153,000"
706758,捷創國票59購01,---,---,---,---,---,0
706759,捷創國票5A購01,---,---,---,---,---,0
706760,順達國票5B購01,0.62,+0.01,0.72,0.72,0.62,"115,000"
706761,聖暉*國票5A購04,2.22,+0.22,2.09,2.22,2.09,"349,000"
706762,久元元大59購01,---,---,---,---,---,0
706765,巨漢元大59購04,0.93,+0.04,0.93,0.93,0.93,"10,000"
706766,立碁元大59購02,---,---,---,---,---,0
706767,宏捷科元大59購03,0.58,+0.07,0.61,0.62,0.58,"55,000"
706768,良維元大59購20,---,---,---,---,---,0
706769,協易機元大59購02,---,---,---,---,---,0
706770,矽科元大59購01,---,---,---,---,---,0
706771,矽科元大59購02,---,---,---,---,---,0
706772,捷創元大59購01,---,---,---,---,---,0
706773,捷創元大59購02,---,---,---,---,---,0
706774,順達元大59購03,---,---,---,---,---,0
706775,順達元大59購04,1.22,+0.15,1.27,1.27,1.22,"99,000"
706776,順達元大59購05,1.23,+0.06,1.34,1.34,1.17,"283,000"
706779,精材元大59購02,---,---,---,---,---,0
706780,臺慶科元大59購04,---,---,---,---,---,0
706781,雙鴻元大59購27,0.44,+0.05,0.43,0.44,0.43,"108,000"
706782,印能國泰5A購02,---,---,---,---,---,0
706783,前鼎國泰5A購02,---,---,---,---,---,0
706784,聖暉*國泰5A購01,---,---,---,---,---,0
706785,聖暉*國泰5A購02,1.74,+0.15,1.74,1.74,1.74,"15,000"
706786,世界群益59購03,4.17,+0.36,4.08,5.05,4.08,"26,000"
706787,台特化群益5A購02,---,---,---,---,---,0
706788,宜特群益59購02,1.06,+0.08,1.16,1.16,1.06,"1,027,000"
706789,前鼎群益5B購01,---,---,---,---,---,0
706790,順達群益5B購02,---,---,---,---,---,0
706791,萬泰科群益5A購01,---,---,---,---,---,0
706792,雙鴻群益59購13,---,---,---,---,---,0
706793,元太富邦5B購02,---,---,---,---,---,0
706794,宜特富邦5B購01,---,---,---,---,---,0
706795,前鼎富邦5B購01,---,---,---,---,---,0
706796,鈊象富邦5B購02,1.42,+0.03,1.42,1.42,1.42,"7,000"
706797,頎邦富邦5C購01,---,---,---,---,---,0
706798,雙鴻富邦5B購01,0.79,+0.02,0.77,0.79,0.77,"106,000"
706799,立碁統一63購01,---,---,---,---,---,0
706800,立碁統一66購01,---,---,---,---,---,0
706801,順達統一63購02,---,---,---,---,---,0
706802,順達統一66購01,0.59,+0.19,0.59,0.59,0.59,"6,000"
706803,聖暉*統一65購01,0.98,+0.01,1.01,1.01,0.98,"40,000"
706804,雙鴻統一66購01,0.34,+0.05,0.34,0.34,0.34,"50,000"
706805,順達中信59購01,---,---,---,---,---,0
706806,世界永豐59購04,---,---,---,---,---,0
706807,矽科永豐5B購01,0.79,+0.07,0.79,0.79,0.79,"10,000"
706808,聖暉*永豐5B購02,1.25,+0.20,1.27,1.27,1.25,"126,000"
706809,頎邦永豐5A購01,---,---,---,---,---,0
706810,久元元富59購01,---,---,---,---,---,0
706812,前鼎元富59購02,---,---,---,---,---,0
706813,勤凱元富59購02,2.06,+0.32,1.97,2.11,1.97,"32,000"
706814,聖暉*元富59購03,---,---,---,---,---,0
706815,鑫聯元富59購03,2.17,+0.43,2.06,2.17,2.06,"2,000"
706816,聖暉*台新59購01,---,---,---,---,---,0
706819,台特化凱基59購06,---,---,---,---,---,0
706820,台燿凱基59購07,---,---,---,---,---,0
706821,巨漢凱基59購03,1.28,+0.07,1.28,1.31,1.28,"31,000"
706823,東捷凱基59購02,2.69,+0.37,2.90,2.90,2.53,"70,000"
706825,前鼎凱基5B購01,1.60,-1.27,3.64,3.64,1.60,"15,000"
706826,順達凱基5B購02,---,---,---,---,---,0
706827,聚和康和59購01,---,---,---,---,---,0
706828,凡甲元大59購02,1.92,0.00,1.92,1.92,1.92,"500,000"
706829,元債20元大5B購02,---,---,---,---,---,0
706830,元債20元大62購01,---,---,---,---,---,0
706831,元債20元大65購01,0.32,+0.02,0.32,0.32,0.32,"499,000"
706833,台燿元大59購18,---,---,---,---,---,0
706835,台燿元大59購20,---,---,---,---,---,0
706836,宏捷科元大59購04,---,---,---,---,---,0
706838,良維元大59購22,---,---,---,---,---,0
706839,宜特元大59購04,---,---,---,---,---,0
706840,東捷元大59購02,2.71,+0.05,2.71,2.71,2.71,"42,000"
706841,華電網元大5C購01,---,---,---,---,---,0
706842,鈊象元大59購02,1.24,+0.05,1.23,1.24,1.23,"97,000"
706843,鈊象元大5C購04,0.84,0.00,0.84,0.84,0.84,"5,000"
706844,鈊象元大63購04,0.53,0.00,0.53,0.53,0.53,"1,000"
706845,萬泰科元大63購01,---,---,---,---,---,0
706846,雙鴻元大59購28,0.46,+0.07,0.46,0.46,0.46,"94,000"
706847,雙鴻元大59購29,---,---,---,---,---,0
706848,台燿中信59購07,---,---,---,---,---,0
706849,台燿永豐5B購02,---,---,---,---,---,0
706850,東捷永豐5C購01,2.55,+0.23,2.52,2.55,2.52,"91,000"
706851,前鼎永豐5B購02,1.43,+0.31,1.43,1.43,1.43,"2,000"
706852,鈊象永豐5B購01,0.64,+0.02,0.64,0.64,0.63,"172,000"
706853,東捷國泰5A購02,3.67,+0.50,3.62,3.67,3.62,"30,000"
706855,宜特元富59購01,---,---,---,---,---,0
706856,宜特元富5C購01,---,---,---,---,---,0
706857,匯鑽科元富5A購01,---,---,---,---,---,0
706858,聖暉*元富59購04,---,---,---,---,---,0
706859,漢科元富5A購01,---,---,---,---,---,0
706860,廣運元富5C購01,---,---,---,---,---,0
706861,德微元富59購04,---,---,---,---,---,0
706862,穩得元富59購02,---,---,---,---,---,0
706863,中美晶群益62購01,2.99,+0.37,2.99,2.99,2.99,"3,000"
706865,東捷群益62購01,5.25,+0.78,5.15,5.25,5.15,"20,000"
706866,東捷群益63購02,3.71,+0.35,3.77,3.80,3.71,"26,000"
706868,順達群益5A購02,---,---,---,---,---,0
706869,鈊象群益59購02,0.95,+0.01,0.95,0.95,0.95,"10,000"
706870,鈊象群益59購03,---,---,---,---,---,0
706871,鈊象群益5B購01,---,---,---,---,---,0
706872,聖暉*群益5C購01,2.18,+0.28,2.17,2.18,2.17,"15,000"
706873,精材群益59購05,---,---,---,---,---,0
706874,雙鴻群益59購14,---,---,---,---,---,0
706875,鑫科群益5B購01,0.45,+0.03,0.45,0.45,0.45,"40,000"
706876,久元國票5A購02,0.45,+0.06,0.45,0.45,0.45,"2,000"
706877,美琪瑪國票5A購02,---,---,---,---,---,0
706878,神盾國票62購01,---,---,---,---,---,0
706879,鈊象國票5A購03,---,---,---,---,---,0
706880,頎邦國票5A購03,6.90,+1.35,6.90,6.90,6.90,"1,000"
706881,世紀*元大59購02,---,---,---,---,---,0
706886,良維元大59購23,---,---,---,---,---,0
706887,東捷元大5C購01,---,---,---,---,---,0
706889,順達元大59購07,1.08,0.00,1.29,1.29,1.07,"337,000"
706890,順達元大59購08,---,---,---,---,---,0
706891,順達元大59購09,---,---,---,---,---,0
706892,鈊象元大63購05,1.63,+0.02,1.64,1.64,1.63,"23,000"
706893,頎邦元大59購03,---,---,---,---,---,0
706894,頎邦元大63購05,---,---,---,---,---,0
706895,均豪國泰5B購01,0.80,+0.08,0.80,0.80,0.80,"85,000"
706896,宏觀富邦5B購02,---,---,---,---,---,0
706897,凡甲凱基59購02,1.92,+0.04,2.00,2.00,1.92,"9,000"
706898,元債20凱基5B購01,---,---,---,---,---,0
706899,宜特凱基59購06,---,---,---,---,---,0
706900,鈊象凱基5B購01,1.38,+0.06,1.38,1.38,1.38,"14,000"
706901,聖暉*凱基5B購03,---,---,---,---,---,0
706902,雙鴻凱基59購18,1.18,0.00,1.18,1.18,1.18,"24,000"
706903,台燿國票5B購02,11.70,+2.55,11.00,11.70,11.00,"3,000"
706904,信音國票59購01,0.26,+0.03,0.26,0.26,0.26,"40,000"
706905,宣德國票5B購01,0.16,+0.02,0.16,0.16,0.16,"1,000"
706906,蜜望實國票59購01,---,---,---,---,---,0
706907,雙鴻國票5B購02,0.63,+0.05,0.68,0.68,0.63,"70,000"
706908,台燿群益59購07,10.30,+1.95,10.30,10.30,10.30,"1,000"
706909,順達群益59購01,---,---,---,---,---,0
706910,元太元富63購01,---,---,---,---,---,0
706911,台燿元富59購07,---,---,---,---,---,0
706912,神盾元富59購01,---,---,---,---,---,0
706913,神盾元富59購02,---,---,---,---,---,0
706914,鈊象中信63購01,0.27,0.00,0.28,0.28,0.27,"50,000"
706915,中光電永豐5B購01,2.01,+0.02,1.80,2.01,1.80,"16,000"
706916,元太永豐5B購01,2.90,+0.15,2.90,2.90,2.90,"5,000"
706917,宜特永豐59購03,0.42,+0.04,0.42,0.42,0.42,"56,000"
706918,環球晶永豐5B購02,---,---,---,---,---,0
706919,雙鴻永豐5C購02,0.74,+0.08,0.75,0.75,0.74,"243,000"
706920,久元永豐5A購01,---,---,---,---,---,0
706921,協易機永豐5C購01,0.20,+0.02,0.20,0.20,0.20,"5,000"
706922,宜特永豐5C購02,---,---,---,---,---,0
706923,信音永豐5C購01,0.67,+0.07,0.67,0.67,0.67,"13,000"
706924,勤凱永豐61購01,0.69,+0.10,0.69,0.69,0.69,"6,000"
706925,匯鑽科永豐61購01,0.42,+0.03,0.42,0.42,0.42,"20,000"
706926,精星永豐5B購01,0.28,+0.02,0.27,0.28,0.27,"93,000"
706927,廣閎科永豐5C購01,4.88,+0.52,5.55,5.55,4.88,"6,000"
706928,台燿凱基5B購03,7.65,-2.85,7.65,7.65,7.65,"1,000"
706929,宏觀凱基5A購01,---,---,---,---,---,0
706930,良維凱基5A購03,---,---,---,---,---,0
706932,順達凱基5A購02,---,---,---,---,---,0
706934,千附國票5B購01,1.86,-0.07,1.83,1.86,1.83,"25,000"
706935,千附精國票5B購01,2.09,+0.27,2.12,2.12,2.09,"51,000"
706936,盈正國票5B購01,---,---,---,---,---,0
706937,寬宏國票5A購01,---,---,---,---,---,0
706938,廣閎科國票5B購01,---,---,---,---,---,0
706939,久元國泰5B購01,---,---,---,---,---,0
706940,華電網國泰5B購01,---,---,---,---,---,0
706941,精材國泰5B購01,---,---,---,---,---,0
706942,久元富邦5C購01,0.53,+0.05,0.53,0.53,0.53,"2,000"
706946,台燿元大64購01,---,---,---,---,---,0
706947,印能元大5A購01,---,---,---,---,---,0
706948,印能元大64購01,3.29,-0.44,3.45,3.45,3.29,"13,000"
706949,良維元大61購01,2.05,+0.07,2.12,2.12,2.05,"5,000"
706950,東捷元大61購01,---,---,---,---,---,0
706951,順達元大5A購06,0.95,+0.15,1.02,1.02,0.94,"224,000"
706952,順達元大64購01,---,---,---,---,---,0
706953,鈊象元大64購02,---,---,---,---,---,0
706954,匯鑽科元大5A購01,---,---,---,---,---,0
706955,匯鑽科元大5A購02,---,---,---,---,---,0
706956,點序元大5A購01,---,---,---,---,---,0
706957,雙鴻元大5A購05,1.22,+0.10,1.28,1.32,1.22,"348,000"
706958,世紀*群益5A購01,---,---,---,---,---,0
706959,台燿群益5A購01,---,---,---,---,---,0
706960,印能群益5A購01,2.98,-0.72,3.67,3.67,2.98,"2,000"
706962,亞電群益5C購01,---,---,---,---,---,0
706963,匯鑽科群益5C購01,0.39,+0.11,0.38,0.39,0.38,"4,000"
706964,鈺太群益5A購02,---,---,---,---,---,0
706965,千附凱基5B購01,---,---,---,---,---,0
706966,千附精凱基5B購01,2.53,+0.33,2.53,2.53,2.53,"1,000"
706967,世紀*凱基5A購01,0.17,+0.07,0.17,0.17,0.17,"1,000"
706968,印能凱基64購01,2.97,-0.64,3.45,3.45,2.97,"21,000"
706969,神盾凱基63購01,---,---,---,---,---,0
706970,鈊象凱基64購01,1.72,+0.11,1.72,1.72,1.72,"32,000"
706971,雙鴻凱基5A購05,0.76,+0.14,0.76,0.76,0.76,"25,000"
706972,印能國票5A購03,3.80,-0.07,3.99,3.99,3.73,"24,000"
706973,宏碩國票5C購01,0.09,+0.01,0.10,0.10,0.09,"20,000"
706975,高僑國票61購01,---,---,---,---,---,0
706976,新門國票61購01,---,---,---,---,---,0
706977,耀勝國票61購01,---,---,---,---,---,0
706978,印能國泰5B購01,---,---,---,---,---,0
706979,穩得國泰5B購01,---,---,---,---,---,0
706980,神盾統一64購01,0.46,+0.04,0.47,0.47,0.46,"241,000"
706981,神盾統一64購02,0.45,+0.04,0.45,0.45,0.45,"4,000"
706982,印能永豐64購01,3.71,-0.86,4.61,4.61,3.71,"662,000"
706983,宏觀永豐5C購01,0.32,0.00,0.32,0.32,0.32,"31,000"
706984,亞電永豐61購01,7.35,+1.30,7.35,7.35,7.35,"1,000"
706985,原相永豐5B購02,1.61,+0.18,1.61,1.61,1.61,"1,000"
706986,神盾永豐5C購02,0.47,+0.06,0.48,0.48,0.47,"143,000"
706987,創泓永豐5C購01,---,---,---,---,---,0
706988,撼訊永豐5C購01,---,---,---,---,---,0
706989,元太元大5A購01,2.42,+0.12,2.47,2.52,2.38,"109,000"
706990,天品元大5A購01,0.11,0.00,0.11,0.11,0.11,"19,000"
706991,世紀*元大5A購01,0.11,+0.01,0.11,0.11,0.11,"30,000"
706994,宏捷科元大5A購01,0.62,+0.08,0.66,0.66,0.62,"20,000"
706995,匯鑽科元大5A購03,---,---,---,---,---,0
706996,精材元大5A購03,7.45,+1.65,7.45,7.45,7.45,"10,000"
706997,加百裕群益5A購01,0.22,+0.03,0.22,0.22,0.22,"20,000"
706998,印能群益5A購02,2.95,-0.73,3.62,3.64,2.95,"176,000"
706999,均豪群益62購01,---,---,---,---,---,0
707000,高僑群益5B購01,---,---,---,---,---,0
707001,常珵群益5A購01,0.28,-0.16,0.31,0.31,0.28,"63,000"
707002,鈊象群益5A購01,---,---,---,---,---,0
707003,群翊群益5B購01,---,---,---,---,---,0
707004,雙鴻群益5A購05,2.40,-0.09,2.36,2.57,2.36,"77,000"
707006,台嘉碩元大5A購01,---,---,---,---,---,0
707007,印能元大5A購02,---,---,---,---,---,0
707008,印能元大5A購03,---,---,---,---,---,0
707009,印能元大5A購05,3.70,-0.09,3.59,3.70,3.59,"33,000"
707010,印能元大5A購06,3.02,-0.60,3.02,3.02,3.02,"5,000"
707011,印能元大5B購01,3.22,-0.44,3.86,3.86,3.22,"432,000"
707012,印能元大5C購02,1.94,-0.33,2.06,2.06,1.94,"3,000"
707013,印能元大61購01,---,---,---,---,---,0
707014,印能元大64購02,1.13,-0.14,1.34,1.34,1.13,"49,000"
707015,均豪元大5A購01,0.21,+0.08,0.21,0.21,0.21,"1,000"
707016,宏捷科元大5A購02,0.55,+0.06,0.59,0.59,0.55,"8,000"
707017,宏捷科元大5C購03,---,---,---,---,---,0
707018,系微元大5A購01,0.51,+0.08,0.48,0.51,0.48,"260,000"
707019,宜特元大5A購01,1.24,+0.06,1.24,1.24,1.24,"6,000"
707020,信立元大5A購01,0.17,+0.07,0.17,0.17,0.17,"10,000"
707022,美琪瑪元大5A購01,0.55,+0.05,0.55,0.55,0.55,"35,000"
707023,華電網元大5A購01,---,---,---,---,---,0
707024,廣閎科元大5A購01,3.10,+0.66,3.10,3.10,3.10,"10,000"
707025,雙鴻元大61購11,---,---,---,---,---,0
707026,久昌凱基5A購01,---,---,---,---,---,0
707027,台燿凱基5B購04,7.30,-2.60,7.30,7.30,7.30,"1,000"
707028,印能凱基5A購03,4.00,+0.99,3.35,4.00,3.33,"90,000"
707029,宏觀凱基5B購02,---,---,---,---,---,0
707030,系微凱基5A購02,0.59,+0.10,0.56,0.59,0.56,"310,000"
707031,協易機凱基5A購01,---,---,---,---,---,0
707033,前鼎凱基5A購03,0.65,-0.80,2.07,2.15,0.65,"17,000"
707035,陽程凱基5A購01,1.41,-1.22,3.20,3.20,1.41,"20,000"
707036,陽程凱基5A購02,1.03,-1.35,2.93,3.36,1.03,"24,000"
707037,廣閎科凱基5B購01,---,---,---,---,---,0
707038,衛司特凱基5A購01,1.25,+0.20,1.28,1.28,1.25,"216,000"
707039,久昌國票5B購01,0.09,+0.01,0.09,0.09,0.09,"12,000"
707040,千如國票5B購01,1.22,+0.12,1.34,1.34,1.22,"71,000"
707041,台嘉碩國票5A購01,---,---,---,---,---,0
707042,印能國票5B購01,1.55,-0.39,2.04,2.11,1.51,"1,551,000"
707043,沛亨國票5B購01,0.54,+0.08,0.54,0.54,0.54,"20,000"
707044,威聯通國票5B購01,0.18,+0.02,0.19,0.19,0.18,"20,000"
707045,茂綸國票5B購01,0.98,+0.19,0.98,0.98,0.97,"70,000"
707046,博盛國票5B購01,0.86,+0.07,0.92,0.92,0.86,"90,000"
707047,衛司特國票5B購01,0.56,+0.15,0.48,0.56,0.48,"569,000"
707048,雙鴻中信64購01,0.55,+0.03,0.55,0.57,0.55,"81,000"
707049,久昌永豐5A購01,---,---,---,---,---,0
707050,印能永豐5A購02,1.66,-0.54,2.40,2.40,1.66,"58,000"
707051,印能永豐61購01,3.50,-0.50,3.30,3.50,3.02,"3,000"
707052,同致永豐5C購01,---,---,---,---,---,0
707053,同致永豐61購01,---,---,---,---,---,0
707054,安葆永豐5B購01,---,---,---,---,---,0
707055,宏碩永豐61購01,---,---,---,---,---,0
707056,宜特永豐5B購01,---,---,---,---,---,0
707057,威聯通永豐5A購01,---,---,---,---,---,0
707058,晟德永豐5B購01,0.78,+0.01,0.75,0.78,0.75,"107,000"
707060,智通*永豐5C購01,---,---,---,---,---,0
707061,鈺太永豐5C購01,---,---,---,---,---,0
707062,磐亞永豐5B購01,6.30,+1.00,6.30,6.30,6.30,"2,000"
707063,台嘉碩國泰5B購01,2.78,+0.08,2.80,2.85,2.77,"19,000"
707064,金山電國泰5B購01,---,---,---,---,---,0
707065,群翊國泰5B購01,---,---,---,---,---,0
707066,元太富邦5C購01,---,---,---,---,---,0
707067,雙鴻富邦5C購05,1.03,+0.13,1.00,1.04,0.98,"489,000"
707068,雙鴻富邦5C購06,0.97,-0.01,0.97,1.01,0.95,"290,000"
707069,台燿統一67購01,---,---,---,---,---,0
707070,台燿統一74購01,2.90,+0.39,2.78,2.90,2.78,"7,000"
707071,立碁統一67購01,---,---,---,---,---,0
707072,立碁統一74購01,0.69,-0.05,0.75,0.75,0.68,"167,000"
707073,印能統一63購02,1.16,-0.30,1.39,1.39,1.16,"40,000"
707074,印能統一74購01,2.28,+0.07,2.28,2.28,2.28,"6,000"
707075,沛亨統一74購01,0.60,+0.06,0.60,0.60,0.60,"1,000"
707076,系統電統一67購01,0.45,+0.04,0.45,0.45,0.45,"10,000"
707077,東捷統一63購01,---,---,---,---,---,0
707078,能率統一67購01,0.90,+0.17,0.82,0.90,0.82,"106,000"
707079,華電網統一64購01,---,---,---,---,---,0
707080,華電網統一74購01,0.35,+0.02,0.35,0.35,0.35,"8,000"
707082,順達統一63購03,0.52,-0.03,0.55,0.55,0.46,"43,000"
707083,頎邦統一63購01,2.91,+0.63,2.66,2.91,2.66,"16,000"
707084,頎邦統一64購01,---,---,---,---,---,0
707085,頎邦統一66購01,---,---,---,---,---,0
707086,廣閎科統一64購01,---,---,---,---,---,0
707087,廣閎科統一74購01,0.98,+0.07,1.03,1.03,0.98,"26,000"
707088,德微統一67購01,---,---,---,---,---,0
707089,雙鴻統一62購05,0.58,+0.10,0.60,0.60,0.58,"4,000"
707090,雙鴻統一66購02,---,---,---,---,---,0
707091,久元群益5A購01,0.49,+0.11,0.49,0.49,0.49,"1,000"
707092,千附群益5A購01,---,---,---,---,---,0
707093,友輝群益5A購01,---,---,---,---,---,0
707094,正淩群益5A購01,---,---,---,---,---,0
707095,同致群益5A購01,---,---,---,---,---,0
707096,岳豐群益5A購01,0.12,-0.05,0.12,0.12,0.12,"1,000"
707097,茂綸群益5A購01,---,---,---,---,---,0
707098,倚強群益5A購01,0.42,+0.10,0.39,0.42,0.39,"5,000"
707100,聚和群益5A購01,---,---,---,---,---,0
707103,中光電兆豐64購01,2.37,+0.32,2.29,2.40,2.21,"175,000"
707106,矽科群益5A購01,0.67,+0.03,0.67,0.67,0.67,"2,000"
707107,矽科群益5A購02,---,---,---,---,---,0
707108,群翊群益5C購01,---,---,---,---,---,0
707110,頎邦群益5B購01,---,---,---,---,---,0
707112,九豪凱基5A購02,---,---,---,---,---,0
707113,元太凱基5A購01,---,---,---,---,---,0
707115,矽科凱基5A購01,---,---,---,---,---,0
707116,茂綸凱基5A購01,---,---,---,---,---,0
707117,頎邦凱基64購01,2.44,-0.85,3.82,3.82,2.44,"14,000"
707118,廣閎科凱基5A購01,---,---,---,---,---,0
707119,雙鴻凱基5C購05,0.95,+0.09,0.98,0.98,0.95,"33,000"
707120,友輝國票5A購01,---,---,---,---,---,0
707121,正淩國票5B購02,---,---,---,---,---,0
707122,矽科國票5B購01,---,---,---,---,---,0
707123,耕興國票5B購01,---,---,---,---,---,0
707124,翔名國票5B購01,1.52,+0.13,1.52,1.52,1.52,"1,000"
707125,群翊國票5B購01,0.42,+0.07,0.40,0.42,0.40,"42,000"
707126,頎邦國票5B購01,4.70,+1.41,4.70,4.70,4.70,"3,000"
707127,磐亞國票5B購01,7.60,+1.40,7.60,7.60,7.60,"19,000"
707128,元太國泰5B購01,---,---,---,---,---,0
707129,宜特富邦5C購01,0.70,-0.01,0.74,0.76,0.70,"548,000"
707130,頎邦富邦61購01,---,---,---,---,---,0
707131,精材富邦5A購01,---,---,---,---,---,0
707132,聚和富邦5A購01,0.24,+0.05,0.23,0.24,0.23,"625,000"
707133,正淩統一63購01,0.46,+0.06,0.44,0.46,0.44,"283,000"
707134,同致統一64購01,0.30,-0.01,0.30,0.30,0.30,"141,000"
707135,同致統一74購01,---,---,---,---,---,0
707136,協易機統一66購01,0.35,+0.03,0.35,0.35,0.35,"1,000"
707137,翔名統一74購01,---,---,---,---,---,0
707138,陽程統一64購02,1.08,+0.14,1.00,1.08,1.00,"811,000"
707139,陽程統一74購01,0.82,+0.06,0.80,0.82,0.80,"234,000"
707140,萬泰科統一74購01,---,---,---,---,---,0
707141,群翊統一63購01,0.57,+0.06,0.56,0.57,0.56,"195,000"
707142,群翊統一74購01,0.46,+0.03,0.46,0.46,0.46,"1,000"
707143,頎邦統一64購02,---,---,---,---,---,0
707144,頎邦統一67購01,1.35,+0.18,1.40,1.40,1.35,"34,000"
707146,均豪永豐5A購01,1.04,+0.16,1.00,1.04,1.00,"106,000"
707147,宏捷科永豐5C購01,0.87,+0.14,0.88,0.88,0.87,"50,000"
707149,美琪瑪永豐5B購01,---,---,---,---,---,0
707150,茂訊永豐5B購01,3.45,+0.38,3.30,3.45,3.30,"45,000"
707151,茂綸永豐5A購01,1.39,+0.19,1.46,1.58,1.39,"260,000"
707152,湧德永豐5B購01,0.39,+0.05,0.39,0.39,0.39,"118,000"
707153,陽程永豐5C購01,4.21,+0.62,4.13,4.21,4.13,"75,000"
707154,群翊永豐5A購01,0.92,+0.12,0.92,0.92,0.92,"20,000"
707155,衛司特永豐5A購01,---,---,---,---,---,0
707156,璟德永豐5A購01,---,---,---,---,---,0
707157,環球晶永豐5A購01,---,---,---,---,---,0
707158,雙鴻永豐5C購03,0.97,+0.06,0.97,1.03,0.97,"47,000"
707159,九豪元大5A購01,1.25,+0.08,1.25,1.25,1.25,"10,000"
707161,台燿元大61購04,---,---,---,---,---,0
707163,前鼎元大5A購02,---,---,---,---,---,0
707164,翔名元大5A購01,1.82,+0.20,1.82,1.82,1.82,"1,000"
707166,頎邦元大5A購02,---,---,---,---,---,0
707167,雙鴻元大61購12,1.95,+0.20,1.95,1.95,1.95,"1,000"
707168,鑫聯元大5A購01,---,---,---,---,---,0
707169,台燿凱基61購02,3.06,-1.30,5.65,5.65,3.06,"36,000"
707170,同致凱基5A購01,---,---,---,---,---,0
707171,捷創凱基5A購01,---,---,---,---,---,0
707172,翔名凱基5A購01,---,---,---,---,---,0
707173,華景電凱基5A購01,0.26,+0.06,0.26,0.26,0.26,"1,000"
707174,華景電凱基5A購02,0.52,+0.18,0.52,0.52,0.52,"1,000"
707175,鈊象凱基64購02,1.68,+0.14,1.68,1.68,1.68,"10,000"
707176,群翊凱基5C購01,0.71,+0.10,0.71,0.71,0.71,"2,000"
707177,頎邦凱基5A購02,---,---,---,---,---,0
707178,世界群益5C購01,1.22,-0.14,1.24,1.24,1.22,"115,000"
707179,台半群益5A購01,3.65,+0.67,3.61,3.65,3.61,"3,000"
707180,台燿群益5A購03,---,---,---,---,---,0
707181,台燿群益5B購02,7.90,+1.20,7.90,7.90,7.90,"2,000"
707182,捷創群益5B購01,---,---,---,---,---,0
707183,華景電群益5A購01,---,---,---,---,---,0
707184,陽程群益5A購01,---,---,---,---,---,0
707185,勤凱群益5B購01,---,---,---,---,---,0
707186,元債20國票5B購01,---,---,---,---,---,0
707187,台燿國票5B購03,7.95,+1.80,7.95,7.95,7.95,"1,000"
707188,安葆國票5B購01,0.04,+0.01,0.04,0.04,0.04,"504,000"
707189,華景電國票5B購01,0.49,+0.10,0.47,0.50,0.47,"500,000"
707191,廣閎科國票5B購02,---,---,---,---,---,0
707192,鈺太國泰5B購01,0.61,+0.20,0.45,0.64,0.45,"472,000"
707193,雙鴻國泰67購01,---,---,---,---,---,0
707194,久元統一64購01,0.51,+0.04,0.49,0.51,0.49,"132,000"
707195,湧德統一74購01,0.41,+0.03,0.41,0.41,0.40,"150,000"
707196,華景電統一64購01,0.54,+0.05,0.53,0.54,0.53,"526,000"
707197,華景電統一64購02,---,---,---,---,---,0
707198,華景電統一65購01,0.68,+0.08,0.68,0.68,0.68,"100,000"
707199,華景電統一68購01,---,---,---,---,---,0
707200,華景電統一74購01,---,---,---,---,---,0
707201,陽程統一65購01,---,---,---,---,---,0
707202,陽程統一68購01,---,---,---,---,---,0
707203,群翊統一64購01,---,---,---,---,---,0
707204,群翊統一74購02,0.62,+0.03,0.62,0.62,0.62,"21,000"
707205,頎邦統一64購03,1.85,+0.42,1.74,1.85,1.74,"11,000"
707206,大中元大5A購01,---,---,---,---,---,0
707208,台燿元大61購05,6.00,+0.85,6.00,6.00,6.00,"2,000"
707209,台燿元大64購04,3.39,+0.44,3.39,3.39,3.39,"10,000"
707210,宏觀元大64購01,---,---,---,---,---,0
707211,系微元大5A購02,0.44,+0.06,0.44,0.44,0.44,"78,000"
707213,良維元大5B購01,1.27,+0.05,1.33,1.33,1.27,"6,000"
707214,東捷元大5A購01,---,---,---,---,---,0
707215,信紘科元大5A購01,0.45,+0.06,0.45,0.45,0.44,"314,000"
707216,華景電元大5A購01,---,---,---,---,---,0
707217,華景電元大5A購02,0.58,+0.08,0.59,0.59,0.58,"326,000"
707218,順達元大5A購07,0.98,-0.04,1.20,1.22,0.98,"609,000"
707219,順達元大5A購08,1.36,-0.03,1.60,1.60,1.34,"85,000"
707220,群翊元大5A購01,0.35,+0.14,0.35,0.35,0.35,"1,000"
707221,雙鴻元大64購02,1.58,+0.08,1.62,1.66,1.57,"422,000"
707222,世界永豐61購01,2.03,+0.21,2.09,2.09,2.02,"209,000"
707223,台半永豐5B購01,---,---,---,---,---,0
707224,台燿永豐5A購03,6.10,+1.29,6.10,6.10,6.10,"5,000"
707225,台燿永豐61購02,---,---,---,---,---,0
707226,矽科永豐5B購02,---,---,---,---,---,0
707227,華景電永豐5C購01,0.95,+0.13,0.94,0.95,0.92,"66,000"
707228,華景電永豐61購01,0.81,+0.18,0.79,0.81,0.79,"32,000"
707229,順達永豐5B購02,---,---,---,---,---,0
707230,頎邦永豐5C購01,2.77,+0.46,2.72,2.78,2.72,"44,000"
707231,順達兆豐5C購01,0.31,+0.01,0.31,0.31,0.31,"10,000"
707232,安葆凱基5A購01,---,---,---,---,---,0
707233,陽程凱基5A購03,1.28,-1.34,3.20,3.25,1.28,"41,000"
707234,順達凱基5A購03,---,---,---,---,---,0
707235,新盛力凱基5A購01,2.25,+0.21,2.25,2.25,2.25,"1,000"
707236,新盛力凱基5A購02,---,---,---,---,---,0
707237,頎邦凱基5B購01,1.17,-1.20,3.05,3.30,1.17,"24,000"
707238,廣閎科凱基5A購02,---,---,---,---,---,0
707239,雙鴻凱基5A購06,---,---,---,---,---,0
707240,久元元大61購01,---,---,---,---,---,0
707242,家登元大5A購02,2.57,+0.45,2.55,2.57,2.44,"57,000"
707243,湧德元大5A購02,---,---,---,---,---,0
707244,湧德元大5A購03,---,---,---,---,---,0
707245,順達元大64購02,---,---,---,---,---,0
707246,鈊象元大61購01,1.61,0.00,1.62,1.62,1.58,"11,000"
707247,新盛力元大5A購01,---,---,---,---,---,0
707248,萬泰科元大5A購01,0.51,+0.13,0.51,0.51,0.51,"10,000"
707249,台星科國票5B購01,0.56,0.00,0.57,0.57,0.56,"106,000"
707250,台燿國票5B購04,6.90,+1.30,6.50,6.90,6.50,"40,000"
707251,順達國票5B購02,0.37,+0.02,0.43,0.44,0.37,"268,000"
707252,新盛力國票5A購01,2.27,+0.21,2.27,2.27,2.27,"1,000"
707253,新盛力國票5B購01,2.30,+0.15,2.40,2.42,2.30,"73,000"
707255,宏捷科國泰5B購01,0.50,+0.04,0.58,0.58,0.50,"27,000"
707256,宏捷科國泰5B購02,---,---,---,---,---,0
707257,台特化永豐5C購01,0.36,+0.07,0.36,0.36,0.36,"56,000"
707258,東捷永豐64購01,2.84,+0.20,2.93,2.95,2.84,"53,000"
707259,凌陽創永豐5A購01,---,---,---,---,---,0
707260,勤凱永豐5C購03,---,---,---,---,---,0
707261,新盛力永豐5B購01,---,---,---,---,---,0
707262,新盛力永豐5C購01,---,---,---,---,---,0
707263,萬泰科永豐64購01,---,---,---,---,---,0
707264,台燿統一64購02,2.38,+0.40,2.38,2.38,2.38,"63,000"
707265,宏捷科統一74購01,---,---,---,---,---,0
707266,東捷統一64購02,1.21,+0.05,1.27,1.28,1.21,"458,000"
707267,東捷統一66購01,---,---,---,---,---,0
707268,華景電統一63購01,0.43,+0.06,0.41,0.43,0.41,"278,000"
707269,勤凱統一74購01,---,---,---,---,---,0
707270,新盛力統一64購01,---,---,---,---,---,0
707271,新盛力統一68購01,---,---,---,---,---,0
707272,新盛力統一74購01,0.98,+0.06,0.96,0.98,0.96,"31,000"
707273,新盛力統一74購02,0.89,+0.04,0.89,0.90,0.86,"213,000"
707274,群翊統一64購02,0.44,+0.04,0.44,0.44,0.44,"40,000"
707275,鉅橡統一66購01,---,---,---,---,---,0
707276,頎邦統一74購01,1.08,+0.16,0.99,1.08,0.98,"234,000"
707277,廣閎科統一74購02,0.76,+0.04,0.76,0.76,0.76,"1,000"
707278,德微統一64購01,0.87,+0.17,0.85,0.89,0.85,"64,000"
707279,久元凱基61購01,0.44,+0.04,0.44,0.44,0.44,"3,000"
707280,中美晶凱基5A購02,---,---,---,---,---,0
707281,台星科凱基5A購01,---,---,---,---,---,0
707282,台燿凱基5A購02,2.59,-2.20,6.45,6.45,2.59,"13,000"
707283,均豪凱基5B購01,---,---,---,---,---,0
707284,宏觀凱基64購01,---,---,---,---,---,0
707285,旺矽凱基5A購04,1.88,+0.35,1.88,1.88,1.88,"8,000"
707286,順達凱基64購01,---,---,---,---,---,0
707287,廣閎科凱基5A購03,---,---,---,---,---,0
707288,鑫聯凱基5B購01,1.77,+0.31,1.83,1.83,1.77,"20,000"
707289,台燿兆豐5C購01,3.48,+0.78,3.35,3.48,3.35,"5,000"
707290,均豪兆豐5C購01,---,---,---,---,---,0
707291,雙鴻兆豐5C購01,---,---,---,---,---,0
707292,台星科元大5A購01,0.46,+0.02,0.49,0.51,0.46,"327,000"
707293,台星科元大5A購02,0.86,+0.09,0.79,0.86,0.79,"132,000"
707294,台燿元大5A購05,---,---,---,---,---,0
707295,台燿元大5A購06,---,---,---,---,---,0
707296,台燿元大5A購07,---,---,---,---,---,0
707297,台燿元大5A購08,4.10,+1.04,4.10,4.10,4.10,"2,000"
707298,台燿元大5A購09,2.43,+0.61,2.50,2.56,2.43,"13,000"
707299,台燿元大61購06,2.52,+0.52,2.52,2.52,2.40,"223,000"
707300,旺矽元大5A購02,6.00,+1.20,6.00,6.00,6.00,"1,000"
707301,旺矽元大61購01,2.65,+0.27,2.65,2.65,2.65,"25,000"
707302,信驊元大5B購01,---,---,---,---,---,0
707303,華景電元大5A購03,---,---,---,---,---,0
707304,陽程元大63購01,1.36,+0.18,1.38,1.38,1.36,"9,000"
707305,頎邦元大63購06,2.09,+0.37,2.09,2.09,2.09,"1,000"
707306,台燿永豐5C購03,4.80,+0.60,4.61,4.80,4.61,"41,000"
707307,台燿永豐64購02,3.93,+0.74,3.93,3.93,3.93,"1,000"
707308,台燿永豐67購01,---,---,---,---,---,0
707309,巨漢永豐5C購01,---,---,---,---,---,0
707310,安葆永豐5C購01,---,---,---,---,---,0
707311,均豪永豐5C購01,0.33,+0.03,0.34,0.34,0.33,"33,000"
707312,良維永豐5C購01,---,---,---,---,---,0
707313,旺矽永豐5A購03,2.15,+0.29,2.15,2.15,2.15,"1,000"
707314,旺矽永豐61購03,2.66,+0.53,2.66,2.66,2.66,"1,000"
707315,旺矽永豐64購02,3.21,+0.45,3.21,3.21,3.21,"120,000"
707316,長科*永豐5A購01,2.78,+0.68,2.78,2.78,2.78,"5,000"
707317,信驊永豐5A購03,2.08,+0.34,2.05,2.08,2.00,"98,000"
707318,前鼎永豐61購01,---,---,---,---,---,0
707319,翔名永豐5B購01,1.25,+0.11,1.25,1.25,1.25,"3,000"
707320,翔名永豐5B購02,0.66,+0.07,0.66,0.66,0.66,"9,000"
707321,鉅橡永豐5B購01,---,---,---,---,---,0
707322,廣閎科永豐5A購01,---,---,---,---,---,0
707323,均豪國泰61購01,0.74,+0.12,0.71,0.74,0.71,"45,000"
707324,精材國泰5B購02,---,---,---,---,---,0
707325,台燿富邦5A購02,---,---,---,---,---,0
707326,台燿富邦64購01,---,---,---,---,---,0
707327,旺矽富邦5C購01,---,---,---,---,---,0
707328,旺矽富邦64購01,1.82,+0.12,1.90,2.00,1.82,"28,000"
707329,群翊富邦62購01,0.56,+0.05,0.56,0.57,0.56,"368,000"
707330,台燿國票5B購05,5.80,+1.20,5.15,5.80,5.15,"108,000"
707331,台燿統一63購01,2.40,+0.50,2.40,2.40,2.33,"90,000"
707332,台燿統一64購03,1.49,+0.24,1.48,1.49,1.48,"7,000"
707333,台燿統一64購04,2.35,+0.25,2.35,2.52,2.35,"11,000"
707334,台燿統一66購02,2.00,+0.27,1.89,2.12,1.85,"806,000"
707335,台燿統一74購02,1.65,+0.21,1.55,1.69,1.55,"364,000"
707336,台燿統一74購03,1.27,0.00,1.38,1.38,1.14,"77,000"
707337,巨漢統一63購02,0.38,+0.02,0.38,0.38,0.38,"608,000"
707338,巨漢統一74購01,0.41,+0.02,0.41,0.41,0.41,"10,000"
707339,均豪統一64購01,---,---,---,---,---,0
707340,旺矽統一63購06,1.72,+0.24,1.70,1.75,1.70,"21,000"
707341,旺矽統一64購01,1.67,+0.18,1.74,1.74,1.67,"28,000"
707342,東捷統一74購01,0.67,+0.01,0.70,0.70,0.66,"1,277,000"
707343,前鼎統一64購01,1.21,+0.35,1.07,1.21,1.07,"24,000"
707344,翔名統一74購02,1.11,+0.07,1.10,1.11,1.10,"88,000"
707345,華景電統一74購02,---,---,---,---,---,0
707346,順達統一64購01,0.47,+0.03,0.47,0.47,0.47,"10,000"
707347,勤凱統一74購02,---,---,---,---,---,0
707348,新盛力統一63購01,---,---,---,---,---,0
707349,新盛力統一64購02,---,---,---,---,---,0
707350,新盛力統一74購03,1.36,+0.09,1.33,1.36,1.33,"134,000"
707351,鉅橡統一64購02,---,---,---,---,---,0
707352,頎邦統一74購02,1.12,+0.13,1.07,1.14,1.07,"87,000"
707353,頎邦統一74購03,1.14,+0.18,1.06,1.14,1.06,"342,000"
707354,廣閎科統一64購02,---,---,---,---,---,0
707355,廣閎科統一67購01,0.67,+0.07,0.70,0.70,0.65,"23,000"
707356,廣閎科統一74購03,1.08,+0.07,1.13,1.13,1.07,"195,000"
707357,勤凱台新5A購01,0.88,+0.13,0.88,0.88,0.88,"1,000"
707358,頎邦台新5A購01,4.97,+1.02,4.84,4.97,4.84,"14,000"
707359,元太凱基5A購02,4.23,+0.39,4.23,4.23,4.23,"9,000"
707360,宏捷科凱基5A購01,0.60,+0.04,0.60,0.60,0.60,"2,000"
707361,宜特凱基61購01,0.92,+0.08,0.92,0.92,0.92,"1,000"
707362,信紘科凱基5A購01,0.44,0.00,0.49,0.50,0.44,"30,000"
707363,威聯通凱基5A購01,---,---,---,---,---,0
707364,頎邦凱基63購01,2.72,+0.45,2.70,2.95,2.70,"23,000"
707365,精材凱基5A購02,---,---,---,---,---,0
707366,衛司特凱基5B購01,---,---,---,---,---,0
707367,璟德凱基5A購01,0.32,+0.06,0.32,0.32,0.32,"2,000"
707368,鴻呈凱基5A購01,---,---,---,---,---,0
707369,鈊象中信5C購02,0.36,-0.01,0.34,0.36,0.34,"52,000"
707370,立碁永豐5C購01,0.84,-0.08,0.99,0.99,0.84,"458,000"
707371,前鼎永豐61購02,0.81,+0.19,0.81,0.81,0.81,"1,000"
707372,群翊永豐5B購01,0.54,+0.07,0.54,0.54,0.54,"1,000"
707373,聖暉*永豐5C購01,---,---,---,---,---,0
707374,頎邦永豐61購01,1.58,+0.38,1.40,1.58,1.24,"138,000"
707375,環球晶永豐5C購01,---,---,---,---,---,0
707376,譜瑞永豐5C購01,1.31,+0.19,1.20,1.31,1.20,"453,000"
707377,天品國票5A購01,0.11,0.00,0.11,0.11,0.11,"25,000"
707378,泓格國票5A購01,---,---,---,---,---,0
707379,前鼎國票5B購02,---,---,---,---,---,0
707380,群翊國票5B購02,---,---,---,---,---,0
707381,頎邦國票5B購04,1.77,+0.37,1.77,1.77,1.77,"2,000"
707382,廣閎科國票5B購03,---,---,---,---,---,0
707383,衛司特國票5B購02,0.28,+0.06,0.28,0.28,0.28,"20,000"
707384,中美晶群益5A購01,---,---,---,---,---,0
707385,立敦群益5A購01,---,---,---,---,---,0
707387,前鼎群益5A購01,---,---,---,---,---,0
707388,湧德群益5B購02,---,---,---,---,---,0
707389,順達群益5A購03,0.30,-0.17,0.30,0.30,0.30,"44,000"
707390,群翊群益61購01,---,---,---,---,---,0
707392,頎邦群益5A購02,2.62,+0.62,2.62,2.62,2.62,"1,000"
707393,頎邦群益5B購02,2.67,+0.97,2.67,2.67,2.67,"1,000"
707394,廣閎科群益5B購01,2.15,+0.34,2.15,2.15,2.15,"1,000"
707395,譜瑞群益5B購01,---,---,---,---,---,0
707396,千附精元大5A購01,---,---,---,---,---,0
707397,天品元大61購01,---,---,---,---,---,0
707398,東捷元大5A購02,---,---,---,---,---,0
707399,勤凱元大5A購03,---,---,---,---,---,0
707400,群翊元大5A購02,---,---,---,---,---,0
707401,頎邦元大5B購01,---,---,---,---,---,0
707402,頎邦元大5C購02,---,---,---,---,---,0
707403,廣閎科元大5A購02,0.78,+0.20,0.78,0.78,0.78,"2,000"
707404,衛司特元大5A購01,0.31,+0.04,0.34,0.34,0.31,"13,000"
707405,群翊國泰5B購02,1.47,+0.19,1.47,1.47,1.47,"8,000"
707406,久元統一64購02,---,---,---,---,---,0
707407,巨漢統一74購02,---,---,---,---,---,0
707408,安葆統一74購01,---,---,---,---,---,0
707409,均豪統一63購02,---,---,---,---,---,0
707410,均豪統一74購01,---,---,---,---,---,0
707411,宜特統一74購01,0.47,+0.01,0.49,0.49,0.47,"102,000"
707412,東捷統一63購02,1.09,+0.07,1.12,1.16,1.09,"324,000"
707413,東捷統一74購02,0.88,+0.07,0.88,0.88,0.88,"4,000"
707414,前鼎統一74購01,0.76,+0.10,0.76,0.76,0.76,"1,000"
707415,宣德統一74購01,0.35,+0.01,0.35,0.35,0.35,"15,000"
707416,順達統一64購02,---,---,---,---,---,0
707417,萬泰科統一74購02,---,---,---,---,---,0
707418,群翊統一74購03,---,---,---,---,---,0
707419,鈺太統一74購01,0.43,+0.04,0.43,0.43,0.43,"183,000"
707420,宏觀富邦5C購01,---,---,---,---,---,0
707421,頎邦富邦5C購02,1.45,+0.23,1.42,1.45,1.42,"185,000"
707422,頎邦富邦61購02,1.40,+0.26,1.35,1.55,1.35,"78,000"
707423,廣閎科富邦5B購01,0.84,+0.17,0.84,0.84,0.84,"1,000"
707424,環球晶兆豐5C購01,---,---,---,---,---,0
707425,譜瑞兆豐64購01,1.30,+0.14,1.30,1.50,1.30,"287,000"
707426,千附精永豐5B購01,1.39,+0.14,1.39,1.39,1.39,"13,000"
707427,大車隊永豐5B購01,---,---,---,---,---,0
707428,兆利永豐5A購01,0.06,-0.06,0.06,0.06,0.06,"40,000"
707429,沛亨永豐61購01,0.48,+0.07,0.48,0.48,0.48,"201,000"
707430,宜特永豐61購01,---,---,---,---,---,0
707431,朋億*永豐5B購01,1.42,+0.26,1.42,1.42,1.42,"5,000"
707433,華景電永豐5B購01,0.39,+0.06,0.39,0.39,0.39,"50,000"
707434,陽程永豐5B購01,1.17,+0.27,1.02,1.17,1.02,"160,000"
707435,萬泰科永豐5C購02,---,---,---,---,---,0
707436,群翊永豐5C購01,---,---,---,---,---,0
707437,穩得永豐5C購01,0.17,+0.02,0.17,0.17,0.17,"1,000"
707438,元太群益5A購01,3.78,+0.32,3.78,3.78,3.78,"1,000"
707439,台星科群益61購01,---,---,---,---,---,0
707440,立碁群益5A購01,---,---,---,---,---,0
707441,宜特群益5C購01,---,---,---,---,---,0
707442,湧德群益61購02,---,---,---,---,---,0
707443,勤凱群益5B購02,---,---,---,---,---,0
707444,新應材群益5A購02,0.25,-0.06,0.25,0.25,0.25,"10,000"
707445,群翊群益64購01,0.58,+0.05,0.58,0.58,0.58,"10,000"
707447,巨漢國泰5B購01,---,---,---,---,---,0
707448,正淩國泰5B購01,0.41,+0.10,0.41,0.41,0.41,"5,000"
707449,立碁國泰5B購01,---,---,---,---,---,0
707450,陽程國泰5B購01,2.03,+0.30,1.85,2.03,1.85,"113,000"
707451,順達國泰5B購01,---,---,---,---,---,0
707452,穩得國泰5B購02,---,---,---,---,---,0
707453,千附統一64購01,0.96,+0.05,0.96,0.96,0.96,"1,000"
707454,千附精統一74購01,0.77,+0.05,0.77,0.77,0.77,"41,000"
707455,台星科統一74購01,0.70,+0.03,0.70,0.70,0.70,"5,000"
707456,巨漢統一64購01,---,---,---,---,---,0
707457,巨漢統一67購01,---,---,---,---,---,0
707458,正淩統一74購01,0.42,+0.01,0.42,0.42,0.42,"100,000"
707459,立敦統一74購01,0.94,+0.05,0.93,0.94,0.93,"27,000"
707460,兆利統一64購02,0.20,0.00,0.20,0.20,0.20,"10,000"
707461,金山電統一74購01,1.52,+0.02,1.53,1.56,1.47,"172,000"
707462,信昌電統一64購02,---,---,---,---,---,0
707463,美琪瑪統一63購01,0.53,+0.04,0.53,0.53,0.53,"3,000"
707464,美琪瑪統一64購02,---,---,---,---,---,0
707465,湧德統一64購01,---,---,---,---,---,0
707466,湧德統一64購02,0.27,+0.03,0.27,0.27,0.27,"2,000"
707467,陽程統一66購01,0.84,+0.08,0.79,0.84,0.78,"248,000"
707468,陽程統一74購02,0.71,+0.07,0.71,0.71,0.71,"76,000"
707469,陽程統一74購03,0.86,+0.07,0.86,0.86,0.86,"67,000"
707470,順達統一74購01,0.48,0.00,0.48,0.48,0.48,"50,000"
707471,新應材統一67購01,0.39,+0.02,0.42,0.42,0.39,"91,000"
707472,聖暉*統一63購01,---,---,---,---,---,0
707473,鉅橡統一64購03,---,---,---,---,---,0
707474,蜜望實統一74購01,0.97,-0.01,1.01,1.01,0.97,"48,000"
707475,天品凱基61購01,---,---,---,---,---,0
707476,台星科凱基5A購02,---,---,---,---,---,0
707477,立敦凱基5A購02,---,---,---,---,---,0
707478,立碁凱基5A購01,0.91,+0.08,0.91,0.91,0.91,"75,000"
707479,宜特凱基5A購01,---,---,---,---,---,0
707480,美琪瑪凱基5A購02,---,---,---,---,---,0
707481,湧德凱基5B購02,---,---,---,---,---,0
707482,順達凱基5C購01,---,---,---,---,---,0
707483,勤凱凱基5A購01,---,---,---,---,---,0
707484,萬泰科凱基5A購01,0.23,+0.02,0.25,0.25,0.23,"49,000"
707485,群翊凱基61購01,0.47,+0.08,0.44,0.47,0.44,"20,000"
707487,巨漢元大5A購01,0.45,+0.05,0.46,0.46,0.45,"172,000"
707488,巨漢元大5A購02,0.62,+0.16,0.62,0.62,0.62,"1,000"
707489,巨漢元大5A購03,---,---,---,---,---,0
707490,巨漢元大5A購04,---,---,---,---,---,0
707491,均豪元大5A購02,---,---,---,---,---,0
707492,均豪元大5C購01,0.23,+0.03,0.23,0.23,0.23,"1,000"
707493,宏觀元大61購01,---,---,---,---,---,0
707494,沛亨元大5A購01,1.15,+0.20,1.11,1.15,1.11,"13,000"
707495,沛亨元大5A購02,0.81,+0.15,0.78,0.81,0.78,"12,000"
707496,沛亨元大5A購03,0.65,+0.23,0.59,0.65,0.55,"268,000"
707497,沛亨元大5A購04,0.32,+0.04,0.32,0.32,0.32,"4,000"
707498,矽科元大5A購01,---,---,---,---,---,0
707499,矽科元大61購01,0.25,+0.10,0.25,0.25,0.25,"40,000"
707500,美琪瑪元大5A購02,---,---,---,---,---,0
707503,華景電元大5A購04,---,---,---,---,---,0
707504,新應材元大5A購04,0.70,+0.04,0.72,0.83,0.70,"345,000"
707505,新應材元大5A購05,---,---,---,---,---,0
707506,新應材元大5C購01,0.70,+0.11,0.65,0.70,0.65,"2,000"
707507,新應材元大61購04,---,---,---,---,---,0
707508,群翊元大5A購06,0.17,+0.04,0.13,0.17,0.13,"46,000"
707509,巨漢國票5A購01,0.24,+0.03,0.24,0.24,0.24,"20,000"
707510,巨漢國票5B購01,0.27,+0.03,0.27,0.27,0.27,"3,000"
707511,沛亨國票5B購02,0.31,+0.12,0.32,0.32,0.31,"60,000"
707512,東捷國票5A購02,1.42,+0.18,1.42,1.42,1.42,"1,000"
707513,矽科國票5B購03,---,---,---,---,---,0
707514,萬泰科國票5B購01,0.94,+0.08,0.94,0.94,0.94,"53,000"
707515,榮田國票5A購01,0.45,+0.02,0.50,0.50,0.45,"231,000"
707516,久元富邦61購01,---,---,---,---,---,0
707517,宏捷科富邦5C購02,0.30,+0.03,0.33,0.33,0.30,"21,000"
707518,宏捷科富邦61購01,---,---,---,---,---,0
707519,家登富邦5C購01,---,---,---,---,---,0
707520,湧德富邦5C購01,---,---,---,---,---,0
707521,新應材富邦61購02,0.25,0.00,0.28,0.30,0.25,"448,000"
707522,萬泰科富邦5B購01,0.49,+0.06,0.49,0.49,0.49,"5,000"
707523,雙鴻富邦5C購07,0.78,+0.05,0.76,0.78,0.74,"76,000"
707524,雙鴻富邦5C購08,0.57,+0.01,0.59,0.60,0.57,"595,000"
707525,譜瑞富邦5C購02,---,---,---,---,---,0
707526,千附精凱基5A購01,1.35,+0.17,1.38,1.38,1.35,"1,058,000"
707527,元太凱基61購01,2.19,-0.03,2.42,2.42,2.19,"376,000"
707528,均豪凱基5A購01,---,---,---,---,---,0
707529,宏觀凱基61購01,---,---,---,---,---,0
707530,宜特凱基5A購02,---,---,---,---,---,0
707531,前鼎凱基5B購02,0.48,-0.57,1.45,1.45,0.48,"11,000"
707533,華景電凱基5A購03,0.37,+0.07,0.38,0.38,0.36,"81,000"
707534,陽程凱基63購01,1.38,+0.11,1.47,1.47,1.38,"11,000"
707535,新應材凱基61購02,---,---,---,---,---,0
707536,萬泰科凱基5B購01,---,---,---,---,---,0
707537,新應材兆豐5C購01,0.42,+0.12,0.42,0.42,0.42,"2,000"
707538,弘塑國票5B購01,0.13,-0.04,0.21,0.21,0.13,"1,050,000"
707539,宜特國票5B購02,0.16,+0.01,0.18,0.18,0.16,"21,000"
707541,前鼎國票5B購03,0.80,+0.28,0.73,0.80,0.73,"30,000"
707542,陽程國票5A購01,1.42,+0.41,1.24,1.42,1.19,"602,000"
707543,新應材國票5A購04,---,---,---,---,---,0
707544,弘塑永豐5B購03,0.14,-0.02,0.14,0.14,0.14,"2,000"
707545,弘塑永豐5C購04,0.35,+0.20,0.35,0.35,0.35,"1,000"
707546,弘塑永豐61購02,---,---,---,---,---,0
707547,弘塑永豐64購01,0.28,-0.05,0.36,0.36,0.28,"222,000"
707548,新應材永豐5B購02,0.36,-0.01,0.42,0.42,0.36,"25,000"
707549,新應材永豐5B購03,---,---,---,---,---,0
707550,新應材永豐64購01,0.54,+0.15,0.44,0.54,0.44,"82,000"
707551,精材永豐5C購01,---,---,---,---,---,0
707552,台星科台新5A購01,0.61,+0.05,0.63,0.70,0.61,"208,000"
707553,弘塑台新5A購01,---,---,---,---,---,0
707554,弘塑台新5A購02,0.10,-0.04,0.10,0.10,0.10,"20,000"
707555,安葆台新5A購01,0.10,0.00,0.10,0.10,0.10,"10,000"
707556,前鼎台新5A購01,1.58,+0.75,1.13,1.58,1.12,"84,000"
707557,威聯通台新5A購01,---,---,---,---,---,0
707558,新應材台新5A購01,---,---,---,---,---,0
707559,新應材台新5A購02,0.64,+0.17,0.57,0.67,0.57,"151,000"
707560,群翊台新5A購01,---,---,---,---,---,0
707561,群翊台新5A購02,---,---,---,---,---,0
707562,力致群益5B購01,---,---,---,---,---,0
707563,千附精群益5A購01,---,---,---,---,---,0
707564,弘塑群益5A購04,---,---,---,---,---,0
707565,弘塑群益5C購01,---,---,---,---,---,0
707566,萬泰科群益5A購02,---,---,---,---,---,0
707567,鑫聯群益5C購01,---,---,---,---,---,0
707568,弘塑國泰61購01,0.50,-0.07,0.56,0.56,0.50,"38,000"
707569,弘塑國泰61購02,0.40,-0.05,0.51,0.51,0.40,"10,000"
707570,環球晶國泰5B購01,---,---,---,---,---,0
707571,環球晶國泰5B購02,---,---,---,---,---,0
707572,弘塑富邦5C購02,0.23,-0.07,0.35,0.35,0.23,"133,000"
707573,弘塑富邦64購01,0.30,-0.03,0.33,0.53,0.30,"21,000"
707574,前鼎富邦5C購01,0.94,+0.33,0.81,0.94,0.81,"108,000"
707575,力致統一74購01,0.39,0.00,0.39,0.39,0.39,"1,000"
707576,中美晶統一64購01,1.35,-0.28,1.35,1.35,1.35,"10,000"
707577,元太統一64購01,1.38,+0.13,1.38,1.38,1.38,"12,000"
707578,元太統一74購01,1.47,-0.02,1.54,1.55,1.47,"264,000"
707579,弘塑統一62購02,0.18,-0.05,0.22,0.35,0.18,"30,000"
707580,弘塑統一64購01,0.24,-0.07,0.45,0.45,0.24,"1,538,000"
707581,弘塑統一64購02,0.28,-0.01,0.28,0.28,0.28,"2,000"
707582,弘塑統一64購03,0.35,-0.07,0.35,0.35,0.35,"16,000"
707583,立敦統一64購01,---,---,---,---,---,0
707584,兆利統一74購01,---,---,---,---,---,0
707585,宜特統一63購01,0.30,+0.09,0.30,0.30,0.30,"1,000"
707586,宜特統一64購01,---,---,---,---,---,0
707587,金山電統一63購01,---,---,---,---,---,0
707588,金山電統一64購02,---,---,---,---,---,0
707589,前鼎統一63購02,0.84,+0.27,0.78,0.84,0.73,"56,000"
707590,美琪瑪統一74購01,0.48,+0.02,0.47,0.48,0.47,"40,000"
707591,陽程統一63購01,1.20,-0.30,1.19,1.20,1.19,"14,000"
707592,陽程統一64購03,1.01,+0.10,0.96,1.01,0.94,"155,000"
707593,意德士統一62購01,---,---,---,---,---,0
707594,意德士統一64購01,---,---,---,---,---,0
707595,意德士統一74購01,---,---,---,---,---,0
707596,臺慶科統一64購01,1.04,+0.05,1.10,1.11,1.04,"242,000"
707597,蜜望實統一63購02,---,---,---,---,---,0
707598,蜜望實統一64購01,---,---,---,---,---,0
707599,蜜望實統一74購02,1.10,-0.04,1.18,1.18,1.10,"72,000"
707600,環球晶統一63購03,2.36,-0.52,2.50,2.50,2.36,"15,000"
707601,弘塑元大5A購02,0.11,-0.08,0.11,0.11,0.11,"81,000"
707602,弘塑元大61購01,0.33,-0.05,0.41,0.41,0.31,"265,000"
707603,立碁元大5C購01,---,---,---,---,---,0
707604,宜特元大5A購02,---,---,---,---,---,0
707605,宜特元大5C購02,---,---,---,---,---,0
707606,前鼎元大5A購03,0.89,+0.23,0.89,0.89,0.89,"1,000"
707607,前鼎元大5B購01,1.87,+0.43,1.87,1.87,1.87,"1,000"
707608,前鼎元大5C購02,---,---,---,---,---,0
707609,前鼎元大61購01,---,---,---,---,---,0
707610,勤凱元大5A購04,---,---,---,---,---,0
707611,勤凱元大5A購05,0.43,+0.10,0.43,0.43,0.43,"3,000"
707612,勤凱元大5A購06,---,---,---,---,---,0
707613,雙鴻元大5A購07,0.54,0.00,0.54,0.54,0.54,"35,000"
707614,雙鴻元大61購13,0.65,+0.06,0.64,0.65,0.64,"249,000"
707615,穩得元大5A購02,---,---,---,---,---,0
707616,鑫聯元大5A購02,0.59,+0.13,0.51,0.59,0.50,"55,000"
707617,九豪永豐5C購01,0.79,+0.07,0.78,0.79,0.78,"10,000"
707618,天品永豐5B購01,0.35,+0.01,0.35,0.35,0.35,"30,000"
707619,立敦永豐5A購01,0.97,+0.08,0.94,0.97,0.94,"21,000"
707620,宜特永豐5B購02,---,---,---,---,---,0
707621,美琪瑪永豐5C購01,---,---,---,---,---,0
707622,鈊象永豐5C購01,---,---,---,---,---,0
707623,精材永豐61購01,6.25,+0.85,6.25,6.25,6.25,"1,000"
707624,蜜望實永豐5C購01,2.02,-0.08,2.20,2.20,2.02,"43,000"
707625,環球晶永豐5C購02,---,---,---,---,---,0
707626,九豪凱基5A購03,1.08,+0.04,1.15,1.15,1.08,"7,000"
707627,力致凱基5B購01,---,---,---,---,---,0
707628,宏捷科凱基5B購01,0.88,+0.12,0.93,0.94,0.88,"51,000"
707629,長科*凱基5A購01,---,---,---,---,---,0
707631,群翊凱基5A購01,---,---,---,---,---,0
707632,精材凱基5A購03,---,---,---,---,---,0
707633,蜜望實凱基5A購01,2.70,+0.08,2.70,2.70,2.70,"5,000"
707634,環球晶凱基5B購01,7.15,-1.00,7.15,7.15,7.15,"1,000"
707635,穩得凱基5A購01,0.06,+0.01,0.06,0.06,0.06,"100,000"
707636,九豪台新5A購01,---,---,---,---,---,0
707637,九豪台新5A購02,0.69,+0.06,0.69,0.69,0.69,"5,000"
707638,九豪台新5A購03,---,---,---,---,---,0
707639,中美晶台新5A購01,---,---,---,---,---,0
707640,中美晶台新5B購01,---,---,---,---,---,0
707641,宜特台新5B購01,---,---,---,---,---,0
707642,宜特台新61購01,---,---,---,---,---,0
707643,茂迪台新5A購01,---,---,---,---,---,0
707644,博磊台新5A購01,1.34,+0.14,1.34,1.34,1.34,"1,000"
707645,博磊台新5A購02,---,---,---,---,---,0
707646,博磊台新5A購03,1.01,0.00,1.16,1.23,0.99,"102,000"
707647,環球晶台新5A購01,---,---,---,---,---,0
707648,環球晶台新5A購02,---,---,---,---,---,0
707649,譜瑞台新5A購01,---,---,---,---,---,0
707650,聖暉*兆豐5C購01,1.32,+0.17,1.32,1.36,1.32,"211,000"
707651,九豪元大5A購02,---,---,---,---,---,0
707652,九豪元大5A購03,---,---,---,---,---,0
707653,力致元大5A購01,---,---,---,---,---,0
707654,安葆元大5A購01,---,---,---,---,---,0
707655,系統電元大5A購02,0.65,+0.08,0.65,0.65,0.65,"1,000"
707656,宜特元大5A購03,0.72,+0.05,0.72,0.72,0.72,"7,000"
707657,宜特元大5B購01,0.69,+0.02,0.70,0.72,0.69,"62,000"
707658,宜特元大5C購03,0.59,+0.03,0.59,0.60,0.57,"326,000"
707659,宜特元大61購01,0.56,+0.05,0.57,0.57,0.54,"123,000"
707660,宜特元大63購02,0.39,+0.01,0.41,0.41,0.39,"391,000"
707661,朋億*元大5A購01,1.48,+0.38,1.29,1.48,1.15,"398,000"
707664,博磊元大5A購02,0.85,+0.19,0.82,0.85,0.82,"12,000"
707665,意德士元大5A購01,0.25,+0.02,0.25,0.25,0.25,"10,000"
707666,新盛力元大5A購02,2.81,+0.22,2.74,2.81,2.74,"43,000"
707667,鉅橡元大5A購01,---,---,---,---,---,0
707668,蜜望實元大5A購01,---,---,---,---,---,0
707669,蜜望實元大5A購02,1.61,+0.06,1.61,1.61,1.61,"1,000"
707670,九豪群益5A購03,0.52,+0.03,0.52,0.52,0.52,"1,000"
707671,元太群益5A購02,---,---,---,---,---,0
707672,美琪瑪群益5A購02,---,---,---,---,---,0
707673,蜜望實群益5A購01,---,---,---,---,---,0
707674,優群群益5A購01,0.27,+0.04,0.27,0.29,0.27,"90,000"
707676,加高國票5B購01,0.67,+0.01,0.66,0.69,0.66,"1,078,000"
707677,艾訊國票5B購01,1.30,+0.32,1.12,1.30,1.12,"562,000"
707678,均豪國票5A購02,0.15,+0.03,0.14,0.15,0.14,"2,000"
707679,宜特國票5B購03,---,---,---,---,---,0
707680,博磊國票5B購01,0.58,-0.05,0.64,0.64,0.58,"85,000"
707681,漢達國票5B購01,0.88,+0.02,0.90,0.90,0.87,"119,000"
707682,蜜望實國票5A購02,---,---,---,---,---,0
707683,九豪富邦5C購01,0.50,+0.03,0.55,0.55,0.50,"692,000"
707684,宜特富邦61購01,---,---,---,---,---,0
707685,九豪統一64購01,---,---,---,---,---,0
707686,九豪統一64購02,0.57,+0.05,0.57,0.57,0.57,"10,000"
707687,九豪統一74購01,0.63,+0.04,0.63,0.64,0.63,"63,000"
707688,千附統一74購01,1.23,+0.01,1.23,1.23,1.23,"60,000"
707689,千附精統一74購02,1.06,+0.07,1.06,1.06,1.06,"6,000"
707690,台星科統一74購02,0.43,+0.04,0.44,0.44,0.43,"340,000"
707691,兆利統一74購02,---,---,---,---,---,0
707692,兆利統一74購03,---,---,---,---,---,0
707693,宏觀統一74購01,---,---,---,---,---,0
707694,系統電統一64購02,---,---,---,---,---,0
707695,宜特統一64購02,---,---,---,---,---,0
707696,宜特統一65購02,---,---,---,---,---,0
707697,宜特統一74購02,---,---,---,---,---,0
707698,茂迪統一67購02,---,---,---,---,---,0
707699,意德士統一65購01,---,---,---,---,---,0
707700,意德士統一74購02,---,---,---,---,---,0
707701,萬泰科統一74購03,0.77,+0.03,0.78,0.78,0.77,"101,000"
707702,臺慶科統一66購01,0.91,+0.06,0.91,0.91,0.91,"12,000"
707703,優群統一66購01,0.45,+0.02,0.46,0.46,0.45,"5,000"
707704,環球晶統一64購03,1.94,-0.40,1.94,1.94,1.94,"5,000"
707705,環球晶統一74購01,1.80,-0.26,2.20,2.27,1.80,"20,000"
707706,力致台新5A購01,---,---,---,---,---,0
707707,力致台新5A購02,---,---,---,---,---,0
707708,久元台新5A購01,---,---,---,---,---,0
707709,美琪瑪台新5A購01,---,---,---,---,---,0
707710,千附精國票5B購02,---,---,---,---,---,0
707711,千附精國票5B購03,0.70,+0.09,0.70,0.70,0.70,"1,000"
707712,方土昶國票5B購01,1.10,+0.14,1.10,1.13,1.10,"56,000"
707713,立碁國票5B購01,1.15,+0.15,1.15,1.15,1.15,"50,000"
707714,邑昇國票5B購01,0.08,+0.01,0.08,0.08,0.08,"65,000"
707715,欣銓國票5B購02,0.88,+0.15,0.97,0.97,0.88,"21,000"
707716,信紘科國票5A購01,---,---,---,---,---,0
707717,信紘科國票5B購01,---,---,---,---,---,0
707718,家登國票5A購01,---,---,---,---,---,0
707719,能率亞國票5B購01,2.07,+0.34,1.94,2.15,1.94,"10,000"
707720,華容國票5B購01,---,---,---,---,---,0
707721,群聯國票5B購01,1.28,+0.09,1.30,1.34,1.22,"5,587,000"
707722,蜜望實國票5B購01,1.66,-0.05,1.86,1.86,1.65,"109,000"
707723,穩得國票5A購02,0.11,+0.02,0.11,0.11,0.11,"20,000"
707724,千附精元大5A購02,1.12,+0.14,1.12,1.12,1.12,"39,000"
707725,千附精元大5A購03,1.37,+0.12,1.42,1.42,1.37,"60,000"
707726,千附精元大5A購04,0.54,+0.14,0.54,0.54,0.54,"1,000"
707727,千附精元大5A購05,1.47,+0.13,1.49,1.49,1.45,"172,000"
707728,千附精元大5A購06,1.53,+0.27,1.53,1.53,1.53,"20,000"
707729,欣銓元大5A購02,1.23,+0.21,1.23,1.30,1.23,"60,000"
707730,欣銓元大63購03,1.98,+0.23,1.92,1.99,1.88,"221,000"
707731,美琪瑪元大5A購03,---,---,---,---,---,0
707732,華容元大5A購01,---,---,---,---,---,0
707733,群翊元大5A購07,0.57,+0.19,0.57,0.57,0.57,"1,000"
707734,群聯元大5A購01,1.55,-0.05,1.55,1.55,1.55,"2,000"
707735,群聯元大5A購02,0.71,+0.02,0.74,0.74,0.63,"145,000"
707736,鈺太元大61購01,0.34,+0.09,0.34,0.34,0.34,"2,000"
707738,蜜望實元大5A購04,---,---,---,---,---,0
707739,蜜望實元大5A購05,---,---,---,---,---,0
707740,千附精凱基5A購02,0.82,+0.14,0.82,0.82,0.82,"499,000"
707741,方土昶凱基5A購01,2.45,+0.55,2.45,2.45,2.45,"2,000"
707742,欣銓凱基5A購01,---,---,---,---,---,0
707743,欣銓凱基5A購02,---,---,---,---,---,0
707744,信紘科凱基5A購02,---,---,---,---,---,0
707746,萬泰科凱基5A購02,---,---,---,---,---,0
707747,群聯凱基5A購01,2.80,+0.20,2.80,2.80,2.80,"10,000"
707748,群聯凱基5A購02,1.32,+0.05,1.32,1.32,1.32,"22,000"
707749,蜜望實凱基5A購02,---,---,---,---,---,0
707750,千附精永豐5C購01,0.54,+0.05,0.54,0.54,0.54,"126,000"
707751,方土昶永豐5A購01,1.78,+0.50,1.78,1.78,1.78,"74,000"
707752,世禾永豐5B購01,---,---,---,---,---,0
707753,立碁永豐61購01,0.33,-0.06,0.45,0.45,0.33,"289,000"
707754,欣銓永豐5A購01,1.57,+0.77,0.97,1.57,0.97,"2,000"
707755,欣銓永豐5C購01,---,---,---,---,---,0
707756,新盛力永豐5A購01,1.88,+0.17,1.88,1.88,1.88,"2,000"
707757,群聯永豐61購01,0.78,+0.01,0.77,0.83,0.77,"62,000"
707758,群聯永豐64購01,0.88,0.00,0.90,0.92,0.88,"278,000"
707759,蜜望實永豐61購01,1.10,-0.05,1.18,1.18,1.10,"637,000"
707760,信昌電國泰5B購01,---,---,---,---,---,0
707761,信紘科國泰5B購01,---,---,---,---,---,0
707762,群翊國泰5C購01,0.77,+0.10,0.77,0.77,0.77,"6,000"
707763,群聯群益5B購01,1.58,-0.15,2.16,2.16,1.53,"53,000"
707764,群聯群益61購01,1.52,+0.10,1.68,1.68,1.51,"318,000"
707765,群聯群益64購01,1.83,+0.18,1.83,1.87,1.83,"19,000"
707766,蜜望實國泰5B購01,---,---,---,---,---,0
707767,精材兆豐5C購01,3.64,+0.94,3.79,3.79,3.64,"11,000"
707768,力旺永豐5A購01,0.10,+0.05,0.10,0.10,0.06,"86,000"
707769,力旺永豐5B購01,0.17,-0.40,0.17,0.17,0.17,"65,000"
707770,力旺永豐5C購01,0.16,-0.01,0.16,0.16,0.16,"120,000"
707771,台半永豐5C購01,---,---,---,---,---,0
707772,巨有永豐5C購01,0.80,+0.08,0.80,0.80,0.78,"61,000"
707773,立端永豐5A購01,---,---,---,---,---,0
707774,宏捷科永豐5C購02,0.36,+0.06,0.37,0.37,0.36,"120,000"
707775,亞通永豐5A購01,0.41,+0.08,0.41,0.41,0.41,"13,000"
707776,旺矽永豐5B購02,1.91,+0.19,1.68,1.91,1.68,"2,000"
707777,信昌電永豐5C購01,4.00,+0.88,3.20,4.00,3.20,"10,000"
707778,信驊永豐5B購04,2.29,+0.32,2.17,2.34,2.17,"15,000"
707779,華景電永豐5C購02,0.30,+0.03,0.29,0.30,0.29,"253,000"
707780,精測永豐61購02,0.21,0.00,0.24,0.24,0.21,"1,131,000"
707781,臺慶科永豐5B購01,1.11,+0.05,1.14,1.18,1.11,"46,000"
707782,聰泰永豐5A購01,0.30,+0.01,0.31,0.32,0.29,"98,000"
707783,力旺凱基5A購03,0.08,0.00,0.08,0.08,0.08,"5,000"
707784,力旺凱基5A購04,0.06,-0.04,0.06,0.06,0.06,"175,000"
707785,力旺凱基5B購02,0.21,+0.03,0.19,0.21,0.14,"195,000"
707786,力旺凱基5C購01,0.29,-0.03,0.23,0.29,0.23,"44,000"
707787,力旺凱基61購01,0.56,+0.01,0.58,0.58,0.34,"6,000"
707788,立碁凱基5B購01,---,---,---,---,---,0
707789,宏捷科凱基5A購02,0.13,+0.02,0.15,0.15,0.13,"1,853,000"
707790,旺矽凱基5A購05,1.76,+0.26,1.76,1.76,1.76,"1,000"
707791,旺矽凱基5B購02,---,---,---,---,---,0
707792,旺矽凱基5C購02,1.60,+0.35,1.60,1.68,1.60,"40,000"
707793,信昌電凱基5A購02,3.78,+0.47,3.78,3.78,3.78,"1,000"
707794,信昌電凱基5A購03,---,---,---,---,---,0
707795,信驊凱基5A購04,2.88,+0.50,2.84,2.88,2.84,"44,000"
707796,信驊凱基5B購03,2.61,+0.21,2.64,2.80,2.50,"107,000"
707797,信驊凱基5C購02,2.71,+0.41,2.60,2.71,2.60,"53,000"
707798,信驊凱基61購04,2.65,+0.43,3.75,3.75,2.37,"261,000"
707799,家登凱基5A購01,0.90,+0.20,1.57,1.57,0.90,"52,000"
707800,華景電凱基5A購04,0.28,+0.06,0.27,0.28,0.27,"4,000"
707801,群翊凱基5A購02,---,---,---,---,---,0
707802,精測凱基5A購01,---,---,---,---,---,0
707803,精測凱基5A購02,0.20,+0.03,0.20,0.20,0.20,"1,000"
707804,精測凱基5A購03,0.18,-0.01,0.22,0.24,0.18,"298,000"
707805,力領台新5A購01,---,---,---,---,---,0
707806,世界台新5A購01,---,---,---,---,---,0
707807,宏捷科台新5A購01,---,---,---,---,---,0
707808,宏捷科台新5A購02,0.36,+0.05,0.39,0.40,0.36,"8,000"
707809,宏捷科台新61購01,---,---,---,---,---,0
707810,旺矽台新5A購01,1.91,+0.33,1.91,1.91,1.91,"10,000"
707811,旺矽台新5A購02,---,---,---,---,---,0
707812,信驊台新5A購01,3.49,+0.07,3.48,3.59,3.48,"32,000"
707813,信驊台新5A購02,2.23,+0.41,2.03,2.23,2.03,"161,000"
707814,群翊台新5A購03,---,---,---,---,---,0
707815,璟德台新5A購01,0.47,-0.13,0.50,0.50,0.47,"107,000"
707816,力旺元大5A購04,0.66,-0.01,0.56,0.66,0.36,"4,000"
707817,力旺元大5A購05,0.09,0.00,0.09,0.09,0.09,"7,000"
707818,力旺元大5B購01,0.15,+0.01,0.15,0.15,0.15,"1,000"
707819,均豪元大5A購03,---,---,---,---,---,0
707820,旺矽元大5A購04,1.25,+0.26,1.06,1.25,1.06,"232,000"
707821,旺矽元大5B購02,1.67,+0.21,1.67,1.67,1.67,"30,000"
707822,旺矽元大61購02,1.27,-0.01,1.40,1.40,1.27,"38,000"
707823,長科*元大5A購01,---,---,---,---,---,0
707824,信昌電元大5A購03,3.72,+0.66,3.72,3.72,3.72,"50,000"
707825,信昌電元大5A購04,---,---,---,---,---,0
707827,信昌電元大5A購06,8.55,+1.15,8.55,8.55,8.55,"5,000"
707828,信驊元大5A購02,1.88,+0.23,1.74,2.02,1.74,"383,000"
707829,信驊元大63購01,4.58,-0.09,4.69,4.69,4.58,"5,000"
707830,美琪瑪元大5A購04,0.24,+0.03,0.23,0.24,0.23,"45,000"
707831,華景電元大5A購05,0.33,+0.05,0.33,0.33,0.33,"220,000"
707832,新盛力元大61購01,---,---,---,---,---,0
707833,群翊元大61購01,---,---,---,---,---,0
707834,精測元大5B購02,0.60,+0.21,0.60,0.61,0.60,"30,000"
707835,精測元大63購04,0.55,+0.15,0.55,0.55,0.55,"1,000"
707836,穩得元大5A購03,---,---,---,---,---,0
707837,中光電國泰5B購01,2.00,+0.59,1.93,2.00,1.93,"15,000"
707838,立碁國泰5B購02,---,---,---,---,---,0
707839,旺矽國泰5B購01,1.53,+0.15,1.50,1.63,1.50,"280,000"
707840,旺矽國泰5B購02,1.30,+0.19,1.28,1.30,1.24,"35,000"
707841,信昌電國泰5B購02,---,---,---,---,---,0
707842,新盛力國泰5B購01,2.15,+0.20,2.15,2.15,2.15,"3,000"
707843,旺矽統一64購02,1.51,+0.19,1.64,1.64,1.50,"91,000"
707844,群聯統一64購01,0.86,+0.05,0.91,0.91,0.86,"111,000"
707845,精測統一64購03,0.32,+0.06,0.31,0.32,0.31,"638,000"
707846,力旺富邦5C購01,0.19,0.00,0.22,0.22,0.19,"5,982,000"
707847,良維富邦62購01,0.49,+0.03,0.49,0.49,0.49,"5,000"
707848,旺矽富邦64購02,1.42,-0.03,1.29,1.59,1.29,"279,000"
707849,欣銓富邦5A購01,---,---,---,---,---,0
707850,欣銓富邦64購01,---,---,---,---,---,0
707851,信紘科富邦62購01,0.32,+0.02,0.33,0.34,0.32,"628,000"
707852,信驊富邦61購01,2.72,+0.08,2.70,2.89,2.50,"893,000"
707853,華電網富邦62購01,---,---,---,---,---,0
707854,順達富邦62購01,0.50,+0.04,0.50,0.50,0.50,"94,000"
707855,新盛力富邦5C購01,---,---,---,---,---,0
707856,新盛力富邦61購01,1.47,+0.11,1.44,1.47,1.44,"295,000"
707857,群翊富邦5B購01,0.15,+0.02,0.15,0.15,0.15,"7,000"
707858,群聯富邦5C購01,0.82,+0.06,0.88,0.88,0.80,"2,164,000"
707859,群聯富邦61購01,1.05,+0.07,1.11,1.11,0.98,"375,000"
707860,精測富邦61購01,0.22,+0.02,0.24,0.24,0.22,"8,000"
707861,M31凱基5A購02,---,---,---,---,---,0
707862,M31凱基5A購03,---,---,---,---,---,0
707863,宏觀凱基61購02,---,---,---,---,---,0
707864,良維凱基5B購03,---,---,---,---,---,0
707865,家登凱基5A購02,0.66,+0.22,0.66,0.66,0.66,"2,000"
707866,華景電凱基5C購01,---,---,---,---,---,0
707867,新盛力凱基5A購03,---,---,---,---,---,0
707868,聖暉*凱基5A購02,---,---,---,---,---,0
707869,鏵友益凱基5A購01,---,---,---,---,---,0
707870,環球晶兆豐5C購02,---,---,---,---,---,0
707871,M31元大5A購01,---,---,---,---,---,0
707872,M31元大5A購02,---,---,---,---,---,0
707873,M31元大61購01,---,---,---,---,---,0
707874,M31元大63購01,0.38,+0.04,0.38,0.38,0.38,"10,000"
707875,久元元大5A購02,---,---,---,---,---,0
707876,千附元大5A購01,---,---,---,---,---,0
707877,加高元大5A購01,---,---,---,---,---,0
707878,台嘉碩元大5A購02,---,---,---,---,---,0
707879,立敦元大5A購01,---,---,---,---,---,0
707881,立碁元大63購01,0.70,-0.10,0.70,0.70,0.70,"50,000"
707882,宏觀元大5C購01,---,---,---,---,---,0
707883,欣銓元大5A購03,---,---,---,---,---,0
707884,家登元大61購01,1.39,+0.16,1.39,1.39,1.39,"1,000"
707885,華電網元大5A購02,---,---,---,---,---,0
707886,鈺太元大5A購01,0.34,+0.06,0.34,0.34,0.34,"22,000"
707887,鏵友益元大5A購01,---,---,---,---,---,0
707888,元債20群益5A購01,---,---,---,---,---,0
707889,世界群益5A購02,---,---,---,---,---,0
707890,宏觀群益5A購01,---,---,---,---,---,0
707891,欣銓群益5A購01,---,---,---,---,---,0
707892,翔名群益5A購01,---,---,---,---,---,0
707893,環球晶群益5A購04,---,---,---,---,---,0
707894,M31富邦5C購01,---,---,---,---,---,0
707895,元太富邦61購01,1.49,-0.04,1.59,1.64,1.49,"787,000"
707896,台星科富邦61購01,0.42,+0.06,0.42,0.42,0.42,"15,000"
707897,均豪富邦62購01,---,---,---,---,---,0
707898,宏捷科富邦5C購03,0.29,+0.03,0.31,0.31,0.29,"150,000"
707899,宏捷科富邦61購02,0.16,+0.03,0.16,0.16,0.16,"9,000"
707900,華景電富邦61購01,0.19,+0.04,0.19,0.19,0.19,"1,000"
707901,鈊象富邦61購01,0.74,+0.03,0.73,0.74,0.73,"57,000"
707902,萬泰科富邦62購01,0.73,+0.06,0.73,0.75,0.73,"44,000"
707903,欣銓群益5A購02,---,---,---,---,---,0
707904,新盛力群益5A購01,---,---,---,---,---,0
707906,久元元大5A購03,---,---,---,---,---,0
707907,方土昶元大5A購01,1.82,+0.45,1.82,1.82,1.82,"5,000"
707908,世界元大5A購03,---,---,---,---,---,0
707909,尼克森元大5A購01,1.43,+0.08,1.43,1.43,1.43,"20,000"
707910,立碁元大5A購03,---,---,---,---,---,0
707911,兆利元大5A購01,---,---,---,---,---,0
707912,均華元大5A購01,0.11,-0.02,0.14,0.14,0.11,"22,000"
707913,均華元大5A購02,---,---,---,---,---,0
707914,均豪元大5A購04,---,---,---,---,---,0
707915,沛亨元大5A購05,---,---,---,---,---,0
707916,邑昇元大5A購01,---,---,---,---,---,0
707917,信紘科元大5A購02,0.38,+0.02,0.38,0.38,0.38,"200,000"
707918,家登元大5A購03,---,---,---,---,---,0
707919,家登元大5A購04,---,---,---,---,---,0
707920,華景電元大5A購06,---,---,---,---,---,0
707921,華景電元大63購01,0.30,+0.03,0.30,0.30,0.30,"1,000"
707922,新盛力元大5A購03,1.98,+0.17,1.98,1.98,1.98,"2,000"
707923,德微元大5A購01,---,---,---,---,---,0
707924,久元凱基5A購01,0.13,+0.02,0.13,0.13,0.13,"2,000"
707925,合晶凱基5A購01,---,---,---,---,---,0
707926,均華凱基5A購01,---,---,---,---,---,0
707927,系微凱基5A購03,0.10,+0.02,0.11,0.11,0.10,"88,000"
707928,欣銓凱基63購01,---,---,---,---,---,0
707929,家登凱基5A購03,---,---,---,---,---,0
707930,鈺太凱基61購01,---,---,---,---,---,0
707931,環球晶凱基5A購01,4.87,-1.43,6.60,6.60,4.86,"76,000"
707932,世禾富邦5C購02,---,---,---,---,---,0
707933,均華富邦61購01,0.16,-0.01,0.16,0.16,0.16,"57,000"
707934,沛亨富邦5B購01,0.23,+0.05,0.23,0.23,0.23,"38,000"
707935,欣銓富邦5B購01,0.36,+0.05,0.36,0.38,0.35,"1,290,000"
707936,中美晶兆豐64購01,2.60,-0.40,3.10,3.10,2.60,"6,000"
707937,順達兆豐5C購02,---,---,---,---,---,0
707938,世界群益5A購03,1.47,+0.39,1.47,1.47,1.47,"1,000"
707939,合晶群益5B購01,---,---,---,---,---,0
707940,良維群益5A購01,0.15,-0.08,0.14,0.15,0.14,"15,000"
707941,原相群益5A購01,---,---,---,---,---,0
707942,創惟群益5B購01,0.37,+0.02,0.37,0.37,0.37,"295,000"
707943,富喬群益5A購03,---,---,---,---,---,0
707944,富喬群益5A購04,0.10,+0.03,0.12,0.12,0.09,"357,000"
707945,聖暉*群益5B購01,1.35,+0.03,1.35,1.35,1.35,"10,000"
707946,德微群益5A購01,---,---,---,---,---,0
707947,雙鴻群益5B購06,0.35,+0.04,0.35,0.35,0.35,"105,000"
707948,久元凱基5A購02,---,---,---,---,---,0
707949,千附凱基5A購01,0.34,-0.04,0.34,0.35,0.34,"230,000"
707950,世界凱基5A購02,---,---,---,---,---,0
707951,兆利凱基5A購01,---,---,---,---,---,0
707952,艾訊凱基5B購01,1.42,+0.17,1.34,1.42,1.29,"149,000"
707953,均豪凱基5A購02,---,---,---,---,---,0
707954,沛亨凱基5A購02,0.09,+0.02,0.10,0.10,0.09,"260,000"
707955,家登凱基5A購04,---,---,---,---,---,0
707956,勤凱凱基5A購02,0.50,+0.08,0.50,0.50,0.50,"10,000"
707957,新盛力凱基5B購01,1.43,+0.19,1.43,1.43,1.43,"15,000"
707958,鉅橡凱基5A購03,---,---,---,---,---,0
707959,雙鴻凱基5A購07,---,---,---,---,---,0
707960,雙鴻凱基61購02,---,---,---,---,---,0
707961,中美晶富邦5A購01,---,---,---,---,---,0
707962,長科*富邦62購01,1.23,+0.06,1.34,1.35,1.23,"42,000"
707963,家登富邦61購01,0.44,+0.08,0.44,0.45,0.44,"995,000"
707964,富喬富邦61購01,0.15,+0.02,0.17,0.17,0.15,"168,000"
707965,聖暉*富邦5C購01,1.12,+0.12,1.11,1.15,1.10,"328,000"
707966,鉅橡富邦5B購01,---,---,---,---,---,0
707967,鈺太富邦5A購01,---,---,---,---,---,0
707968,優群富邦61購01,---,---,---,---,---,0
707969,環球晶富邦5B購01,---,---,---,---,---,0
707970,雙鴻富邦5C購09,0.34,+0.03,0.34,0.36,0.34,"767,000"
707971,巨有元大5A購01,0.31,-0.04,0.31,0.31,0.31,"1,000"
707972,富喬元大5C購02,0.18,+0.01,0.20,0.20,0.18,"76,000"
707973,華義元大5A購01,---,---,---,---,---,0
707974,環球晶元大5A購01,---,---,---,---,---,0
707975,雙鴻兆豐5C購02,---,---,---,---,---,0
707976,世界兆豐5C購01,---,---,---,---,---,0
707977,富喬國票5A購02,---,---,---,---,---,0
707978,富喬國票5B購02,---,---,---,---,---,0
707979,華義國票5B購01,---,---,---,---,---,0
707980,華義國票5B購02,0.06,-0.01,0.06,0.07,0.06,"155,000"
707981,新盛力國票5A購02,1.03,+0.08,1.08,1.08,1.03,"351,000"
707982,雙鴻凱基5A購08,0.15,+0.02,0.15,0.15,0.15,"1,000"
707983,良維凱基5A購04,---,---,---,---,---,0
707984,聖暉*凱基5C購01,1.51,+0.31,1.48,1.51,1.48,"33,000"
707985,德微凱基5A購02,---,---,---,---,---,0
707986,環球晶凱基5A購02,---,---,---,---,---,0
707987,雙鴻凱基5C購06,---,---,---,---,---,0
707988,譜瑞群益5A購01,---,---,---,---,---,0
707989,系統電國泰5B購01,---,---,---,---,---,0
707990,新盛力國泰5B購02,---,---,---,---,---,0
707991,群聯國泰5B購01,1.33,-0.04,1.51,1.51,1.33,"7,000"
707992,群聯國泰5B購02,1.09,+0.08,1.24,1.24,1.09,"65,000"
707993,立碁元大5A購04,---,---,---,---,---,0
707994,系微元大5C購01,0.20,+0.04,0.20,0.20,0.20,"20,000"
707995,德微元大5A購02,---,---,---,---,---,0
707996,立碁永豐5B購02,0.37,-0.05,0.49,0.49,0.37,"81,000"
707997,新盛力永豐61購01,1.14,+0.12,1.12,1.14,1.10,"94,000"
707998,群聯永豐5C購01,1.05,+0.30,0.83,1.05,0.80,"1,143,000"
707999,聖暉*永豐5C購02,0.51,+0.05,0.54,0.54,0.51,"140,000"
708000,德微永豐5B購01,---,---,---,---,---,0
708001,雙鴻永豐5C購04,---,---,---,---,---,0
708002,雙鴻永豐61購03,0.43,+0.04,0.45,0.45,0.43,"8,000"
708003,立碁國票5B購02,0.68,+0.01,0.80,0.80,0.67,"525,000"
708004,兆利國票5B購01,0.12,+0.01,0.12,0.12,0.12,"1,000"
708005,系微國票5B購01,---,---,---,---,---,0
708006,良維國票5B購01,0.16,0.00,0.16,0.16,0.16,"5,000"
708007,凌陽創國票5B購01,---,---,---,---,---,0
708008,群聯國票5B購03,0.94,+0.17,0.90,0.99,0.90,"29,000"
708009,聖暉*國票5B購01,---,---,---,---,---,0
708010,鉅橡國票5B購02,---,---,---,---,---,0
708011,矽科台新5A購01,---,---,---,---,---,0
708012,捷創台新5A購01,---,---,---,---,---,0
708013,富強鑫台新5A購01,0.72,+0.07,0.68,0.73,0.64,"72,000"
708014,崴寶台新5A購01,0.26,+0.12,0.26,0.26,0.26,"1,000"
708015,群聯台新5A購01,5.80,-0.10,5.50,5.80,5.30,"25,000"
708016,群聯台新5A購02,2.40,+0.30,2.40,2.40,2.20,"34,000"
708017,群聯台新5A購03,---,---,---,---,---,0
708018,穩得台新5A購01,---,---,---,---,---,0
708019,良維凱基5B購04,---,---,---,---,---,0
708020,東捷凱基5A購03,1.17,+0.14,1.27,1.27,1.17,"70,000"
708021,群聯凱基5B購01,---,---,---,---,---,0
708022,精材凱基5C購01,---,---,---,---,---,0
708023,譜瑞凱基5A購01,0.45,+0.33,0.14,0.45,0.14,"12,000"
708024,三聯國票5A購01,0.21,+0.02,0.21,0.21,0.21,"20,000"
708025,大綜國票5A購01,1.92,+0.64,1.47,1.92,1.47,"158,000"
708026,太景*國票5B購01,0.19,+0.04,0.19,0.19,0.19,"3,000"
708027,良維國票5B購02,0.18,0.00,0.19,0.19,0.18,"205,000"
708028,朋程國票5A購01,0.72,+0.15,0.72,0.72,0.72,"1,000"
708029,崴寶國票5B購01,0.23,+0.09,0.23,0.23,0.23,"1,000"
708030,群翊國票5B購03,---,---,---,---,---,0
708031,群聯國票5B購04,1.02,+0.12,1.06,1.06,1.02,"235,000"
708032,環球晶國票5A購02,3.03,-0.47,3.87,3.89,3.03,"554,000"
708033,譜瑞國票5B購01,0.45,+0.10,0.43,0.45,0.40,"355,000"
708034,久元永豐5C購01,0.24,+0.04,0.24,0.24,0.24,"30,000"
708035,良維永豐5C購02,---,---,---,---,---,0
708036,精材永豐5C購02,---,---,---,---,---,0
708037,雙鴻永豐5B購03,---,---,---,---,---,0
708038,雙鴻永豐63購02,0.45,+0.04,0.45,0.45,0.45,"20,000"
708039,力致國泰5C購01,0.44,+0.01,0.44,0.44,0.44,"3,000"
708040,良維元大5A購04,---,---,---,---,---,0
708041,良維元大63購01,0.30,+0.01,0.29,0.30,0.29,"10,000"
708042,新盛力元大5A購04,---,---,---,---,---,0
708043,良維富邦61購01,0.70,+0.28,0.70,0.70,0.70,"1,000"
708044,新盛力富邦61購02,0.74,+0.01,0.77,0.81,0.74,"2,548,000"
708045,兆利群益5A購01,---,---,---,---,---,0
708046,系統電群益5B購01,0.51,+0.08,0.51,0.51,0.51,"3,000"
708047,良維群益5B購03,0.17,0.00,0.20,0.20,0.17,"100,000"
708048,臺慶科群益5A購01,1.44,+0.09,1.60,1.60,1.44,"100,000"
708049,雙鴻群益5A購07,0.18,-0.05,0.17,0.18,0.17,"122,000"
708050,中美晶台新5B購02,---,---,---,---,---,0
708051,兆利台新5A購01,---,---,---,---,---,0
708052,兆利台新5A購02,---,---,---,---,---,0
708053,環球晶台新5A購03,---,---,---,---,---,0
708054,環球晶台新5A購04,3.43,-1.06,4.77,4.77,3.43,"290,000"
708055,群聯元大5A購03,0.80,+0.05,0.88,0.88,0.80,"40,000"
708056,環球晶元大5A購02,4.05,-0.26,4.90,4.90,4.03,"16,000"
708057,環球晶元大5A購03,2.75,-0.45,2.75,2.75,2.75,"7,000"
708058,環球晶元大5A購04,---,---,---,---,---,0
708059,世界凱基5A購03,---,---,---,---,---,0
708060,系統電凱基5A購03,0.19,+0.04,0.19,0.19,0.19,"1,000"
708061,欣銓凱基5A購03,0.55,+0.10,0.53,0.55,0.53,"4,000"
708062,順達凱基5A購04,---,---,---,---,---,0
708063,群聯凱基5B購02,0.60,+0.11,0.60,0.60,0.60,"1,000"
708064,群聯兆豐64購01,1.99,+0.25,1.95,2.00,1.93,"64,000"
708065,中美晶群益5C購01,1.78,+0.11,1.78,1.78,1.78,"1,000"
708066,群聯群益5B購02,0.61,+0.02,0.65,0.65,0.61,"921,000"
708067,群聯群益5C購01,1.03,+0.06,1.10,1.10,1.02,"1,858,000"
708068,精材群益5A購05,---,---,---,---,---,0
708069,精材群益5A購06,---,---,---,---,---,0
708070,雙鴻群益5B購07,0.19,+0.02,0.21,0.21,0.19,"1,048,000"
708071,凡甲國票5B購01,---,---,---,---,---,0
708072,久元國票5B購01,---,---,---,---,---,0
708073,中美晶國票5B購01,1.41,-0.07,1.67,1.67,1.40,"94,000"
708074,欣銓國票5C購01,0.96,+0.31,0.96,0.96,0.96,"5,000"
708075,萬泰科國票5B購02,---,---,---,---,---,0
708076,群聯國票5B購05,1.14,+0.10,1.23,1.23,1.13,"1,570,000"
708077,精材國票5B購01,1.80,-0.05,2.19,2.28,1.80,"34,000"
708078,鑫聯國票5B購01,---,---,---,---,---,0
708079,鴻呈國泰5C購01,---,---,---,---,---,0
708080,譜瑞國泰5B購01,---,---,---,---,---,0
708081,久元富邦61購02,---,---,---,---,---,0
708082,系統電富邦61購01,0.46,+0.11,0.46,0.46,0.46,"3,000"
708083,家登富邦5C購02,0.65,+0.08,0.66,0.68,0.65,"486,000"
708084,群聯富邦5C購02,0.85,+0.05,0.88,0.89,0.84,"3,304,000"
708085,群聯富邦61購02,0.73,+0.05,0.77,0.78,0.73,"2,477,000"
708086,譜瑞富邦5C購03,0.59,+0.14,0.55,0.59,0.55,"3,000"
708087,譜瑞富邦61購01,0.46,+0.11,0.39,0.46,0.39,"120,000"
708088,群聯永豐5C購02,0.54,+0.03,0.54,0.57,0.53,"782,000"
708089,群聯永豐64購02,0.87,+0.05,0.86,0.90,0.86,"248,000"
708090,精材永豐5B購02,4.97,+0.50,5.00,5.00,4.30,"13,000"
708091,中美晶凱基61購02,2.68,+0.16,2.68,2.68,2.68,"1,000"
708092,矽科凱基5B購01,0.13,+0.02,0.12,0.13,0.12,"204,000"
708093,群聯凱基61購01,0.51,+0.07,0.51,0.51,0.49,"37,000"
708094,精材凱基5B購02,2.50,+0.71,2.50,2.50,2.50,"10,000"
708095,環球晶凱基5B購02,3.34,-0.33,3.34,3.34,3.34,"10,000"
708096,譜瑞凱基5B購01,0.46,+0.15,0.40,0.46,0.39,"705,000"
708097,久元國票5C購01,---,---,---,---,---,0
708098,台星科國票5C購01,---,---,---,---,---,0
708099,正淩國票5C購01,0.18,+0.03,0.18,0.18,0.18,"1,000"
708100,亞信國票5C購01,0.40,+0.04,0.40,0.40,0.40,"32,000"
708101,佳邦國票5C購01,0.42,0.00,0.42,0.45,0.41,"891,000"
708102,金山電國票5C購01,---,---,---,---,---,0
708103,原相國票5B購01,0.77,+0.13,0.77,0.77,0.77,"50,000"
708104,原相國票5C購01,---,---,---,---,---,0
708105,家登國票5B購01,0.51,+0.19,0.51,0.51,0.51,"1,000"
708106,新潤國票5C購01,0.47,+0.02,0.45,0.47,0.45,"83,000"
708107,群聯國票61購01,0.67,+0.05,0.70,0.70,0.67,"51,000"
708108,精華國票5C購01,0.23,0.00,0.23,0.23,0.23,"10,000"
708109,磐儀國票5C購01,0.55,+0.08,0.51,0.61,0.51,"177,000"
708110,世界台新5B購01,---,---,---,---,---,0
708111,矽科台新5B購01,---,---,---,---,---,0
708112,家登台新5B購01,---,---,---,---,---,0
708113,家登台新5B購02,---,---,---,---,---,0
708114,家登台新62購01,---,---,---,---,---,0
708115,勤凱台新5B購01,1.08,+0.16,1.23,1.23,1.07,"154,000"
708116,群聯台新5B購01,---,---,---,---,---,0
708117,群聯台新5B購02,0.57,+0.05,0.55,0.63,0.55,"97,000"
708118,世界群益5B購05,2.42,+0.47,2.44,2.44,2.36,"502,000"
708119,欣銓群益5B購01,2.30,+0.60,1.99,2.30,1.80,"16,000"
708120,家登群益5B購01,0.52,+0.10,0.52,0.52,0.52,"1,000"
708121,家登群益61購01,0.48,+0.09,0.49,0.49,0.48,"36,000"
708122,世界永豐65購01,---,---,---,---,---,0
708123,台特化永豐62購01,0.36,+0.05,0.36,0.36,0.36,"62,000"
708124,高鋒永豐5C購01,0.25,+0.07,0.25,0.25,0.25,"5,000"
708125,群聯永豐65購01,0.82,+0.03,0.83,0.84,0.82,"691,000"
708126,群聯中信62購01,---,---,---,---,---,0
708127,凡甲國泰61購01,---,---,---,---,---,0
708128,東捷國泰61購01,2.58,+0.23,2.69,2.69,2.58,"57,000"
708129,欣銓國泰5C購01,1.23,+0.16,1.23,1.30,1.23,"270,000"
708130,群聯國泰61購01,1.41,+0.11,1.41,1.41,1.41,"6,000"
708131,中美晶富邦61購01,---,---,---,---,---,0
708132,環球晶富邦5C購02,1.52,+0.10,1.52,1.52,1.52,"3,000"
708133,中美晶元大5B購02,2.51,-0.18,2.97,2.97,2.51,"229,000"
708134,中美晶元大5B購03,---,---,---,---,---,0
708135,世界元大5B購02,1.50,+0.38,1.49,1.50,1.49,"11,000"
708136,世界元大5B購03,1.44,+0.26,1.48,1.48,1.44,"17,000"
708137,均豪元大5B購01,---,---,---,---,---,0
708138,群聯元大5B購01,1.17,+0.19,1.17,1.17,1.17,"4,000"
708139,群聯元大5B購02,1.89,-0.02,1.89,1.89,1.89,"4,000"
708140,群聯元大64購01,---,---,---,---,---,0
708141,精材元大5B購03,---,---,---,---,---,0
708142,精材元大5B購04,---,---,---,---,---,0
708143,精材元大5B購05,---,---,---,---,---,0
708144,雙鴻元大61購14,---,---,---,---,---,0
708145,大學光凱基5B購01,0.45,+0.06,0.40,0.45,0.40,"40,000"
708146,世界凱基5B購01,0.77,+0.11,0.77,0.77,0.77,"2,000"
708147,正淩凱基5C購01,---,---,---,---,---,0
708148,欣銓凱基61購01,---,---,---,---,---,0
708149,原相凱基5B購02,0.89,+0.11,0.89,0.89,0.89,"1,000"
708150,家登凱基5B購01,---,---,---,---,---,0
708151,群翊凱基61購02,---,---,---,---,---,0
708152,群聯凱基63購01,1.33,+0.17,1.33,1.33,1.33,"1,000"
708153,鈺太凱基5B購01,---,---,---,---,---,0
708154,安葆台新5B購01,---,---,---,---,---,0
708155,家碩台新5B購01,---,---,---,---,---,0
708156,家碩台新5B購02,---,---,---,---,---,0
708157,鉅橡台新5B購01,0.30,+0.07,0.30,0.30,0.30,"1,000"
708158,華景電國泰5C購01,0.70,+0.05,0.68,0.70,0.68,"57,000"
708159,世界富邦5B購01,0.53,+0.03,0.63,0.66,0.53,"139,000"
708160,系微富邦63購01,0.31,+0.06,0.30,0.31,0.29,"126,000"
708161,茂迪富邦63購02,0.48,+0.04,0.48,0.48,0.48,"161,000"
708162,原相富邦5B購01,0.52,+0.08,0.51,0.52,0.50,"5,000"
708163,萬泰科富邦5B購02,---,---,---,---,---,0
708164,群聯富邦62購01,0.58,+0.04,0.62,0.63,0.58,"1,377,000"
708165,群聯富邦62購02,0.50,+0.01,0.47,0.52,0.46,"1,096,000"
708166,凡甲永豐5C購01,---,---,---,---,---,0
708167,東捷永豐64購02,1.10,+0.02,1.18,1.18,1.09,"809,000"
708168,東捷永豐67購01,1.24,+0.06,1.29,1.29,1.24,"89,000"
708169,華景電永豐61購02,---,---,---,---,---,0
708170,璟德永豐61購01,---,---,---,---,---,0
708171,家登中信5B購01,---,---,---,---,---,0
708172,譜瑞中信5B購01,0.48,+0.11,0.43,0.48,0.42,"4,123,000"
708173,欣銓兆豐61購01,0.76,+0.15,0.76,0.76,0.76,"2,000"
708174,凡甲國票5C購01,---,---,---,---,---,0
708175,安葆國票5C購01,---,---,---,---,---,0
708176,東捷國票5C購01,1.12,-0.01,1.25,1.28,1.10,"411,000"
708177,華景電國票5C購01,---,---,---,---,---,0
708178,群翊國票5C購01,---,---,---,---,---,0
708179,群聯國票66購01,0.72,+0.03,0.76,0.76,0.71,"726,000"
708180,東捷群益5B購02,---,---,---,---,---,0
708181,東捷群益5B購03,0.92,+0.11,0.94,0.99,0.89,"454,000"
708182,華景電群益5B購01,0.30,+0.05,0.30,0.30,0.30,"20,000"
708183,群聯群益61購03,0.45,+0.03,0.48,0.48,0.45,"889,000"
708184,久元元大64購01,0.44,+0.07,0.43,0.44,0.43,"160,000"
708185,正淩元大5B購01,---,---,---,---,---,0
708186,東捷元大5B購01,1.50,+0.16,1.50,1.50,1.50,"2,000"
708187,東捷元大5B購02,---,---,---,---,---,0
708188,東捷元大5B購03,2.33,+0.04,2.38,2.38,2.33,"99,000"
708189,東捷元大5B購04,---,---,---,---,---,0
708190,家登元大5B購02,0.60,+0.11,0.60,0.60,0.60,"1,000"
708191,順達元大64購03,---,---,---,---,---,0
708192,萬泰科元大5B購01,---,---,---,---,---,0
708193,群翊元大5B購01,---,---,---,---,---,0
708194,群聯元大5B購03,0.50,+0.01,0.49,0.50,0.49,"21,000"
708195,群聯元大64購02,0.70,+0.03,0.68,0.70,0.67,"33,000"
708196,鈺太元大5B購01,0.55,+0.20,0.39,0.55,0.39,"153,000"
708197,精材元大5B購07,---,---,---,---,---,0
708198,精材元大61購06,4.32,+0.20,4.48,4.87,4.32,"25,000"
708199,環球晶元大5B購01,---,---,---,---,---,0
708201,凡甲凱基5B購01,0.31,0.00,0.34,0.34,0.31,"20,000"
708202,久元凱基5B購01,---,---,---,---,---,0
708203,台特化凱基5B購01,---,---,---,---,---,0
708204,安葆凱基5C購01,---,---,---,---,---,0
708205,家登凱基5B購02,---,---,---,---,---,0
708206,華景電凱基5B購01,0.26,+0.04,0.26,0.26,0.26,"15,000"
708207,順達凱基63購01,---,---,---,---,---,0
708208,萬泰科凱基5C購01,---,---,---,---,---,0
708209,群聯凱基64購01,0.56,-0.09,0.56,0.56,0.56,"23,000"
708210,環球晶凱基5B購03,3.68,-0.28,4.27,4.27,2.44,"149,000"
708211,穩得凱基5B購01,0.16,+0.01,0.16,0.16,0.16,"20,000"
708212,鑫聯凱基5C購01,0.53,+0.09,0.56,0.56,0.53,"40,000"
708213,台特化台新5B購01,0.52,+0.10,0.49,0.52,0.49,"4,000"
708214,台特化台新5B購02,---,---,---,---,---,0
708215,系微台新5B購01,---,---,---,---,---,0
708216,欣銓台新5B購01,---,---,---,---,---,0
708217,欣銓台新5B購02,1.19,+0.18,1.19,1.19,1.19,"261,000"
708218,湧德台新5B購01,0.46,+0.10,0.44,0.46,0.44,"332,000"
708219,華景電台新5B購01,---,---,---,---,---,0
708220,鈊象台新5B購01,2.17,-0.01,2.21,2.21,2.17,"41,000"
708221,萬泰科台新5B購01,---,---,---,---,---,0
708222,萬泰科台新5B購02,---,---,---,---,---,0
708223,精材台新5B購01,---,---,---,---,---,0
708225,璟德中信5B購01,---,---,---,---,---,0
708226,安葆國泰5C購01,---,---,---,---,---,0
708227,群翊國泰5C購02,---,---,---,---,---,0
708228,凡甲富邦61購01,0.45,-0.02,0.47,0.47,0.45,"738,000"
708229,中光電富邦62購01,2.35,+0.30,2.36,2.36,2.35,"24,000"
708230,均豪富邦5B購01,---,---,---,---,---,0
708231,捷創富邦62購01,---,---,---,---,---,0
708232,世界永豐5C購01,1.05,+0.15,1.10,1.10,1.01,"360,000"
708233,家登永豐61購01,---,---,---,---,---,0
708234,家碩永豐5B購01,0.09,0.00,0.09,0.09,0.09,"75,000"
708235,群聯永豐65購02,0.56,+0.04,0.56,0.57,0.55,"1,933,000"
708236,鉅橡永豐5C購01,---,---,---,---,---,0
708237,環球晶兆豐61購01,2.80,-0.65,2.80,2.80,2.80,"1,000"
708238,艾訊國票63購01,1.13,+0.25,1.00,1.16,1.00,"116,000"
708239,美琪瑪國票5C購01,---,---,---,---,---,0
708240,晶宏國票5C購01,1.70,+0.27,1.54,1.70,1.54,"727,000"
708241,翔名國票5C購01,0.99,+0.11,1.01,1.03,0.98,"150,000"
708242,聰泰國票5C購01,0.41,+0.01,0.42,0.42,0.40,"16,000"
708244,久元群益61購01,---,---,---,---,---,0
708245,方土昶群益5B購01,---,---,---,---,---,0
708246,世界群益5B購06,---,---,---,---,---,0
708247,艾訊群益5B購01,1.05,+0.07,1.06,1.12,1.05,"188,000"
708248,家登群益5B購02,---,---,---,---,---,0
708249,陽程群益5B購01,1.56,+0.38,1.47,1.61,1.47,"12,000"
708250,群聯群益5B購03,0.35,-0.02,0.36,0.40,0.34,"1,978,000"
708252,凡甲元大5B購01,0.30,-0.01,0.33,0.33,0.30,"25,000"
708253,均豪元大5B購02,0.20,+0.02,0.20,0.20,0.20,"22,000"
708254,均豪元大65購01,---,---,---,---,---,0
708255,家登元大5B購03,---,---,---,---,---,0
708256,群聯元大5B購04,---,---,---,---,---,0
708257,群聯元大5B購05,0.47,+0.03,0.47,0.47,0.47,"2,000"
708258,群聯元大64購03,0.71,+0.05,0.72,0.72,0.71,"6,000"
708259,精材元大5B購08,---,---,---,---,---,0
708260,精材元大5B購09,---,---,---,---,---,0
708261,精材元大5B購10,---,---,---,---,---,0
708262,璟德元大5B購01,---,---,---,---,---,0
708263,環球晶元大5B購03,---,---,---,---,---,0
708264,環球晶元大5B購04,---,---,---,---,---,0
708265,大中元大5B購01,---,---,---,---,---,0
708266,威剛元大5B購04,0.46,-0.01,0.48,0.48,0.46,"363,000"
708267,威剛元大5B購05,0.52,+0.02,0.54,0.54,0.52,"814,000"
708268,威剛元大64購01,0.61,0.00,0.65,0.88,0.61,"1,709,000"
708269,陽程元大61購03,1.07,+0.26,1.09,1.14,1.05,"280,000"
708270,群聯元大5B購06,---,---,---,---,---,0
708271,鉅橡元大5B購01,---,---,---,---,---,0
708272,鉅橡元大5B購02,---,---,---,---,---,0
708273,安葆國泰5C購02,---,---,---,---,---,0
708274,勤凱國泰5C購01,0.78,+0.12,0.84,0.84,0.78,"7,000"
708275,雷科國泰5C購01,---,---,---,---,---,0
708276,久元凱基64購01,---,---,---,---,---,0
708277,均豪凱基65購01,---,---,---,---,---,0
708278,金山電凱基5B購01,---,---,---,---,---,0
708279,威剛凱基5B購03,0.31,-0.01,0.36,0.36,0.31,"562,000"
708280,群聯凱基64購02,0.51,+0.03,0.55,0.55,0.51,"165,000"
708281,精材凱基5B購03,---,---,---,---,---,0
708283,鉅橡台新5B購02,---,---,---,---,---,0
708284,鉅橡台新5B購03,---,---,---,---,---,0
708285,系微兆豐65購01,0.69,+0.09,0.68,0.69,0.66,"154,000"
708286,群聯兆豐65購01,1.20,-0.07,1.31,1.31,1.20,"13,000"
708287,凡甲國票5C購02,---,---,---,---,---,0
708288,久元國票5C購02,---,---,---,---,---,0
708289,方土昶國票5C購01,1.16,+0.11,1.07,1.17,1.05,"193,000"
708290,世界國票5C購02,0.72,+0.15,0.69,0.72,0.69,"4,000"
708291,宏捷科國票5C購01,---,---,---,---,---,0
708292,威剛國票5C購01,0.72,+0.04,0.72,0.72,0.72,"5,000"
708293,耕興國票5C購01,---,---,---,---,---,0
708294,港建*國票5B購01,0.36,+0.03,0.38,0.38,0.36,"60,000"
708295,華宏國票5C購01,---,---,---,---,---,0
708296,鉅橡國票5C購01,---,---,---,---,---,0
708297,廣穎國票5C購01,---,---,---,---,---,0
708298,久元永豐5C購02,---,---,---,---,---,0
708299,台星科永豐61購01,0.41,+0.07,0.41,0.41,0.41,"64,000"
708300,合晶永豐5B購01,---,---,---,---,---,0
708301,均豪永豐5C購02,---,---,---,---,---,0
708302,欣銓永豐61購01,0.73,+0.11,0.70,0.73,0.70,"7,000"
708303,威剛永豐5B購01,0.38,+0.04,0.38,0.38,0.38,"50,000"
708304,威剛永豐5C購02,0.56,+0.04,0.56,0.56,0.56,"2,000"
708305,威剛永豐61購01,0.73,-0.02,0.78,0.78,0.73,"34,000"
708306,威剛永豐65購01,1.43,+0.10,1.40,1.43,1.40,"177,000"
708307,威剛永豐68購01,1.43,+0.07,1.43,1.43,1.43,"30,000"
708308,鉅橡永豐61購01,---,---,---,---,---,0
708309,廣穎永豐65購01,1.56,+0.15,1.51,1.56,1.51,"24,000"
708310,凡甲群益5B購01,---,---,---,---,---,0
708311,台特化群益5C購01,---,---,---,---,---,0
708312,正淩群益63購01,0.75,+0.11,0.73,0.77,0.73,"411,000"
708313,均豪群益5B購01,---,---,---,---,---,0
708314,宏捷科群益5B購01,---,---,---,---,---,0
708315,岳豐群益65購01,---,---,---,---,---,0
708316,威剛群益5B購02,0.55,+0.04,0.54,0.55,0.54,"11,000"
708317,威剛群益5C購01,---,---,---,---,---,0
708318,威剛群益61購01,---,---,---,---,---,0
708319,茂綸群益5B購01,1.48,+0.07,1.52,1.57,1.48,"654,000"
708320,廣穎群益5B購01,5.00,+0.89,4.54,5.00,4.54,"25,000"
708323,凡甲凱基5B購02,---,---,---,---,---,0
708324,久元凱基5C購01,---,---,---,---,---,0
708325,大中凱基5B購01,---,---,---,---,---,0
708326,方土昶凱基5C購01,---,---,---,---,---,0
708327,台特化凱基5B購02,---,---,---,---,---,0
708328,合晶凱基5B購01,---,---,---,---,---,0
708329,艾訊凱基5B購02,0.77,+0.11,0.77,0.77,0.77,"5,000"
708330,良維凱基5B購05,---,---,---,---,---,0
708331,威剛凱基5B購04,0.26,-0.01,0.30,0.30,0.26,"155,000"
708332,家登凱基5B購03,---,---,---,---,---,0
708333,耕興凱基5B購01,---,---,---,---,---,0
708334,港建*凱基5B購01,0.10,0.00,0.10,0.10,0.10,"13,000"
708335,群聯凱基61購02,0.43,+0.08,0.46,0.46,0.43,"55,000"
708336,廣穎凱基5B購01,3.97,+0.21,4.03,4.22,3.97,"7,000"
708337,環球晶凱基5C購02,1.70,-0.80,1.82,1.82,1.70,"14,000"
708339,合晶台新5B購02,---,---,---,---,---,0
708340,合晶台新5B購03,---,---,---,---,---,0
708341,安葆台新5B購02,---,---,---,---,---,0
708342,艾訊台新5B購01,2.00,+0.41,1.68,2.00,1.65,"152,000"
708343,艾訊台新5B購02,2.05,+0.56,1.58,2.05,1.57,"636,000"
708344,良維台新5B購01,0.61,+0.01,0.68,0.68,0.61,"37,000"
708345,良維台新5B購02,---,---,---,---,---,0
708346,良維台新5B購03,---,---,---,---,---,0
708347,湧德台新5B購02,0.56,+0.09,0.53,0.56,0.53,"164,000"
708348,湧德台新5B購03,---,---,---,---,---,0
708349,順達台新5B購01,1.06,-0.09,1.29,1.30,1.06,"2,217,000"
708350,順達台新5B購02,1.22,+0.11,1.27,1.27,1.21,"144,000"
708351,鈊象台新5B購02,---,---,---,---,---,0
708352,萬泰科台新5B購03,0.74,-0.04,0.88,0.88,0.74,"655,000"
708353,群聯台新5B購03,0.49,+0.03,0.53,0.53,0.49,"1,048,000"
708354,群聯台新5B購04,0.47,+0.04,0.47,0.47,0.47,"305,000"
708355,精材台新5B購03,9.00,+1.85,8.00,9.00,8.00,"2,000"
708356,臺慶科台新5B購01,3.28,+0.34,3.28,3.28,3.28,"1,000"
708357,璟德台新5B購01,---,---,---,---,---,0
708358,台星科兆豐61購01,---,---,---,---,---,0
708359,均豪兆豐61購01,0.18,+0.02,0.19,0.19,0.18,"400,000"
708360,欣銓群益5B購02,---,---,---,---,---,0
708361,精材群益5B購01,---,---,---,---,---,0
708362,環球晶群益5B購02,---,---,---,---,---,0
708363,環球晶群益5B購03,2.16,-0.26,2.16,2.16,2.16,"5,000"
708364,凡甲元大5B購02,0.86,+0.03,0.86,0.86,0.86,"5,000"
708365,凡甲元大5B購03,0.96,+0.01,0.96,0.96,0.96,"1,000"
708366,凡甲元大65購01,---,---,---,---,---,0
708367,久元元大5B購01,0.17,+0.02,0.17,0.17,0.17,"10,000"
708368,久元元大61購02,---,---,---,---,---,0
708369,久元元大65購01,---,---,---,---,---,0
708370,台星科元大5B購02,0.75,+0.03,0.74,0.82,0.74,"197,000"
708371,台星科元大65購01,0.78,+0.06,0.78,0.78,0.78,"1,000"
708372,沛亨元大5B購01,0.66,+0.14,0.65,0.72,0.63,"172,000"
708373,欣銓元大5B購01,0.94,+0.19,0.91,0.94,0.86,"552,000"
708374,欣銓元大64購01,---,---,---,---,---,0
708376,威剛元大5B購06,---,---,---,---,---,0
708377,威剛元大5B購07,0.55,0.00,0.60,0.61,0.55,"836,000"
708378,原相元大5B購01,0.78,+0.18,0.75,0.78,0.75,"604,000"
708379,家登元大5B購04,---,---,---,---,---,0
708380,家登元大64購01,---,---,---,---,---,0
708381,陽程元大61購04,---,---,---,---,---,0
708382,群聯元大5B購07,0.59,+0.03,0.62,0.62,0.59,"3,000"
708383,群聯元大61購05,---,---,---,---,---,0
708384,凡甲國泰5C購01,0.96,+0.04,0.96,0.96,0.96,"20,000"
708385,合晶國泰61購01,---,---,---,---,---,0
708386,合晶國泰62購01,---,---,---,---,---,0
708387,均豪國泰62購01,0.68,+0.06,0.68,0.68,0.68,"10,000"
708388,良維國泰5C購01,---,---,---,---,---,0
708389,家登國泰5C購01,---,---,---,---,---,0
708390,家登國泰5C購02,---,---,---,---,---,0
708391,力領台新5B購01,0.83,+0.04,0.84,0.85,0.83,"11,000"
708392,正淩台新5B購01,---,---,---,---,---,0
708393,合晶台新5B購04,---,---,---,---,---,0
708394,新盛力台新5B購01,---,---,---,---,---,0
708395,新盛力台新62購01,---,---,---,---,---,0
708396,群聯台新5B購05,0.73,+0.04,0.76,0.76,0.73,"560,000"
708397,群聯台新5B購06,0.35,+0.04,0.35,0.35,0.35,"250,000"
708398,聖暉*台新5B購02,---,---,---,---,---,0
708399,優群台新5B購01,0.22,-0.06,0.22,0.22,0.22,"10,000"
708400,久元凱基5B購02,---,---,---,---,---,0
708401,中美晶凱基61購03,---,---,---,---,---,0
708402,世禾凱基5B購01,0.35,+0.10,0.35,0.35,0.35,"2,000"
708403,世界凱基5C購03,0.57,+0.13,0.57,0.57,0.57,"1,000"
708404,尼克森凱基5B購01,1.28,+0.10,1.31,1.31,1.27,"162,000"
708405,亞信凱基5B購01,---,---,---,---,---,0
708406,欣銓凱基5B購01,0.28,+0.04,0.29,0.31,0.28,"156,000"
708407,信立凱基5B購02,---,---,---,---,---,0
708408,威剛凱基5C購01,0.45,0.00,0.26,0.45,0.26,"2,000"
708409,智通*凱基5B購01,---,---,---,---,---,0
708410,群聯凱基64購03,0.41,+0.03,0.42,0.42,0.41,"98,000"
708411,優群凱基5B購01,---,---,---,---,---,0
708412,環球晶兆豐61購02,1.54,-0.42,1.69,1.69,1.54,"20,000"
708413,FH中5G元大5B購01,1.57,+0.20,1.51,1.79,1.51,"6,000"
708414,FH中5G元大5C購01,2.38,+0.13,2.13,2.38,2.13,"47,000"
708415,世界元大64購03,---,---,---,---,---,0
708416,世界元大65購01,---,---,---,---,---,0
708417,合晶元大5B購01,---,---,---,---,---,0
708418,順達元大64購04,1.66,-0.01,1.85,1.87,1.65,"350,000"
708419,新盛力元大64購01,1.86,+0.14,1.86,1.86,1.86,"1,000"
708420,萬泰科元大5B購02,---,---,---,---,---,0
708421,鈺太元大5B購02,0.18,+0.06,0.18,0.18,0.18,"1,000"
708422,鈺太元大65購01,0.62,+0.31,0.32,0.62,0.32,"1,119,000"
708423,精材元大5B購11,---,---,---,---,---,0
708424,環球晶元大5B購05,---,---,---,---,---,0
708425,世界國票5C購03,---,---,---,---,---,0
708426,台半國票5C購01,---,---,---,---,---,0
708427,朋億*國票5C購01,1.36,+0.20,1.34,1.36,1.32,"60,000"
708428,群聯國票61購02,0.39,+0.05,0.39,0.39,0.39,"1,000"
708429,雷科國票5B購01,2.83,+0.26,2.83,2.83,2.83,"1,000"
708430,久元富邦61購03,---,---,---,---,---,0
708431,久元富邦62購01,---,---,---,---,---,0
708432,合晶富邦62購01,4.51,+0.38,4.51,4.51,4.51,"2,000"
708433,家登富邦61購02,0.32,+0.03,0.34,0.34,0.32,"16,000"
708434,家登富邦62購01,0.33,+0.06,0.33,0.33,0.33,"32,000"
708435,鈊象富邦61購02,---,---,---,---,---,0
708436,新盛力富邦61購03,0.97,+0.04,0.98,1.01,0.95,"379,000"
708437,群聯富邦62購03,0.42,+0.04,0.43,0.43,0.42,"723,000"
708438,環球晶富邦5C購03,1.04,-0.08,1.12,1.12,1.04,"13,000"
708439,世界群益5B購07,---,---,---,---,---,0
708440,立碁群益5C購01,---,---,---,---,---,0
708441,合晶群益5B購02,---,---,---,---,---,0
708442,艾訊群益5B購02,0.81,+0.21,0.64,0.81,0.64,"105,000"
708443,家登群益61購02,---,---,---,---,---,0
708444,新盛力群益5B購01,---,---,---,---,---,0
708445,群聯群益5B購04,0.31,+0.01,0.36,0.36,0.25,"22,000"
708446,環球晶群益5C購02,2.29,-0.36,2.29,2.29,2.29,"2,000"
708447,久元凱基63購01,---,---,---,---,---,0
708448,世界凱基65購01,0.65,+0.13,0.65,0.65,0.65,"1,000"
708449,台半凱基5C購01,2.17,+0.36,2.14,2.17,2.14,"16,000"
708450,合晶凱基5B購02,6.00,+0.25,6.00,6.00,6.00,"1,000"
708451,合晶凱基61購01,3.82,0.00,3.82,3.82,3.82,"8,000"
708452,欣銓凱基64購01,0.40,+0.05,0.40,0.40,0.40,"1,000"
708453,金山電凱基5B購02,---,---,---,---,---,0
708454,威剛凱基5B購06,0.33,0.00,0.35,0.35,0.32,"150,000"
708455,胡連凱基5B購01,0.43,0.00,0.44,0.44,0.43,"15,000"
708456,家登凱基5B購04,---,---,---,---,---,0
708457,新盛力凱基5B購02,---,---,---,---,---,0
708458,群聯凱基5B購03,0.23,+0.03,0.23,0.23,0.23,"70,000"
708459,鈺太凱基5B購02,---,---,---,---,---,0
708460,營邦凱基5B購01,0.46,+0.10,0.46,0.46,0.46,"1,000"
708461,營邦凱基5B購02,---,---,---,---,---,0
708462,營邦凱基5B購03,0.25,+0.01,0.26,0.27,0.24,"2,243,000"
708463,環球晶凱基5B購04,0.91,-0.38,1.48,1.48,0.91,"135,000"
708464,環球晶凱基5B購05,1.05,-0.20,1.09,1.09,1.05,"17,000"
708465,久元台新5B購01,---,---,---,---,---,0
708466,久元台新5B購02,---,---,---,---,---,0
708467,世界台新5B購02,---,---,---,---,---,0
708468,華景電台新5B購02,---,---,---,---,---,0
708469,華景電台新5B購03,0.30,+0.04,0.30,0.30,0.30,"5,000"
708470,環球晶台新5B購01,3.49,-1.06,4.89,4.94,3.47,"808,000"
708471,環球晶台新5B購02,2.10,-1.20,2.54,2.54,2.00,"18,000"
708472,環球晶台新62購01,1.08,-0.13,1.16,1.16,1.08,"6,000"
708473,環球晶台新62購02,1.13,-0.02,1.25,1.25,1.00,"177,000"
708474,久元元大5B購02,---,---,---,---,---,0
708475,久元元大5B購03,---,---,---,---,---,0
708476,久元元大5B購04,---,---,---,---,---,0
708477,久元元大5B購05,---,---,---,---,---,0
708478,久元元大5B購06,0.11,0.00,0.11,0.11,0.11,"10,000"
708479,世禾元大5B購01,---,---,---,---,---,0
708480,世界元大64購04,1.13,+0.19,1.17,1.17,1.11,"94,000"
708482,合晶元大5B購03,---,---,---,---,---,0
708484,合晶元大5B購05,3.56,-0.36,3.92,3.92,3.56,"4,000"
708485,合晶元大64購01,---,---,---,---,---,0
708486,合晶元大65購01,4.08,+0.62,3.70,4.08,3.70,"38,000"
708487,金山電元大5B購02,---,---,---,---,---,0
708489,金山電元大5B購04,1.83,-0.04,1.96,1.96,1.83,"2,000"
708490,群聯元大5B購08,---,---,---,---,---,0
708491,群聯元大5B購09,0.29,+0.03,0.29,0.29,0.20,"38,000"
708492,營邦元大5B購01,---,---,---,---,---,0
708493,營邦元大5B購02,0.25,+0.02,0.25,0.25,0.25,"9,000"
708494,環球晶元大5B購06,2.05,-0.95,2.05,2.05,2.05,"10,000"
708495,環球晶元大5B購07,2.12,-0.41,2.69,2.75,2.12,"137,000"
708496,環球晶元大5B購08,---,---,---,---,---,0
708497,環球晶元大5B購09,0.88,-0.57,2.00,2.00,0.88,"3,000"
708498,環球晶元大61購02,1.27,-0.42,1.45,1.45,1.27,"10,000"
708499,環球晶元大64購01,2.45,+0.37,2.45,2.45,2.45,"1,000"
708500,譜瑞元大61購02,0.91,+0.14,0.88,0.91,0.88,"30,000"
708501,威剛兆豐65購01,1.52,+0.07,1.56,1.58,1.51,"1,257,000"
708502,金山電國泰61購01,---,---,---,---,---,0
708503,群聯國泰62購01,0.66,+0.05,0.72,0.72,0.65,"711,000"
708504,群聯國泰63購01,0.95,+0.05,0.95,0.96,0.95,"85,000"
708505,群聯國泰63購02,0.73,+0.07,0.75,0.75,0.73,"221,000"
708506,雷科國泰5C購02,---,---,---,---,---,0
708507,環球晶國泰61購01,---,---,---,---,---,0
708508,環球晶國泰61購02,---,---,---,---,---,0
708509,久元國票5B購02,---,---,---,---,---,0
708510,久元國票5C購03,---,---,---,---,---,0
708511,久元國票5C購04,---,---,---,---,---,0
708512,合晶國票5B購01,---,---,---,---,---,0
708513,合晶國票5C購01,4.61,+0.75,4.00,4.61,3.86,"7,000"
708514,金山電國票5C購02,1.28,-0.01,1.41,1.41,1.26,"71,000"
708515,環球晶國票5B購01,---,---,---,---,---,0
708516,環球晶國票5C購01,1.70,-0.50,2.06,2.09,1.62,"328,000"
708517,世界富邦5B購02,0.18,-0.02,0.21,0.22,0.18,"203,000"
708518,精材富邦5B購01,---,---,---,---,---,0
708519,營邦富邦61購01,0.27,+0.01,0.29,0.29,0.27,"317,000"
708520,環球晶富邦5B購02,0.90,-0.19,1.29,1.29,0.90,"55,000"
708521,環球晶富邦61購01,1.29,0.00,1.29,1.31,1.27,"125,000"
708522,中美晶群益5C購02,---,---,---,---,---,0
708523,世界群益5B購08,0.30,+0.04,0.37,0.37,0.30,"404,000"
708524,朋程群益5B購01,0.71,+0.06,0.71,0.71,0.71,"10,000"
708525,金山電群益5B購01,2.51,-0.02,2.69,2.69,2.46,"181,000"
708526,新盛力群益5B購02,---,---,---,---,---,0
708527,精材群益5B購02,---,---,---,---,---,0
708528,臺慶科群益5B購01,1.33,+0.12,1.33,1.33,1.33,"1,000"
708529,德微群益5B購01,1.45,+0.10,1.45,1.45,1.45,"1,000"
708530,營邦群益5B購01,0.34,+0.03,0.35,0.36,0.34,"35,000"
708531,營邦群益5B購02,0.27,+0.01,0.26,0.27,0.26,"629,000"
708532,環球晶群益5B購04,1.41,-0.56,1.84,1.84,1.38,"640,000"
708533,譜瑞群益5C購02,0.80,+0.16,0.74,0.80,0.71,"1,165,000"
708534,中美晶凱基5B購02,1.92,-0.23,2.29,2.29,1.92,"42,000"
708535,世禾凱基5B購02,---,---,---,---,---,0
708536,立碁凱基5C購01,0.74,-0.08,0.73,0.74,0.73,"10,000"
708537,朋程凱基5B購01,0.71,+0.07,0.71,0.71,0.71,"10,000"
708538,倚強凱基5B購01,0.65,+0.05,0.65,0.65,0.65,"10,000"
708539,原相凱基5B購03,---,---,---,---,---,0
708540,精材凱基5B購04,---,---,---,---,---,0
708541,臺慶科凱基5B購01,0.91,+0.20,0.91,0.91,0.91,"2,000"
708542,譜瑞凱基61購01,0.50,+0.11,0.45,0.50,0.43,"145,000"
708543,群聯永豐65購03,0.40,+0.03,0.40,0.41,0.39,"1,325,000"
708544,精材永豐63購01,2.62,+0.15,2.66,2.66,2.62,"3,000"
708545,世界兆豐61購01,0.51,+0.09,0.51,0.51,0.51,"10,000"
708546,譜瑞兆豐65購01,0.87,+0.11,0.82,0.87,0.82,"4,000"
708547,群聯群益67購01,0.48,+0.01,0.54,0.60,0.47,"666,000"
708548,精材群益5B購03,---,---,---,---,---,0
708549,廣穎群益61購01,2.07,+0.26,1.96,2.13,1.96,"18,000"
708550,世界元大63購03,1.27,+0.23,1.30,1.30,1.27,"4,000"
708551,新盛力元大61購02,2.75,+0.18,2.66,2.75,2.66,"38,000"
708552,群聯元大5C購01,0.51,+0.02,0.52,0.52,0.51,"8,000"
708553,譜瑞元大5B購01,0.77,+0.16,0.73,0.77,0.73,"733,000"
708554,譜瑞元大5B購02,0.82,+0.17,0.74,0.82,0.72,"434,000"
708555,中美晶國泰61購01,---,---,---,---,---,0
708556,台半國泰5C購01,---,---,---,---,---,0
708557,欣銓國泰5C購02,0.95,+0.12,0.98,0.98,0.93,"134,000"
708558,立碁富邦5B購01,---,---,---,---,---,0
708559,欣銓富邦5B購02,0.25,+0.03,0.25,0.25,0.25,"193,000"
708560,威剛富邦5B購01,0.33,0.00,0.36,0.36,0.33,"41,000"
708561,順達富邦5C購02,---,---,---,---,---,0
708562,群聯富邦62購04,0.31,+0.01,0.32,0.32,0.30,"419,000"
708563,中美晶國票5C購01,1.01,-0.02,1.24,1.24,1.01,"42,000"
708564,台特化國票5C購01,---,---,---,---,---,0
708565,尼克森國票5B購01,---,---,---,---,---,0
708566,立敦國票5B購01,1.14,+0.08,1.14,1.14,1.14,"1,000"
708567,美琪瑪國票5C購02,---,---,---,---,---,0
708568,宸曜國票5B購01,0.72,+0.23,0.54,0.72,0.54,"41,000"
708569,新盛力國票5C購01,---,---,---,---,---,0
708570,新漢國票5B購01,0.49,+0.10,0.49,0.49,0.49,"50,000"
708571,群聯國票5C購01,0.28,+0.02,0.30,0.30,0.28,"230,000"
708572,世界凱基5B購03,0.60,+0.09,0.66,0.66,0.58,"310,000"
708573,家登凱基5B購05,---,---,---,---,---,0
708574,創惟凱基5B購01,0.46,+0.03,0.46,0.46,0.46,"10,000"
708575,華宏凱基5B購01,---,---,---,---,---,0
708576,閎康凱基5B購02,0.01,-0.16,0.26,0.26,0.01,"53,000"
708577,閎康凱基5B購03,---,---,---,---,---,0
708578,閎康凱基5B購04,0.38,-0.02,0.45,0.50,0.38,"101,000"
708579,群聯凱基5B購04,0.22,+0.02,0.55,0.55,0.22,"478,000"
708580,群聯凱基5C購01,0.18,+0.02,0.18,0.18,0.18,"20,000"
708581,群聯凱基61購03,0.30,+0.02,0.30,0.30,0.30,"94,000"
708582,榮剛凱基5B購01,---,---,---,---,---,0
708583,精材凱基5B購05,---,---,---,---,---,0
708584,廣穎凱基5B購02,1.60,+0.25,1.63,1.71,1.60,"48,000"
708585,譜瑞凱基5B購02,---,---,---,---,---,0
708586,美琪瑪富邦5B購01,---,---,---,---,---,0
708587,閎康富邦62購01,0.31,+0.08,0.31,0.31,0.31,"1,000"
708588,群聯富邦62購05,0.17,+0.02,0.17,0.18,0.16,"1,921,000"
708589,宏捷科兆豐65購01,0.57,+0.03,0.63,0.64,0.57,"1,117,000"
708590,群聯兆豐65購02,0.55,+0.03,0.57,0.59,0.55,"1,346,000"
708591,精材兆豐61購01,1.78,+0.18,1.60,1.90,1.60,"21,000"
708592,元太元大5B購02,1.51,+0.02,1.57,1.61,1.51,"874,000"
708593,世禾元大5B購02,0.39,0.00,0.39,0.39,0.39,"3,000"
708594,欣銓元大5B購02,0.90,+0.05,0.90,0.90,0.90,"35,000"
708595,順達元大5B購03,---,---,---,---,---,0
708596,新盛力元大61購03,---,---,---,---,---,0
708597,群聯元大5B購10,---,---,---,---,---,0
708598,群聯元大5B購11,0.29,+0.02,0.29,0.33,0.25,"42,000"
708599,群聯元大5B購12,0.26,+0.06,0.27,0.27,0.26,"495,000"
708600,群聯元大5B購13,---,---,---,---,---,0
708601,群聯元大5B購14,0.40,+0.02,0.40,0.40,0.40,"1,000"
708602,群聯元大5C購02,0.27,+0.02,0.27,0.27,0.27,"45,000"
708603,群聯元大61購06,0.54,+0.04,0.55,0.56,0.54,"16,000"
708604,群聯元大63購03,0.32,0.00,0.32,0.35,0.32,"170,000"
708605,精材元大61購07,3.85,+0.29,3.59,3.85,3.56,"156,000"
708606,譜瑞元大5B購03,0.31,+0.05,0.30,0.31,0.30,"562,000"
708607,中美晶永豐65購01,1.05,+0.09,1.05,1.05,1.05,"5,000"
708608,台半永豐63購01,---,---,---,---,---,0
708609,茂達永豐61購01,---,---,---,---,---,0
708610,新盛力永豐63購01,0.84,+0.04,0.86,0.89,0.84,"1,034,000"
708611,群聯永豐5C購03,---,---,---,---,---,0
708612,群聯永豐5C購04,0.20,0.00,0.21,0.21,0.20,"3,000"
708613,精材永豐64購01,1.61,+0.13,1.61,1.61,1.61,"101,000"
708614,德微永豐63購01,1.19,+0.15,1.25,1.27,1.16,"31,000"
708615,元太群益5B購03,1.05,-0.04,1.19,1.21,1.05,"65,000"
708616,方土昶群益5B購02,1.05,+0.49,1.00,1.07,1.00,"6,000"
708617,台半群益5B購01,---,---,---,---,---,0
708618,家登群益5B購03,0.20,+0.04,0.20,0.20,0.20,"1,000"
708619,閎康群益61購01,0.43,-0.07,0.43,0.43,0.43,"6,000"
708620,陽程群益5B購02,0.90,+0.09,0.88,0.99,0.86,"825,000"
708621,順達群益5B購03,---,---,---,---,---,0
708622,新盛力群益5B購03,---,---,---,---,---,0
708623,群聯群益5B購05,0.24,+0.04,0.24,0.24,0.24,"1,000"
708624,群聯群益61購04,0.25,+0.03,0.25,0.25,0.25,"20,000"
708625,榮剛群益5B購01,---,---,---,---,---,0
708626,精材群益5B購04,4.83,+0.40,4.83,4.83,4.83,"1,000"
708627,廣穎群益5B購02,2.03,+0.13,2.02,2.27,1.98,"1,257,000"
708628,譜瑞群益5B購02,0.36,+0.08,0.36,0.36,0.35,"114,000"
708629,元太凱基5B購04,0.66,-0.02,0.74,0.76,0.64,"221,000"
708630,元太凱基5B購05,0.80,-0.04,0.88,0.91,0.78,"409,000"
708631,閎康凱基61購02,---,---,---,---,---,0
708632,順達凱基5B購03,0.31,-0.02,0.31,0.31,0.31,"10,000"
708633,新盛力凱基61購01,---,---,---,---,---,0
708634,譜瑞凱基5B購03,0.41,+0.09,0.36,0.41,0.36,"11,000"
708635,譜瑞凱基5B購04,0.25,+0.07,0.24,0.25,0.24,"65,000"
708636,中美晶元大63購02,2.00,-0.12,2.24,2.29,2.00,"20,000"
708637,沛亨元大5B購02,---,---,---,---,---,0
708638,威剛元大5B購08,0.79,+0.02,0.82,0.82,0.79,"174,000"
708639,閎康元大5B購01,---,---,---,---,---,0
708640,順達元大5B購04,---,---,---,---,---,0
708641,精材元大5B購12,4.04,+0.22,4.20,4.56,4.04,"74,000"
708642,優群元大5B購01,0.32,+0.03,0.33,0.34,0.32,"817,000"
708643,譜瑞元大5B購04,0.47,+0.09,0.43,0.47,0.43,"228,000"
708644,譜瑞元大5B購05,0.33,+0.08,0.30,0.33,0.29,"403,000"
708645,譜瑞元大5B購06,0.60,+0.10,0.56,0.64,0.54,"842,000"
708646,譜瑞元大5B購07,0.25,+0.04,0.25,0.25,0.24,"87,000"
708647,台特化永豐61購01,---,---,---,---,---,0
708648,沛亨永豐5C購01,0.23,+0.06,0.23,0.23,0.23,"5,000"
708649,金益鼎永豐5C購01,0.51,0.00,0.52,0.52,0.51,"28,000"
708650,廣穎永豐61購01,0.82,+0.05,0.80,0.88,0.80,"574,000"
708651,中美晶富邦5B購01,1.15,+0.31,1.15,1.15,1.15,"1,000"
708652,元太富邦62購01,---,---,---,---,---,0
708653,元太富邦62購02,0.85,-0.02,0.91,0.94,0.85,"576,000"
708654,系統電富邦5B購01,---,---,---,---,---,0
708655,新盛力富邦62購01,0.66,+0.02,0.68,0.71,0.65,"1,824,000"
708656,元太群益5B購04,1.05,+0.07,1.07,1.07,1.05,"13,000"
708657,閎康群益5B購04,0.14,+0.05,0.14,0.14,0.14,"10,000"
708658,廣穎群益61購02,1.20,+0.09,1.19,1.29,1.18,"163,000"
708659,元太群益5B購05,0.62,+0.02,0.62,0.62,0.62,"100,000"
708660,臺慶科群益5B購02,0.54,+0.05,0.59,0.59,0.54,"71,000"
708661,元太元大5B購03,0.43,-0.02,0.50,0.50,0.43,"813,000"
708662,元太元大5B購04,0.56,+0.03,0.56,0.58,0.56,"549,000"
708663,元太元大5B購05,0.77,+0.05,0.81,0.82,0.77,"303,000"
708664,元太元大5B購06,0.52,+0.05,0.52,0.52,0.52,"183,000"
708665,元太元大5B購07,0.98,+0.03,1.01,1.04,0.98,"315,000"
708666,元太元大5B購08,0.35,+0.08,0.35,0.35,0.35,"602,000"
708667,元太元大5B購09,0.38,+0.01,0.42,0.42,0.38,"489,000"
708668,元太元大5B購10,1.08,+0.10,1.10,1.13,1.07,"310,000"
708669,博盛元大5B購01,0.75,+0.06,0.79,0.79,0.75,"61,000"
708670,陽程元大63購02,0.78,+0.12,0.78,0.78,0.78,"20,000"
708671,新盛力元大5B購03,1.16,+0.05,1.19,1.22,1.11,"415,000"
708672,元太永豐5C購01,---,---,---,---,---,0
708673,元太永豐61購01,0.60,+0.02,0.60,0.60,0.59,"336,000"
708674,威剛永豐67購01,0.93,+0.05,1.00,1.00,0.92,"31,000"
708675,智通*永豐61購01,0.85,+0.07,0.88,0.88,0.85,"180,000"
708676,閎康永豐61購01,---,---,---,---,---,0
708677,新漢永豐5C購01,0.52,+0.08,0.52,0.52,0.52,"3,000"
708678,臺慶科永豐5C購01,0.55,+0.07,0.58,0.58,0.54,"184,000"
708679,凡甲凱基5C購01,---,---,---,---,---,0
708680,中美晶凱基5B購03,2.04,+0.20,2.04,2.04,2.04,"48,000"
708681,元太凱基5B購06,---,---,---,---,---,0
708682,威剛凱基5B購07,0.49,+0.01,0.55,0.55,0.49,"532,000"
708683,美琪瑪凱基5C購01,---,---,---,---,---,0
708684,陽程凱基5B購01,0.36,+0.12,0.30,0.36,0.29,"329,000"
708685,新盛力凱基5B購03,0.54,+0.09,0.54,0.54,0.54,"6,000"
708686,新盛力凱基61購02,0.73,+0.06,0.73,0.73,0.73,"1,000"
708687,精材凱基61購03,---,---,---,---,---,0
708688,凡甲台新5B購01,---,---,---,---,---,0
708689,凡甲台新5B購02,---,---,---,---,---,0
708690,凡甲台新5B購03,---,---,---,---,---,0
708691,中美晶台新5B購03,---,---,---,---,---,0
708692,元太台新5B購01,1.14,+0.13,1.14,1.14,1.14,"18,000"
708693,方土昶台新5B購01,1.96,+0.41,1.71,2.00,1.68,"150,000"
708694,台特化台新5B購03,---,---,---,---,---,0
708695,閎康台新5B購01,---,---,---,---,---,0
708696,閎康台新5B購02,---,---,---,---,---,0
708697,閎康台新5B購03,---,---,---,---,---,0
708698,順達台新5B購03,0.82,+0.14,0.86,0.87,0.82,"20,000"
708699,臺慶科台新5B購02,1.92,+0.10,2.07,2.13,1.92,"64,000"
708700,凡甲國泰61購02,---,---,---,---,---,0
708701,元太國泰5C購01,1.12,+0.08,1.18,1.18,1.12,"152,000"
708702,元太國泰5C購02,0.83,-0.02,0.92,0.92,0.83,"115,000"
708703,元太國泰5C購03,---,---,---,---,---,0
708704,台半富邦62購01,0.58,+0.07,0.60,0.65,0.56,"935,000"
708705,華景電富邦5B購01,0.23,+0.03,0.23,0.23,0.23,"40,000"
708706,新盛力富邦61購04,0.56,+0.02,0.58,0.60,0.56,"509,000"
708707,德微富邦63購01,---,---,---,---,---,0
708708,雙鴻富邦61購01,0.54,+0.05,0.54,0.54,0.54,"10,000"
708709,元太國票5C購01,---,---,---,---,---,0
708710,元太國票5C購02,0.54,+0.04,0.54,0.54,0.54,"10,000"
708711,光頡國票5B購01,1.92,+0.37,1.76,1.95,1.62,"220,000"
708712,光頡國票5B購02,3.89,+0.19,3.89,3.89,3.89,"1,000"
708713,朋程國票5B購01,0.52,+0.07,0.52,0.52,0.52,"1,000"
708714,閎康國票5C購01,---,---,---,---,---,0
708715,新盛力國票5B購02,0.69,+0.07,0.68,0.71,0.67,"348,000"
708716,中美晶台新5B購04,---,---,---,---,---,0
708717,台半台新5B購01,---,---,---,---,---,0
708718,台半台新5B購02,2.64,+0.19,2.63,2.81,2.53,"219,000"
708719,台半台新5B購03,---,---,---,---,---,0
708720,光頡凱基5B購01,0.56,-0.20,0.56,0.56,0.56,"10,000"
708721,陽程凱基61購01,0.22,-0.14,0.43,0.48,0.22,"109,000"
708722,陽程凱基63購02,0.20,-0.11,0.20,0.20,0.20,"10,000"
708723,勤凱凱基5B購01,0.20,+0.03,0.20,0.20,0.20,"60,000"
708724,臺慶科凱基5B購02,0.39,+0.13,0.32,0.39,0.32,"385,000"
708725,擎亞凱基5B購02,1.88,+0.21,1.92,1.92,1.88,"2,000"
708726,擎亞凱基5B購03,2.50,+0.25,2.26,2.50,2.26,"2,000"
708727,台半元大63購02,---,---,---,---,---,0
708728,威剛元大5B購09,0.69,+0.02,0.71,0.71,0.69,"38,000"
708729,博盛元大5B購02,---,---,---,---,---,0
708730,閎康元大5B購02,0.44,-0.07,0.55,0.66,0.44,"96,000"
708731,陽程元大5B購01,0.46,+0.12,0.40,0.55,0.39,"261,000"
708732,陽程元大5B購02,---,---,---,---,---,0
708733,陽程元大65購02,---,---,---,---,---,0
708734,勤凱元大5B購01,0.70,+0.14,0.73,0.73,0.70,"68,000"
708735,勤凱元大5B購02,0.65,+0.07,0.69,0.69,0.65,"504,000"
708736,勤凱元大5B購03,---,---,---,---,---,0
708737,群翊元大5B購02,0.43,+0.07,0.44,0.44,0.43,"528,000"
708738,德微元大5B購01,---,---,---,---,---,0
708739,德微元大5B購02,---,---,---,---,---,0
708740,擎亞元大5B購03,---,---,---,---,---,0
708741,擎亞元大5B購04,1.09,-0.27,1.16,1.16,1.09,"72,000"
708742,尼克森永豐5C購01,0.43,+0.04,0.44,0.44,0.43,"88,000"
708743,光頡永豐61購01,---,---,---,---,---,0
708744,翔名永豐5C購01,0.61,+0.07,0.61,0.61,0.61,"26,000"
708745,陽程永豐5B購02,---,---,---,---,---,0
708746,精材永豐61購02,---,---,---,---,---,0
708747,臺慶科永豐65購01,0.69,+0.04,0.67,0.69,0.67,"449,000"
708748,擎亞永豐5C購01,1.79,+0.22,1.79,1.79,1.79,"2,000"
708749,擎亞永豐61購01,1.73,+0.37,1.71,1.73,1.61,"120,000"
708750,雙鴻永豐65購01,0.87,+0.05,0.87,0.87,0.87,"15,000"
708751,精材富邦5B購02,---,---,---,---,---,0
708752,博盛國泰5C購01,---,---,---,---,---,0
708753,擎亞國泰61購01,---,---,---,---,---,0
708754,凡甲群益5B購02,---,---,---,---,---,0
708755,中美晶群益5B購03,2.44,-0.29,3.26,3.26,2.44,"605,000"
708756,正淩群益5B購01,---,---,---,---,---,0
708757,威剛群益61購02,1.50,+0.20,1.50,1.50,1.50,"1,000"
708758,陽程群益5B購03,0.25,+0.04,0.23,0.25,0.23,"40,000"
708759,聖暉*群益5B購02,---,---,---,---,---,0
708760,精材群益5B購06,2.06,+0.03,2.46,2.75,2.06,"60,000"
708761,擎亞群益5B購02,---,---,---,---,---,0
708762,大中國票5B購01,0.90,+0.07,0.98,0.98,0.89,"38,000"
708763,世界國票5C購04,---,---,---,---,---,0
708764,立端國票5C購01,---,---,---,---,---,0
708765,均豪國票5B購01,---,---,---,---,---,0
708766,沛亨國票5C購01,---,---,---,---,---,0
708767,威剛國票5C購03,0.66,+0.05,0.66,0.66,0.66,"15,000"
708768,原相國票5B購02,---,---,---,---,---,0
708769,家碩國票5C購01,0.30,+0.03,0.30,0.30,0.30,"10,000"
708770,博盛國票5B購02,---,---,---,---,---,0
708771,博盛國票5C購01,---,---,---,---,---,0
708772,博盛國票5C購02,0.43,+0.10,0.43,0.43,0.43,"25,000"
708773,陽程國票5B購01,0.36,+0.10,0.33,0.37,0.33,"104,000"
708774,新鉅科國票5C購01,0.58,-0.01,0.58,0.58,0.58,"20,000"
708775,聖暉*國票5C購01,0.64,+0.03,0.66,0.66,0.64,"16,000"
708776,榮剛國票5C購01,---,---,---,---,---,0
708777,精材國票5C購02,1.28,+0.02,1.42,1.65,1.28,"161,000"
708778,臺慶科國票5C購02,---,---,---,---,---,0
708779,廣閎科國票5C購01,1.03,+0.22,1.03,1.03,1.03,"5,000"
708780,擎亞國票5B購01,---,---,---,---,---,0
708781,FH中5G凱基5B購01,---,---,---,---,---,0
708782,世界凱基64購01,---,---,---,---,---,0
708783,正淩凱基5B購02,---,---,---,---,---,0
708784,光頡凱基5B購02,0.70,+0.05,0.85,0.97,0.70,"39,000"
708785,均豪凱基5B購02,---,---,---,---,---,0
708786,沛亨凱基5B購02,0.26,+0.04,0.26,0.26,0.26,"10,000"
708787,群翊凱基5B購01,0.47,+0.07,0.46,0.47,0.46,"11,000"
708788,聖暉*凱基5B購04,---,---,---,---,---,0
708789,精材凱基5B購06,1.05,+0.13,1.05,1.05,1.05,"1,000"
708790,精材凱基5B購07,---,---,---,---,---,0
708791,精材凱基5C購02,1.43,+0.30,1.46,1.46,1.43,"12,000"
708792,精材凱基61購04,---,---,---,---,---,0
708793,德微凱基5B購01,1.26,+0.13,1.31,1.34,1.24,"21,000"
708794,世界中信5B購02,0.24,+0.01,0.40,0.40,0.24,"1,195,000"
708795,正淩永豐61購01,---,---,---,---,---,0
708796,茂綸永豐61購01,0.60,+0.06,0.60,0.62,0.58,"131,000"
708797,神準永豐5C購01,0.55,+0.02,0.54,0.55,0.54,"472,000"
708798,精材永豐65購01,1.28,+0.27,1.28,1.28,1.28,"50,000"
708799,台半元大5B購01,2.48,+0.20,2.33,2.50,2.31,"112,000"
708800,光頡元大5B購01,1.21,+0.23,1.21,1.21,1.21,"10,000"
708801,光頡元大5B購03,---,---,---,---,---,0
708802,聖暉*元大5B購03,0.93,+0.12,0.88,0.93,0.86,"143,000"
708803,聖暉*元大5B購04,0.74,+0.05,0.73,0.76,0.73,"252,000"
708804,雷科元大5B購01,2.26,+0.05,2.55,2.55,2.26,"86,000"
708805,精材元大5B購13,1.99,+0.47,1.99,1.99,1.99,"10,000"
708806,精材元大5B購14,2.79,+0.34,2.67,2.80,2.67,"21,000"
708807,精材元大5B購15,2.19,+0.23,2.19,2.19,2.19,"40,000"
708808,精材元大5B購16,2.65,+0.50,2.65,2.65,2.65,"20,000"
708809,精材元大5B購17,2.64,+0.33,2.61,2.64,2.61,"2,000"
708810,精材元大63購03,1.16,+0.18,1.16,1.16,1.16,"2,000"
708811,臺慶科元大63購01,---,---,---,---,---,0
708812,世界台新5B購04,1.15,+0.12,1.15,1.15,1.15,"173,000"
708813,光頡台新5B購01,---,---,---,---,---,0
708814,欣銓台新5B購03,---,---,---,---,---,0
708815,欣銓台新5B購04,---,---,---,---,---,0
708816,倚強台新5B購01,---,---,---,---,---,0
708817,聖暉*台新5B購03,0.74,+0.19,0.74,0.74,0.74,"14,000"
708818,榮剛台新5B購01,0.78,+0.05,0.78,0.78,0.78,"10,000"
708819,精材台新5B購04,2.35,+0.07,2.35,2.35,2.35,"8,000"
708820,精材台新5B購05,---,---,---,---,---,0
708821,精材台新5C購01,---,---,---,---,---,0
708822,臺慶科台新5B購03,---,---,---,---,---,0
708823,臺慶科台新5B購04,---,---,---,---,---,0
708824,伍豐國票5C購01,0.40,+0.03,0.40,0.40,0.40,"10,000"
708825,光頡國票5B購03,1.25,+0.57,0.99,1.25,0.98,"110,000"
708826,翔名國票5C購02,0.60,+0.06,0.58,0.62,0.57,"276,000"
708827,聖暉*兆豐61購01,0.60,+0.07,0.60,0.60,0.60,"2,000"
708828,立敦群益5B購01,0.59,+0.06,0.58,0.59,0.54,"17,000"
708829,光頡群益5B購01,---,---,---,---,---,0
708830,金益鼎群益5B購01,0.21,+0.04,0.22,0.22,0.21,"509,000"
708831,茂綸群益5C購01,0.50,+0.11,0.50,0.50,0.50,"36,000"
708832,翔名群益5B購01,0.44,+0.03,0.44,0.44,0.44,"209,000"
708833,精材群益5B購07,---,---,---,---,---,0
708834,千如國泰5C購01,---,---,---,---,---,0
708835,聖暉*國泰5C購01,---,---,---,---,---,0
708836,精材國泰5C購01,---,---,---,---,---,0
708837,精材國泰5C購02,---,---,---,---,---,0
708838,臺慶科國泰5C購01,1.26,+0.20,1.27,1.27,1.26,"9,000"
708839,萬泰科富邦63購01,0.36,+0.02,0.38,0.38,0.36,"45,000"
708840,中美晶元大5B購04,2.18,-0.09,2.52,2.52,2.16,"235,000"
708841,台半元大5B購02,2.30,+0.30,1.60,2.30,0.97,"5,000"
708842,光頡元大5B購04,---,---,---,---,---,0
708843,威剛元大5B購10,1.70,-0.01,1.83,1.85,1.70,"1,162,000"
708844,威剛元大5B購11,0.91,+0.05,0.91,0.91,0.88,"868,000"
708845,翔名元大5B購01,0.45,+0.05,0.45,0.45,0.45,"10,000"
708846,順達元大5B購05,0.99,+0.05,0.99,0.99,0.99,"10,000"
708847,新盛力元大5B購04,1.42,+0.13,1.40,1.42,1.40,"2,000"
708848,群翊元大5B購03,---,---,---,---,---,0
708849,擎亞元大5B購05,1.07,+0.13,1.02,1.07,1.02,"5,000"
708850,擎亞元大5B購06,1.35,+0.37,1.39,1.45,1.35,"40,000"
708851,久元凱基5B購03,---,---,---,---,---,0
708852,台半凱基5B購01,0.91,+0.06,0.96,0.96,0.91,"50,000"
708853,立碁凱基5C購02,---,---,---,---,---,0
708854,光頡凱基5B購03,---,---,---,---,---,0
708855,光頡凱基5B購04,---,---,---,---,---,0
708856,茂綸凱基5C購01,---,---,---,---,---,0
708857,翔名凱基5B購01,0.33,+0.02,0.35,0.35,0.33,"141,000"
708858,德微凱基5B購02,---,---,---,---,---,0
708859,立敦台新5B購01,---,---,---,---,---,0
708860,立敦台新5B購02,1.06,+0.38,1.06,1.06,1.04,"27,000"
708861,沛亨台新5B購01,0.67,+0.15,0.67,0.67,0.67,"2,000"
708862,沛亨台新5B購02,---,---,---,---,---,0
708863,沛亨台新5B購03,---,---,---,---,---,0
708864,捷創台新5B購01,---,---,---,---,---,0
708865,新盛力台新5B購02,1.18,+0.12,1.17,1.18,1.17,"35,000"
708866,新盛力台新5B購03,1.44,+0.15,1.43,1.44,1.42,"220,000"
708867,新盛力台新5C購01,---,---,---,---,---,0
708868,新盛力台新62購02,---,---,---,---,---,0
708869,中美晶中信5B購01,1.05,-0.08,1.38,1.38,1.04,"671,000"
708870,光頡中信5B購01,0.56,-0.09,0.60,0.88,0.52,"20,000"
708871,威剛中信65購01,0.50,+0.01,0.50,0.50,0.50,"20,000"
708872,台半永豐61購01,1.13,+0.05,1.12,1.39,1.12,"618,000"
708873,光頡永豐64購01,---,---,---,---,---,0
708874,雅特力永豐5B購01,---,---,---,---,---,0
708875,千如國票5C購01,0.56,-0.01,0.65,0.66,0.56,"341,000"
708876,台半國票5C購02,1.32,+0.22,1.25,1.32,1.23,"93,000"
708877,台星科國票5C購02,---,---,---,---,---,0
708878,光頡國票5C購01,1.35,+0.28,0.58,1.35,0.58,"65,000"
708879,均豪國票5B購02,---,---,---,---,---,0
708880,亞通國票5B購01,0.80,+0.24,0.82,0.82,0.80,"22,000"
708881,金益鼎國票5C購01,---,---,---,---,---,0
708882,能率國票5C購01,0.96,+0.40,0.66,0.96,0.66,"64,000"
708883,晶焱國票5B購01,0.38,+0.04,0.37,0.38,0.37,"20,000"
708884,智通*國票5B購02,---,---,---,---,---,0
708885,翔名國票5C購03,0.47,+0.06,0.47,0.47,0.47,"30,000"
708886,雅特力國票5C購01,1.90,+0.08,2.05,2.09,1.79,"46,000"
708887,萬泰科國票5C購01,0.46,+0.04,0.46,0.46,0.46,"10,000"
708888,雷科國票5B購02,1.29,+0.17,1.29,1.29,1.29,"1,000"
708889,德微國票5C購01,1.03,+0.12,1.03,1.03,1.03,"10,000"
708890,擎亞國票5B購02,1.60,+0.28,1.72,1.72,1.59,"130,000"
708891,久元群益61購02,---,---,---,---,---,0
708892,世界群益62購02,0.59,+0.09,0.64,0.64,0.59,"155,000"
708893,立碁群益5B購01,1.61,+0.30,1.65,1.65,1.61,"121,000"
708894,光頡群益5B購02,2.36,-0.10,1.64,2.72,1.64,"39,000"
708895,均豪群益5B購02,---,---,---,---,---,0
708896,擎亞群益5C購01,0.93,+0.15,0.97,0.97,0.93,"9,000"
708897,雷科國泰61購01,2.99,+0.22,2.99,2.99,2.99,"1,000"
708899,凡甲統一65購01,0.35,0.00,0.35,0.35,0.35,"40,000"
708900,久元統一65購01,---,---,---,---,---,0
708901,久元統一65購02,---,---,---,---,---,0
708902,大中統一63購01,0.88,+0.06,0.87,0.92,0.87,"146,000"
708903,大中統一65購01,0.76,+0.05,0.79,0.80,0.76,"89,000"
708904,世界統一64購02,0.61,+0.03,0.67,0.67,0.61,"390,000"
708905,世界統一65購01,0.49,+0.03,0.54,0.54,0.49,"70,000"
708906,世界統一65購02,0.48,+0.04,0.49,0.49,0.48,"31,000"
708907,尼克森統一63購01,0.48,+0.07,0.48,0.48,0.48,"1,000"
708908,立敦統一63購01,0.66,+0.08,0.63,0.66,0.63,"21,000"
708909,立敦統一65購01,0.64,+0.04,0.64,0.64,0.64,"15,000"
708910,立敦統一65購02,---,---,---,---,---,0
708911,立敦統一66購01,---,---,---,---,---,0
708912,光頡統一63購01,0.93,-0.27,0.95,0.95,0.93,"6,000"
708913,光頡統一65購01,0.59,+0.19,0.43,0.59,0.42,"101,000"
708914,光頡統一65購02,0.47,+0.02,0.37,0.48,0.37,"239,000"
708915,安葆統一75購01,---,---,---,---,---,0
708916,艾訊統一65購01,0.37,+0.05,0.33,0.38,0.32,"2,418,000"
708917,邑錡統一65購01,0.53,+0.02,0.53,0.54,0.52,"554,000"
708918,亞通統一65購01,0.58,+0.03,0.58,0.58,0.58,"94,000"
708919,欣銓統一63購01,0.50,+0.10,0.47,0.50,0.44,"405,000"
708920,欣銓統一65購02,0.48,+0.03,0.49,0.50,0.48,"337,000"
708921,欣銓統一67購01,0.86,+0.09,0.86,0.86,0.86,"10,000"
708922,欣銓統一69購01,---,---,---,---,---,0
708923,威剛統一64購02,0.56,+0.01,0.56,0.56,0.56,"100,000"
708924,威剛統一65購01,---,---,---,---,---,0
708925,威剛統一65購02,0.70,+0.01,0.70,0.71,0.70,"50,000"
708926,威剛統一65購03,---,---,---,---,---,0
708927,威剛統一69購01,0.47,0.00,0.50,0.50,0.47,"211,000"
708928,茂達統一64購01,0.75,+0.02,0.75,0.75,0.75,"10,000"
708929,茂綸統一63購01,0.58,+0.03,0.54,0.61,0.54,"807,000"
708930,翔名統一63購01,0.45,+0.03,0.45,0.45,0.45,"68,000"
708931,翔名統一65購01,0.49,+0.04,0.49,0.49,0.48,"380,000"
708932,閎康統一65購01,---,---,---,---,---,0
708933,閎康統一65購02,---,---,---,---,---,0
708934,順達統一65購02,0.45,+0.01,0.47,0.47,0.45,"51,000"
708935,新盛力統一69購01,0.57,+0.02,0.57,0.58,0.56,"1,118,000"
708936,聖暉*統一63購02,0.56,+0.08,0.57,0.58,0.56,"147,000"
708937,臺慶科統一63購01,0.67,+0.04,0.69,0.70,0.64,"386,000"
708938,臺慶科統一65購01,0.50,+0.04,0.52,0.52,0.50,"9,000"
708939,擎亞統一67購01,0.69,-0.03,0.72,0.72,0.69,"1,012,000"
708940,中美晶凱基5B購04,---,---,---,---,---,0
708941,世界凱基63購01,0.76,-0.03,0.81,0.90,0.76,"267,000"
708942,台半凱基61購01,1.08,+0.17,1.09,1.14,1.02,"130,000"
708943,台星科凱基5C購01,0.60,+0.09,0.60,0.60,0.60,"33,000"
708944,均豪凱基5B購03,---,---,---,---,---,0
708945,威剛凱基5B購08,0.66,-0.02,0.71,0.73,0.66,"293,000"
708946,德微凱基5C購01,0.57,+0.06,0.56,0.57,0.56,"2,000"
708947,擎亞凱基5B購04,1.39,+0.23,1.27,1.39,1.27,"28,000"
708948,順達台新61購01,1.09,+0.04,1.12,1.12,1.09,"10,000"
708949,鈊象台新5B購04,2.03,+0.08,2.07,2.07,2.00,"62,000"
708950,優群台新5B購02,0.44,+0.05,0.43,0.45,0.43,"69,000"
708951,中美晶元大5B購05,---,---,---,---,---,0
708952,台半元大5B購03,---,---,---,---,---,0
708953,均豪元大5B購03,---,---,---,---,---,0
708954,威剛元大5B購12,1.06,-0.02,1.15,1.17,1.06,"191,000"
708955,威剛元大5B購13,0.93,+0.05,0.97,0.97,0.93,"85,000"
708956,順達元大5B購06,---,---,---,---,---,0
708957,新盛力元大5B購05,---,---,---,---,---,0
708958,雷科元大5B購02,1.55,+0.12,1.55,1.55,1.55,"1,000"
708959,雷科元大5B購03,1.78,+0.55,1.83,1.83,1.78,"5,000"
708960,雷科元大5B購04,2.99,+0.29,2.85,2.99,2.85,"12,000"
708961,擎亞元大5B購07,---,---,---,---,---,0
708962,點序元大5B購01,---,---,---,---,---,0
708963,台半永豐5C購02,0.67,+0.09,0.70,0.77,0.67,"1,028,000"
708964,凌陽創永豐61購01,0.46,+0.03,0.46,0.46,0.46,"32,000"
708965,萬泰科永豐61購01,---,---,---,---,---,0
708966,久元群益5B購01,---,---,---,---,---,0
708967,均豪群益5B購03,---,---,---,---,---,0
708968,佳邦群益5B購01,---,---,---,---,---,0
708969,朋程群益5B購02,0.47,+0.04,0.47,0.47,0.47,"1,000"
708970,欣銓群益5B購03,0.74,+0.17,0.74,0.74,0.74,"2,000"
708971,鈊象群益5B購03,1.47,+0.04,1.47,1.47,1.47,"10,000"
708972,鈺太群益5B購01,---,---,---,---,---,0
708973,德微群益5B購03,---,---,---,---,---,0
708974,雙鴻群益5B購08,1.13,0.00,1.07,1.13,1.07,"15,000"
708975,久元統一65購03,---,---,---,---,---,0
708976,久元統一65購04,---,---,---,---,---,0
708977,台半統一63購01,0.78,+0.09,0.77,0.84,0.77,"54,000"
708978,台半統一65購01,0.45,+0.02,0.45,0.45,0.45,"30,000"
708979,台半統一69購01,0.50,+0.04,0.50,0.50,0.50,"11,000"
708980,台星科統一65購01,0.48,+0.04,0.48,0.48,0.48,"43,000"
708981,立敦統一65購03,---,---,---,---,---,0
708982,沛亨統一69購01,0.40,+0.06,0.41,0.42,0.40,"687,000"
708983,良維統一5B購01,---,---,---,---,---,0
708984,欣銓統一65購03,---,---,---,---,---,0
708985,金益鼎統一65購02,---,---,---,---,---,0
708986,威剛統一5B購02,---,---,---,---,---,0
708987,威剛統一65購04,0.71,0.00,0.74,0.74,0.71,"20,000"
708988,茂達統一65購01,0.69,0.00,0.78,0.78,0.69,"51,000"
708989,茂綸統一65購01,---,---,---,---,---,0
708990,閎康統一63購02,---,---,---,---,---,0
708991,聖暉*統一65購02,0.70,+0.05,0.70,0.70,0.69,"502,000"
708992,德微統一63購02,0.44,+0.09,0.42,0.45,0.42,"162,000"
708993,德微統一75購01,0.59,-0.07,0.59,0.59,0.59,"25,000"
708994,擎亞統一63購01,0.91,+0.11,0.97,1.03,0.91,"573,000"
708995,擎亞統一65購01,0.68,-0.08,0.72,0.73,0.68,"1,066,000"
708996,擎亞統一66購01,0.85,-0.14,0.88,0.88,0.85,"76,000"
708997,鑫科統一69購01,---,---,---,---,---,0
708998,台半國票5C購03,---,---,---,---,---,0
708999,安葆國票5C購02,---,---,---,---,---,0
709000,欣銓國票5C購02,0.86,+0.28,0.87,0.87,0.86,"8,000"
709001,泓格國票5B購01,0.92,+0.05,0.97,0.97,0.90,"58,000"
709002,泓格國票5C購01,1.07,+0.17,1.02,1.08,1.02,"83,000"
709003,雷科國票5B購04,1.62,+0.03,1.76,1.83,1.62,"121,000"
709004,漢達國票5C購01,0.76,+0.02,0.76,0.76,0.76,"20,000"
709005,德微國票5C購02,0.79,+0.05,0.82,0.82,0.72,"909,000"
709006,大中台新5B購01,1.74,+0.16,1.75,1.75,1.74,"48,000"
709007,元債20台新5B購01,---,---,---,---,---,0
709008,立敦台新5B購03,1.42,+0.31,1.42,1.42,1.42,"2,000"
709009,佳邦台新5B購01,---,---,---,---,---,0
709010,博大台新5B購01,---,---,---,---,---,0
709011,立敦凱基5B購01,0.45,+0.04,0.44,0.46,0.44,"510,000"
709012,安葆凱基5C購02,---,---,---,---,---,0
709013,佳邦凱基5C購01,---,---,---,---,---,0
709014,朋程凱基5B購02,0.45,+0.10,0.42,0.45,0.40,"147,000"
709015,威剛凱基5C購02,---,---,---,---,---,0
709016,茂達凱基5B購01,0.76,+0.02,0.76,0.76,0.76,"1,000"
709017,鈊象凱基5B購02,1.38,+0.05,1.37,1.38,1.37,"14,000"
709018,鈺太凱基5B購03,0.03,-0.09,0.03,0.03,0.03,"10,000"
709019,臺慶科凱基63購01,0.56,+0.05,0.59,0.59,0.56,"26,000"
709020,德微凱基5B購03,0.30,+0.05,0.34,0.34,0.30,"21,000"
709021,擎亞凱基5B購05,1.41,+0.41,1.50,1.50,1.33,"41,000"
709022,雙鴻凱基61購03,0.87,+0.05,0.84,0.87,0.84,"46,000"
709023,中美晶群益5B購04,3.30,+0.30,3.95,3.95,3.30,"20,000"
709024,世界群益61購01,0.63,+0.07,0.69,0.69,0.63,"754,000"
709025,台半群益5B購02,---,---,---,---,---,0
709026,台半群益5B購03,1.59,+0.53,1.59,1.59,1.59,"2,000"
709027,均豪群益5B購04,---,---,---,---,---,0
709028,威剛群益5B購03,1.16,-0.06,1.26,1.26,1.16,"71,000"
709029,茂達群益5B購01,1.25,+0.06,1.25,1.25,1.25,"3,000"
709030,智通*群益5B購01,---,---,---,---,---,0
709031,華宏群益5B購01,---,---,---,---,---,0
709032,新盛力群益61購01,1.71,+0.14,1.67,1.71,1.67,"138,000"
709033,擎亞群益65購01,---,---,---,---,---,0
709034,台半元大5B購04,2.18,+0.25,2.20,2.33,2.12,"269,000"
709035,正淩元大5B購02,---,---,---,---,---,0
709036,金益鼎元大5B購01,0.21,+0.01,0.21,0.21,0.21,"57,000"
709037,威剛元大5B購14,5.60,+0.45,5.60,5.60,5.50,"71,000"
709038,原相元大5B購02,0.44,+0.05,0.42,0.45,0.42,"1,008,000"
709039,順達元大5B購07,6.95,+0.30,7.60,7.60,6.90,"476,000"
709040,雷科元大5B購05,---,---,---,---,---,0
709041,德微元大5B購03,---,---,---,---,---,0
709042,擎亞元大5B購08,1.45,+0.09,1.46,1.46,1.41,"207,000"
709044,威剛國泰5C購01,1.67,+0.03,1.72,1.73,1.67,"197,000"
709045,威剛國泰5C購02,1.48,+0.10,1.45,1.48,1.45,"5,000"
709046,威剛國泰5C購03,1.31,-0.34,1.31,1.31,1.31,"1,000"
709047,擎亞國泰62購01,4.00,+0.13,4.00,4.00,4.00,"1,000"
709048,久元富邦61購04,---,---,---,---,---,0
709049,台半富邦62購02,0.66,+0.07,0.67,0.71,0.65,"346,000"
709050,閎康富邦61購01,---,---,---,---,---,0
709051,新盛力富邦61購05,0.76,+0.04,0.77,0.80,0.75,"1,491,000"
709052,擎亞富邦5C購01,---,---,---,---,---,0
709053,久元統一65購05,---,---,---,---,---,0
709054,正淩統一65購02,0.21,+0.03,0.21,0.21,0.21,"10,000"
709055,正淩統一69購01,0.42,+0.03,0.42,0.42,0.42,"206,000"
709056,立敦統一65購04,---,---,---,---,---,0
709057,沛亨統一65購01,---,---,---,---,---,0
709058,朋程統一63購01,0.57,+0.15,0.57,0.57,0.57,"1,000"
709059,欣銓統一5B購01,0.47,+0.08,0.47,0.47,0.47,"51,000"
709060,欣銓統一65購04,0.49,+0.07,0.49,0.49,0.49,"101,000"
709061,茂達統一65購02,0.62,+0.05,0.62,0.62,0.62,"9,000"
709062,凌陽創統一63購01,0.39,+0.02,0.39,0.39,0.39,"54,000"
709063,閎康統一65購03,---,---,---,---,---,0
709064,新漢統一61購01,---,---,---,---,---,0
709065,德微統一5B購01,---,---,---,---,---,0
709066,德微統一65購01,---,---,---,---,---,0
709067,德微統一65購02,---,---,---,---,---,0
709068,擎亞統一63購02,0.81,+0.09,0.83,0.84,0.79,"344,000"
709069,擎亞統一65購02,0.82,+0.14,0.82,0.83,0.80,"289,000"
709070,鑫科統一64購01,---,---,---,---,---,0
709071,立敦永豐61購01,0.75,+0.02,0.77,0.77,0.75,"129,000"
709072,佳邦永豐63購01,0.76,+0.01,0.82,0.82,0.75,"90,000"
709073,威剛永豐5B購02,0.68,+0.04,0.68,0.68,0.66,"1,413,000"
709074,威剛永豐61購02,0.91,+0.05,0.91,0.91,0.91,"227,000"
709075,原相永豐5C購01,0.81,+0.05,0.80,0.81,0.77,"599,000"
709076,德微永豐5C購01,0.59,+0.12,0.54,0.59,0.54,"102,000"
709077,擎亞永豐64購01,1.28,+0.17,1.26,1.33,1.26,"293,000"
709078,元債20國票5B購02,---,---,---,---,---,0
709079,台半國票61購01,0.70,+0.11,0.66,0.70,0.66,"2,000"
709080,佳邦國票5C購02,---,---,---,---,---,0
709081,茂達國票5C購01,0.67,-0.06,0.75,0.75,0.66,"546,000"
709082,博大國票5C購01,0.52,+0.08,0.50,0.52,0.50,"32,000"
709083,晶宏國票5C購02,0.92,+0.11,0.87,0.96,0.87,"79,000"
709084,華容國票5C購01,---,---,---,---,---,0
709085,雷科國票5B購05,---,---,---,---,---,0
709086,德微國票5C購03,0.54,+0.05,0.55,0.56,0.50,"214,000"
709087,點序國票5B購01,---,---,---,---,---,0
709088,點序國票5C購01,---,---,---,---,---,0
709089,世紀*元大5B購01,0.39,-0.05,0.41,0.45,0.39,"21,000"
709090,台特化元大5B購02,---,---,---,---,---,0
709091,博智元大5B購02,---,---,---,---,---,0
709092,智通*元大5B購01,0.75,-0.15,1.06,1.06,0.75,"6,000"
709093,鈊象元大5B購02,1.87,+0.05,1.83,1.87,1.83,"77,000"
709094,群聯元大5B購15,2.83,+0.09,3.10,3.10,2.83,"22,000"
709095,群聯元大5B購16,---,---,---,---,---,0
709096,廣穎元大5B購01,1.64,+0.20,1.57,1.64,1.57,"12,000"
709097,雙鴻元大5B購03,5.70,-0.35,5.70,5.70,5.70,"17,000"
709098,尼克森國票5B購02,0.71,+0.13,0.71,0.71,0.71,"2,000"
709099,朋程國票5B購02,0.85,+0.14,0.80,0.85,0.80,"3,000"
709100,晶宏國票5C購03,0.69,+0.06,0.66,0.71,0.66,"115,000"
709101,華容國票5C購02,3.76,-0.35,3.75,3.76,3.75,"2,000"
709102,群聯國票61購03,0.46,+0.05,0.47,0.47,0.46,"14,000"
709103,雷科國票5C購01,1.16,+0.04,1.22,1.35,1.16,"646,000"
709104,臺慶科國票5C購03,0.37,+0.05,0.37,0.37,0.37,"10,000"
709105,廣穎國票5C購02,1.51,+0.08,1.50,1.61,1.50,"332,000"
709106,優群國票5B購01,---,---,---,---,---,0
709107,擎亞國票5C購01,1.20,+0.09,1.33,1.35,1.20,"183,000"
709108,鑫聯國票5C購02,---,---,---,---,---,0
709109,中美晶凱基63購01,---,---,---,---,---,0
709110,均豪凱基5C購01,---,---,---,---,---,0
709111,凌陽創凱基5B購01,0.42,+0.02,0.43,0.43,0.42,"39,000"
709112,博智凱基5B購01,---,---,---,---,---,0
709113,博智凱基5B購02,0.21,+0.01,0.21,0.21,0.21,"6,000"
709114,博智凱基5B購03,---,---,---,---,---,0
709115,群聯凱基5B購05,---,---,---,---,---,0
709116,群聯凱基5B購06,---,---,---,---,---,0
709117,群聯凱基5B購07,0.45,+0.04,0.45,0.45,0.45,"20,000"
709118,雙鴻凱基5B購02,---,---,---,---,---,0
709119,中光電台新5B購01,3.73,+0.85,3.47,3.73,3.47,"2,000"
709120,中美晶台新61購01,---,---,---,---,---,0
709121,原相台新5B購01,1.05,+0.08,1.05,1.05,1.05,"69,000"
709122,博盛台新5B購01,0.46,+0.08,0.46,0.46,0.46,"30,000"
709123,博智台新5B購01,0.40,0.00,0.40,0.40,0.40,"63,000"
709124,博智台新5B購02,0.25,+0.02,0.25,0.25,0.25,"50,000"
709125,博智台新5B購03,---,---,---,---,---,0
709126,順達台新5B購04,1.55,+0.07,1.70,1.73,1.51,"2,168,000"
709127,群聯台新5B購09,0.82,+0.09,0.83,0.83,0.82,"90,000"
709128,群聯台新5B購10,0.50,+0.05,0.51,0.52,0.50,"1,129,000"
709129,群聯台新5B購11,---,---,---,---,---,0
709130,雷科台新5B購01,2.00,+0.13,2.01,2.13,2.00,"80,000"
709131,雷科台新5B購02,1.51,+0.02,1.65,1.75,1.49,"461,000"
709132,廣穎台新5B購01,2.06,+0.47,1.93,2.06,1.93,"51,000"
709133,聯合台新5B購01,---,---,---,---,---,0
709134,鑫科台新5B購01,---,---,---,---,---,0
709135,台特化富邦5C購02,---,---,---,---,---,0
709136,博智富邦61購02,0.23,0.00,0.23,0.23,0.23,"20,000"
709137,群聯富邦61購03,---,---,---,---,---,0
709138,群聯富邦61購04,---,---,---,---,---,0
709139,安勤永豐5C購01,0.98,+0.12,0.95,0.99,0.94,"665,000"
709140,朋程永豐5C購01,0.44,+0.05,0.42,0.44,0.42,"87,000"
709141,博智永豐5C購02,---,---,---,---,---,0
709142,群聯永豐5C購05,0.36,+0.05,0.36,0.37,0.36,"459,000"
709143,群聯永豐63購01,0.81,+0.07,0.80,0.82,0.80,"132,000"
709144,群聯永豐64購03,0.80,+0.07,0.80,0.80,0.80,"38,000"
709145,群聯永豐65購04,---,---,---,---,---,0
709146,漢科永豐5C購01,0.48,+0.01,0.48,0.48,0.48,"33,000"
709147,中美晶統一66購01,0.76,-0.03,0.84,0.87,0.76,"1,737,000"
709148,正淩統一65購03,---,---,---,---,---,0
709149,沛亨統一63購01,0.25,+0.03,0.25,0.25,0.25,"5,000"
709150,沛亨統一64購01,0.30,+0.05,0.30,0.30,0.30,"640,000"
709151,沛亨統一65購02,0.28,-0.09,0.29,0.30,0.28,"133,000"
709152,佳邦統一63購01,0.44,-0.01,0.47,0.47,0.44,"6,000"
709153,佳邦統一65購01,---,---,---,---,---,0
709154,朋程統一65購01,0.46,+0.04,0.46,0.46,0.46,"117,000"
709155,欣銓統一63購02,0.40,+0.04,0.40,0.40,0.40,"1,000"
709156,茂達統一65購03,0.58,+0.05,0.58,0.58,0.58,"30,000"
709157,茂達統一69購01,---,---,---,---,---,0
709158,茂綸統一65購02,0.63,+0.04,0.63,0.63,0.63,"81,000"
709159,茂綸統一65購03,0.57,+0.04,0.57,0.57,0.57,"51,000"
709160,神準統一66購01,---,---,---,---,---,0
709161,博智統一63購02,---,---,---,---,---,0
709162,博智統一65購01,---,---,---,---,---,0
709163,閎康統一65購04,---,---,---,---,---,0
709164,萬泰科統一75購01,---,---,---,---,---,0
709165,群聯統一5B購02,0.21,+0.03,0.21,0.21,0.21,"499,000"
709166,群聯統一63購01,0.32,+0.02,0.33,0.33,0.32,"1,090,000"
709167,群聯統一63購02,0.27,+0.02,0.28,0.28,0.27,"324,000"
709168,群聯統一65購01,0.29,+0.03,0.29,0.29,0.29,"41,000"
709169,群聯統一65購02,---,---,---,---,---,0
709170,群聯統一69購01,0.92,+0.04,0.91,0.92,0.91,"234,000"
709171,群聯統一69購02,0.54,+0.04,0.55,0.55,0.54,"99,000"
709172,群聯統一6B購01,---,---,---,---,---,0
709173,群聯統一75購01,1.03,+0.04,1.04,1.04,1.03,"252,000"
709174,聖暉*統一65購03,0.72,+0.07,0.72,0.73,0.72,"332,000"
709175,鈺太統一69購01,0.37,+0.02,0.37,0.37,0.37,"138,000"
709176,臺慶科統一65購02,0.40,+0.05,0.40,0.40,0.40,"1,000"
709177,臺慶科統一65購03,0.58,+0.03,0.58,0.58,0.58,"54,000"
709178,臺慶科統一69購01,---,---,---,---,---,0
709179,廣穎統一65購01,0.76,+0.03,0.76,0.80,0.76,"131,000"
709180,廣穎統一69購01,0.84,+0.05,0.83,0.87,0.83,"238,000"
709181,擎亞統一65購03,0.80,+0.10,0.80,0.81,0.78,"266,000"
709182,擎亞統一65購04,0.90,-0.15,0.99,0.99,0.90,"88,000"
709183,鑫科統一69購02,---,---,---,---,---,0
709184,鑫聯統一69購01,---,---,---,---,---,0
709185,群聯中信63購01,---,---,---,---,---,0
709186,倚強群益5B購01,0.31,+0.05,0.30,0.31,0.30,"200,000"
709187,原相群益5B購01,---,---,---,---,---,0
709188,博智群益5B購02,---,---,---,---,---,0
709189,博智群益5B購03,---,---,---,---,---,0
709190,華容群益5B購01,7.55,-0.55,8.25,8.25,7.55,"54,000"
709191,新盛力群益61購02,---,---,---,---,---,0
709192,群聯群益5B購07,0.92,+0.09,0.99,1.01,0.92,"4,303,000"
709193,臺慶科群益5B購03,0.30,+0.01,0.30,0.30,0.30,"122,000"
709194,優群群益5B購01,---,---,---,---,---,0
709195,擎亞群益62購01,---,---,---,---,---,0
709197,鑫科群益5B購02,---,---,---,---,---,0
709198,久元永豐5B購01,---,---,---,---,---,0
709199,威聯通永豐61購01,---,---,---,---,---,0
709200,富喬永豐61購02,0.43,+0.16,0.44,0.44,0.43,"305,000"
709201,富喬永豐66購01,---,---,---,---,---,0
709202,富喬永豐68購01,0.53,+0.06,0.56,0.56,0.53,"110,000"
709203,順達永豐64購01,0.74,+0.06,0.74,0.74,0.74,"33,000"
709204,順達永豐67購01,---,---,---,---,---,0
709205,鈊象永豐63購01,1.39,+0.04,1.40,1.40,1.37,"22,000"
709206,新盛力永豐5C購02,0.53,+0.04,0.53,0.55,0.51,"472,000"
709207,擎亞永豐63購01,0.91,+0.09,0.95,0.99,0.91,"475,000"
709208,沛亨凱基5B購03,0.18,+0.03,0.18,0.20,0.18,"140,000"
709209,佳邦凱基5B購01,---,---,---,---,---,0
709210,富喬凱基5B購02,0.32,+0.11,0.32,0.32,0.32,"20,000"
709211,富喬凱基61購02,---,---,---,---,---,0
709212,富喬凱基61購03,---,---,---,---,---,0
709213,勤凱凱基5B購02,0.20,+0.04,0.20,0.20,0.20,"1,000"
709214,勤凱凱基5B購03,0.21,+0.03,0.24,0.24,0.21,"15,000"
709215,勤凱凱基5B購04,0.38,+0.03,0.42,0.42,0.38,"69,000"
709216,群聯凱基61購04,0.37,-0.03,0.37,0.37,0.37,"8,000"
709217,臺慶科凱基5B購03,0.21,+0.03,0.22,0.23,0.18,"7,000"
709218,擎亞凱基61購01,1.18,+0.31,1.18,1.18,1.18,"40,000"
709219,中光電台新5B購02,2.56,+0.57,2.56,2.56,2.56,"600,000"
709220,台星科台新5B購01,0.66,+0.08,0.61,0.66,0.61,"59,000"
709221,台星科台新5B購02,---,---,---,---,---,0
709222,立碁台新62購01,0.99,-0.11,1.16,1.16,0.99,"671,000"
709223,沛亨台新5B購04,---,---,---,---,---,0
709224,佳邦台新5B購02,---,---,---,---,---,0
709225,佳邦台新5B購03,0.37,+0.02,0.41,0.41,0.36,"230,000"
709226,順達台新5B購05,1.44,-0.17,1.78,1.79,1.44,"34,000"
709227,勤凱台新5B購02,0.39,+0.04,0.39,0.39,0.39,"28,000"
709228,勤凱台新5B購03,---,---,---,---,---,0
709229,擎亞台新5B購01,---,---,---,---,---,0
709230,擎亞台新5B購02,1.84,+0.31,1.97,1.99,1.78,"1,559,000"
709231,雙鴻台新5B購01,1.39,+0.05,1.40,1.40,1.39,"71,000"
709232,雙鴻台新5B購02,1.02,+0.13,1.02,1.02,1.02,"50,000"
709233,雙鴻台新5B購03,---,---,---,---,---,0
709234,台半國泰5C購02,---,---,---,---,---,0
709235,良維國泰5C購02,---,---,---,---,---,0
709236,富喬國泰5C購01,---,---,---,---,---,0
709237,順達國泰5C購01,0.68,+0.06,0.70,0.70,0.68,"89,000"
709238,群聯國泰5C購01,0.56,+0.06,0.61,0.61,0.56,"351,000"
709239,群聯國泰5C購02,---,---,---,---,---,0
709240,威剛富邦5B購02,0.62,+0.05,0.61,0.62,0.61,"27,000"
709241,富喬富邦5B購02,0.20,+0.06,0.21,0.21,0.20,"160,000"
709242,群聯富邦62購06,0.35,+0.03,0.36,0.36,0.35,"382,000"
709243,均豪元大5B購04,2.89,+0.40,2.82,2.89,2.82,"16,000"
709244,欣銓元大5B購03,0.90,+0.11,0.88,0.90,0.85,"582,000"
709245,威剛元大5B購15,2.28,+0.04,2.30,2.30,2.21,"239,000"
709246,原相元大5B購03,0.91,+0.08,0.88,0.92,0.88,"1,145,000"
709247,博智元大5B購03,---,---,---,---,---,0
709248,富喬元大5B購03,---,---,---,---,---,0
709249,富喬元大5B購04,0.26,+0.06,0.26,0.26,0.26,"100,000"
709250,富喬元大5B購05,---,---,---,---,---,0
709251,勤凱元大5B購04,0.45,+0.04,0.50,0.50,0.45,"73,000"
709252,新盛力元大5B購06,1.06,+0.16,1.06,1.06,1.06,"20,000"
709253,新盛力元大5B購07,---,---,---,---,---,0
709254,群聯元大5B購17,2.96,+0.19,2.92,2.96,2.92,"189,000"
709255,群聯元大5B購18,0.53,+0.05,0.53,0.53,0.53,"10,000"
709256,臺慶科元大5B購01,---,---,---,---,---,0
709257,擎亞元大5B購09,0.86,+0.07,0.86,0.86,0.86,"1,000"
709258,中美晶群益5B購05,---,---,---,---,---,0
709259,均豪群益5B購05,---,---,---,---,---,0
709260,富喬群益5B購02,0.36,+0.08,0.36,0.36,0.36,"10,000"
709261,勤凱群益5B購03,---,---,---,---,---,0
709262,新盛力群益63購01,0.92,+0.05,0.92,0.92,0.92,"193,000"
709263,萬泰科群益5C購01,---,---,---,---,---,0
709264,群聯群益5B購08,1.42,+0.04,1.52,1.52,1.42,"1,047,000"
709265,擎亞群益5B購03,---,---,---,---,---,0
709266,雙鴻群益5B購09,0.79,-0.02,0.79,0.79,0.79,"10,000"
709267,方土昶永豐5C購01,0.53,+0.05,0.54,0.63,0.52,"270,000"
709268,茂達永豐63購01,---,---,---,---,---,0
709269,精確永豐5B購01,---,---,---,---,---,0
709270,優群永豐5C購01,---,---,---,---,---,0
709271,中美晶凱基5B購05,---,---,---,---,---,0
709272,台半凱基5B購02,---,---,---,---,---,0
709273,立碁凱基5B購02,0.38,-0.02,0.41,0.41,0.38,"30,000"
709274,均豪凱基5B購04,---,---,---,---,---,0
709275,沛亨凱基5C購01,0.25,+0.01,0.27,0.27,0.25,"274,000"
709276,原相凱基5B購04,0.50,+0.03,0.49,0.50,0.49,"161,000"
709277,華容凱基5B購01,2.91,-0.10,3.14,3.14,2.91,"8,000"
709278,華容凱基5C購01,3.24,+0.03,3.24,3.24,3.24,"5,000"
709279,萬泰科凱基5B購02,---,---,---,---,---,0
709280,精材凱基5B購09,0.84,-0.03,1.48,1.48,0.84,"6,000"
709281,大中台新5B購02,---,---,---,---,---,0
709282,立碁台新5B購01,1.14,+0.18,1.14,1.14,1.14,"1,000"
709283,立碁台新5B購02,0.74,+0.03,0.79,0.79,0.73,"236,000"
709284,艾訊台新5B購03,0.96,+0.24,0.76,0.96,0.76,"418,000"
709285,艾訊台新5B購04,0.86,+0.19,0.71,0.86,0.70,"80,000"
709286,佳邦台新5B購04,---,---,---,---,---,0
709287,南俊台新5B購01,0.35,+0.05,0.33,0.50,0.32,"215,000"
709288,南俊台新5B購02,0.28,+0.04,0.30,0.32,0.26,"808,000"
709289,順達台新5B購06,0.69,+0.09,0.69,0.69,0.69,"207,000"
709290,勤凱台新5B購04,---,---,---,---,---,0
709291,臺慶科台新5B購06,0.73,+0.04,0.79,0.81,0.72,"170,000"
709292,臺慶科台新5B購07,0.76,+0.05,0.84,0.84,0.76,"135,000"
709293,群聯兆豐65購03,0.45,-0.03,0.47,0.47,0.45,"16,000"
709294,中美晶元大5B購06,---,---,---,---,---,0
709295,方土昶元大5B購01,1.11,+0.23,1.11,1.11,1.11,"5,000"
709296,世界元大5B購04,1.20,+0.13,1.26,1.32,1.20,"37,000"
709297,台半元大5B購05,0.99,+0.12,0.99,0.99,0.99,"16,000"
709298,倚強元大5B購01,0.31,+0.04,0.31,0.31,0.31,"10,000"
709299,華容元大5B購01,---,---,---,---,---,0
709300,群聯元大61購07,0.49,+0.03,0.51,0.51,0.49,"3,995,000"
709301,聖暉*元大5B購05,1.25,+0.08,1.23,1.25,1.21,"543,000"
709302,臺慶科元大5B購02,0.47,+0.03,0.45,0.47,0.45,"5,000"
709303,優群元大5B購02,---,---,---,---,---,0
709304,鑫科元大5B購02,---,---,---,---,---,0
709305,鑫科元大5B購03,---,---,---,---,---,0
709306,久元群益65購01,---,---,---,---,---,0
709307,中美晶群益5B購06,2.13,-0.02,2.13,2.13,2.13,"10,000"
709308,世界群益5C購02,0.70,+0.10,0.72,0.74,0.70,"18,000"
709309,南俊群益5B購01,0.23,+0.04,0.21,0.24,0.20,"145,000"
709310,茂達群益5B購02,0.58,-0.01,0.58,0.58,0.58,"100,000"
709311,富喬群益5B購03,---,---,---,---,---,0
709312,群聯群益5B購09,0.33,+0.04,0.35,0.36,0.32,"622,000"
709313,精材群益5B購09,1.75,+0.05,2.11,2.35,1.75,"176,000"
709314,雙鴻群益5B購10,---,---,---,---,---,0
709315,沛亨永豐65購01,0.33,+0.02,0.33,0.33,0.33,"4,000"
709316,長科*永豐61購01,2.00,+0.22,2.00,2.01,1.97,"78,000"
709317,順達永豐64購02,---,---,---,---,---,0
709318,群聯永豐5C購06,---,---,---,---,---,0
709319,群聯永豐5C購07,0.31,+0.03,0.31,0.31,0.31,"100,000"
709320,群聯永豐65購05,---,---,---,---,---,0
709321,沛亨元大5B購03,---,---,---,---,---,0
709322,沛亨元大5B購04,---,---,---,---,---,0
709323,沛亨元大5B購05,---,---,---,---,---,0
709324,良維元大5B購02,---,---,---,---,---,0
709325,佳邦元大5B購01,0.10,-0.03,0.10,0.10,0.10,"1,000"
709326,朋程元大5B購01,0.20,+0.03,0.19,0.20,0.19,"180,000"
709327,茂達元大5B購01,---,---,---,---,---,0
709328,富喬元大61購03,0.54,+0.06,0.59,0.59,0.54,"1,525,000"
709329,群聯元大61購08,---,---,---,---,---,0
709330,良維富邦5C購02,---,---,---,---,---,0
709331,朋程富邦61購01,0.28,+0.05,0.28,0.28,0.28,"15,000"
709332,順達富邦61購01,0.29,+0.09,0.24,0.29,0.24,"3,000"
709333,大中群益5B購01,2.08,+0.09,2.08,2.08,2.08,"1,000"
709334,大中群益5B購02,0.73,0.00,0.77,0.77,0.73,"62,000"
709335,均豪群益5B購06,---,---,---,---,---,0
709336,宏捷科群益5B購02,---,---,---,---,---,0
709337,良維群益5B購04,---,---,---,---,---,0
709338,佳邦群益5B購02,---,---,---,---,---,0
709339,佳邦群益5B購03,---,---,---,---,---,0
709340,朋程群益5B購03,---,---,---,---,---,0
709341,長科*群益5B購01,1.95,0.00,2.19,2.19,1.95,"70,000"
709342,順達群益5B購04,---,---,---,---,---,0
709343,群翊群益5B購02,0.29,+0.03,0.29,0.29,0.29,"1,000"
709344,漢科群益5B購01,0.53,-0.03,0.53,0.53,0.53,"312,000"
709345,精材群益5B購10,3.60,+0.96,3.42,3.60,3.42,"38,000"
709346,台半凱基5B購03,---,---,---,---,---,0
709347,沛亨凱基5B購04,---,---,---,---,---,0
709348,朋程凱基5B購03,0.22,+0.04,0.22,0.22,0.22,"45,000"
709349,順達凱基5B購04,---,---,---,---,---,0
709350,群聯凱基5B購09,0.31,+0.02,0.31,0.31,0.31,"20,000"
709351,聖暉*凱基5B購05,---,---,---,---,---,0
709352,優群凱基5B購02,---,---,---,---,---,0
709353,大中台新5B購03,0.73,+0.06,0.81,0.81,0.73,"31,000"
709354,台半台新5B購04,---,---,---,---,---,0
709355,台半台新5B購05,0.51,+0.07,0.51,0.51,0.51,"4,000"
709356,金益鼎台新5B購01,---,---,---,---,---,0
709357,博盛台新5B購02,0.47,+0.08,0.47,0.47,0.47,"28,000"
709358,順達台新5B購07,---,---,---,---,---,0
709359,勤凱台新5B購05,---,---,---,---,---,0
709360,群翊台新5B購01,---,---,---,---,---,0
709361,穩得台新5B購01,0.25,+0.04,0.23,0.25,0.23,"2,000"
709362,台半凱基5B購04,---,---,---,---,---,0
709363,台特化凱基5B購03,---,---,---,---,---,0
709364,宏捷科凱基5B購02,0.10,-0.06,0.10,0.10,0.10,"80,000"
709365,長科*凱基5B購01,1.17,+0.14,1.17,1.17,1.17,"116,000"
709366,富喬凱基62購01,---,---,---,---,---,0
709367,萊德光凱基5B購01,0.33,+0.05,0.33,0.33,0.33,"5,000"
709368,萊德光凱基5B購02,0.23,+0.02,0.25,0.25,0.23,"31,000"
709369,順達凱基5B購05,0.11,-0.04,0.11,0.11,0.11,"50,000"
709370,勤凱凱基5B購05,0.07,+0.01,0.07,0.07,0.07,"1,000"
709371,群翊凱基62購01,---,---,---,---,---,0
709372,聖暉*凱基5B購06,0.41,+0.05,0.41,0.41,0.41,"66,000"
709373,漢科凱基5B購01,---,---,---,---,---,0
709374,廣穎凱基5B購03,0.77,+0.18,0.77,0.77,0.77,"100,000"
709375,雙鴻凱基5B購03,---,---,---,---,---,0
709376,系統電台新5B購01,---,---,---,---,---,0
709377,華容台新5B購01,---,---,---,---,---,0
709378,鈺太台新5B購01,---,---,---,---,---,0
709379,鈺太台新5B購02,---,---,---,---,---,0
709380,鈺太台新5B購03,---,---,---,---,---,0
709381,精材台新5B購07,3.12,+0.31,3.12,3.12,3.12,"2,000"
709382,廣穎台新5B購02,1.32,+0.23,1.33,1.42,1.32,"110,000"
709383,點序台新5B購01,---,---,---,---,---,0
709384,點序台新62購01,---,---,---,---,---,0
709385,佳邦元大5B購02,---,---,---,---,---,0
709386,長科*元大5B購01,1.67,-0.01,2.05,2.05,1.67,"229,000"
709387,順達元大5B購08,---,---,---,---,---,0
709388,順達元大62購01,0.66,+0.03,0.71,0.71,0.66,"166,000"
709389,群聯元大5B購19,---,---,---,---,---,0
709390,群聯元大63購04,0.38,+0.01,0.38,0.38,0.38,"3,000"
709391,聖暉*元大5B購06,---,---,---,---,---,0
709392,佳邦富邦5B購01,---,---,---,---,---,0
709393,精材富邦5B購03,1.56,+0.51,1.38,1.56,1.38,"3,000"
709394,台半群益62購01,---,---,---,---,---,0
709395,聖暉*群益5B購03,0.60,+0.06,0.60,0.60,0.60,"208,000"
709396,優群群益62購01,---,---,---,---,---,0
709397,佳邦國泰5C購01,---,---,---,---,---,0
709398,威聯通國泰5C購01,0.68,+0.06,0.68,0.68,0.68,"1,000"
709399,勤凱國泰5C購02,---,---,---,---,---,0
709400,台半永豐63購02,0.67,+0.07,0.68,0.68,0.67,"150,000"
709401,台特化永豐63購01,0.44,+0.04,0.44,0.44,0.44,"77,000"
709402,佳邦永豐5C購01,---,---,---,---,---,0
709403,萊德光永豐5C購01,0.22,+0.04,0.23,0.23,0.22,"5,000"
709404,勤凱永豐5C購04,0.17,+0.03,0.17,0.17,0.17,"1,000"
709405,群聯永豐5B購01,---,---,---,---,---,0
709406,鏵友益永豐5C購02,---,---,---,---,---,0
709407,久元元大5C購01,---,---,---,---,---,0
709408,中美晶元大5C購03,1.81,-0.07,2.03,2.06,1.81,"30,000"
709409,世界元大5C購02,---,---,---,---,---,0
709410,台半元大5C購02,0.35,+0.06,0.35,0.35,0.35,"1,000"
709411,良維元大5C購02,0.19,+0.01,0.19,0.19,0.19,"168,000"
709412,佳邦元大5C購02,---,---,---,---,---,0
709413,富喬元大5C購03,0.41,+0.09,0.41,0.41,0.41,"2,000"
709414,順達元大5C購02,---,---,---,---,---,0
709415,勤凱元大5C購01,0.27,+0.03,0.27,0.27,0.27,"5,000"
709416,群聯元大5C購03,2.05,+0.04,2.17,2.17,2.05,"256,000"
709417,精材元大5C購01,2.04,+0.40,1.82,2.04,1.82,"32,000"
709418,中美晶永豐64購01,1.02,+0.09,0.99,1.02,0.99,"134,000"
709419,長科*永豐61購02,1.49,+0.21,1.49,1.49,1.49,"72,000"
709420,晶焱永豐61購01,0.22,+0.02,0.21,0.22,0.21,"8,000"
709421,華容永豐64購01,---,---,---,---,---,0
709422,臺慶科永豐66購01,0.40,+0.02,0.42,0.42,0.40,"115,000"
709423,廣穎永豐61購02,0.56,+0.04,0.54,0.59,0.54,"129,000"
709424,台半凱基5C購02,---,---,---,---,---,0
709425,巨漢凱基5C購01,---,---,---,---,---,0
709426,良維凱基5C購03,---,---,---,---,---,0
709427,佳邦凱基5C購02,---,---,---,---,---,0
709428,佳邦凱基5C購03,---,---,---,---,---,0
709429,威剛凱基64購01,0.72,+0.03,0.72,0.72,0.72,"18,000"
709430,順達凱基5C購02,---,---,---,---,---,0
709431,勤凱凱基5C購01,0.13,+0.03,0.13,0.13,0.13,"50,000"
709432,勤凱凱基5C購02,---,---,---,---,---,0
709433,勤凱凱基62購01,0.17,+0.02,0.17,0.17,0.17,"52,000"
709434,群聯凱基66購01,0.39,+0.03,0.39,0.39,0.39,"20,000"
709435,廣穎凱基5C購01,---,---,---,---,---,0
709436,巨漢台新5C購01,0.44,+0.05,0.44,0.45,0.44,"102,000"
709437,巨漢台新5C購02,0.40,+0.02,0.40,0.40,0.40,"28,000"
709438,湧德台新61購01,0.90,+0.11,0.87,0.90,0.85,"387,000"
709439,華容台新5C購01,---,---,---,---,---,0
709440,華容台新5C購02,---,---,---,---,---,0
709441,鈊象台新5C購01,---,---,---,---,---,0
709442,鑫聯台新5C購01,0.71,+0.06,0.69,0.71,0.69,"4,000"
709443,台半群益5C購01,0.46,-0.45,0.46,0.50,0.46,"34,000"
709444,台特化群益5C購02,0.84,+0.10,0.78,0.84,0.78,"41,000"
709445,立敦群益5C購01,0.14,+0.02,0.14,0.14,0.14,"50,000"
709446,勤凱群益5C購01,0.10,+0.03,0.10,0.10,0.10,"1,000"
709447,廣穎群益5C購01,0.67,+0.07,0.67,0.67,0.67,"5,000"
709448,雙鴻群益5C購01,1.28,-0.06,1.33,1.38,1.28,"584,000"
709449,聖暉*國泰61購01,0.88,+0.14,0.88,0.88,0.88,"21,000"
709450,雙鴻國泰61購02,0.88,-0.05,0.93,0.94,0.88,"306,000"
709451,久元富邦66購01,0.23,+0.03,0.23,0.23,0.23,"20,000"
709452,台半富邦64購01,0.31,+0.03,0.33,0.33,0.30,"406,000"
709453,台半富邦66購01,0.34,+0.03,0.35,0.37,0.33,"171,000"
709454,宏捷科富邦66購01,---,---,---,---,---,0
709455,宏捷科富邦66購02,0.29,+0.01,0.31,0.31,0.28,"2,954,000"
709456,長科*富邦63購01,1.10,+0.04,1.16,1.19,1.10,"623,000"
709457,威剛富邦62購01,0.59,+0.03,0.60,0.60,0.59,"288,000"
709458,富喬富邦66購01,---,---,---,---,---,0
709459,智通*富邦64購01,1.04,-0.01,1.04,1.11,1.04,"665,000"
709460,智通*富邦66購01,0.59,+0.03,0.55,0.60,0.55,"1,276,000"
709461,閎康富邦66購01,---,---,---,---,---,0
709462,鈊象富邦66購01,1.13,+0.03,1.14,1.14,1.11,"8,000"
709463,群聯富邦64購01,0.43,+0.04,0.43,0.43,0.43,"80,000"
709464,雙鴻富邦64購01,1.00,+0.02,0.99,1.00,0.99,"45,000"
709465,台半國票61購02,0.24,+0.03,0.26,0.26,0.24,"19,000"
709466,台半國票61購03,0.24,+0.04,0.21,0.24,0.21,"190,000"
709467,佳邦國票61購01,---,---,---,---,---,0
709468,佳邦國票61購02,0.10,-0.01,0.10,0.10,0.10,"125,000"
709469,萊德光國票61購01,0.18,+0.03,0.18,0.18,0.18,"110,000"
709470,順達國票61購01,---,---,---,---,---,0
709471,中美晶群益62購02,---,---,---,---,---,0
709472,台星科群益62購01,0.40,+0.07,0.40,0.40,0.40,"10,000"
709473,威剛群益62購01,0.67,+0.07,0.65,0.67,0.65,"2,000"
709474,茂綸群益62購01,1.28,+0.13,1.32,1.34,1.28,"67,000"
709475,振曜群益5C購01,0.57,+0.09,0.51,0.57,0.51,"11,000"
709476,創惟群益5C購01,0.60,+0.07,0.61,0.61,0.60,"11,000"
709477,群聯群益5C購02,0.40,+0.02,0.43,0.43,0.40,"2,665,000"
709478,鈊象國泰61購01,---,---,---,---,---,0
709479,臺慶科國泰61購01,0.67,+0.14,0.67,0.67,0.67,"1,000"
709480,朋程永豐5C購02,---,---,---,---,---,0
709481,欣銓永豐64購01,0.70,+0.09,0.69,0.70,0.69,"240,000"
709482,達航永豐61購01,0.27,+0.02,0.28,0.29,0.27,"120,000"
709483,達航永豐64購01,---,---,---,---,---,0
709484,立敦富邦66購01,0.36,+0.02,0.36,0.36,0.36,"1,000"
709485,宏觀富邦66購01,---,---,---,---,---,0
709486,順達富邦61購02,0.30,+0.02,0.37,0.37,0.30,"105,000"
709487,漢科富邦66購01,0.62,-0.02,0.62,0.62,0.62,"60,000"
709488,廣明富邦66購01,0.49,+0.02,0.50,0.50,0.49,"27,000"
709489,璟德富邦66購01,0.23,-0.01,0.23,0.23,0.23,"200,000"
709490,久元凱基5C購02,---,---,---,---,---,0
709491,中美晶凱基5C購02,---,---,---,---,---,0
709492,立敦凱基5C購01,0.14,+0.02,0.14,0.14,0.14,"5,000"
709493,良維凱基64購01,---,---,---,---,---,0
709494,朋程凱基61購01,0.21,+0.03,0.20,0.21,0.20,"29,000"
709495,能率亞凱基5C購01,0.69,+0.12,0.65,0.73,0.65,"177,000"
709496,富喬凱基5C購01,0.26,+0.10,0.26,0.26,0.26,"40,000"
709497,華容凱基5C購02,---,---,---,---,---,0
709498,群聯凱基5C購02,0.15,0.00,0.17,0.17,0.15,"180,000"
709499,廣穎凱基61購01,0.40,+0.02,0.69,0.69,0.39,"530,000"
709500,中美晶台新63購01,1.37,0.00,1.37,1.37,1.37,"4,000"
709501,立敦台新5C購01,---,---,---,---,---,0
709502,宏觀台新5C購01,---,---,---,---,---,0
709503,南俊台新5C購01,0.22,+0.03,0.22,0.23,0.22,"483,000"
709504,聖暉*台新5C購01,---,---,---,---,---,0
709505,精材台新5C購02,---,---,---,---,---,0
709506,精材台新5C購03,2.66,+0.29,2.95,3.21,2.66,"94,000"
709507,璟德台新5C購01,0.23,-0.02,0.23,0.23,0.23,"20,000"
709508,久元元大5C購02,---,---,---,---,---,0
709509,宏觀元大5C購02,---,---,---,---,---,0
709510,朋程元大5C購01,---,---,---,---,---,0
709511,長科*元大5C購01,1.46,+0.20,1.52,1.53,1.46,"104,000"
709512,富喬元大61購04,---,---,---,---,---,0
709513,晶焱元大5C購01,0.17,+0.01,0.17,0.17,0.17,"10,000"
709514,順達元大5C購03,---,---,---,---,---,0
709515,順達元大64購05,1.01,+0.10,1.00,1.02,1.00,"142,000"
709516,群聯元大61購09,0.45,+0.05,0.46,0.46,0.45,"186,000"
709517,臺慶科元大5C購01,0.26,0.00,0.27,0.27,0.26,"2,000"
709518,中美晶富邦62購01,0.66,-0.14,0.85,0.85,0.66,"3,000"
709519,世界凱基5C購04,---,---,---,---,---,0
709520,世紀*凱基5C購01,---,---,---,---,---,0
709521,台半凱基61購02,0.28,0.00,0.30,0.33,0.28,"57,000"
709522,立端凱基61購01,---,---,---,---,---,0
709523,宏觀凱基61購03,---,---,---,---,---,0
709524,系統電凱基5C購02,---,---,---,---,---,0
709525,宜特凱基61購02,---,---,---,---,---,0
709526,長科*凱基5C購01,0.49,+0.07,0.51,0.60,0.49,"171,000"
709527,宸曜凱基5C購01,0.49,+0.13,0.38,0.52,0.38,"216,000"
709528,順達凱基64購02,0.46,+0.04,0.46,0.46,0.46,"5,000"
709529,群聯凱基5C購03,---,---,---,---,---,0
709530,大綜台新5C購01,2.70,+0.60,2.09,2.70,2.09,"312,000"
709531,系統電台新5C購01,---,---,---,---,---,0
709532,萊德光台新5C購01,0.24,+0.06,0.23,0.25,0.23,"15,000"
709533,廣運台新5C購01,---,---,---,---,---,0
709534,台半永豐61購02,---,---,---,---,---,0
709535,安葆永豐63購01,0.55,+0.02,0.54,0.55,0.53,"225,000"
709536,良維永豐5C購03,---,---,---,---,---,0
709537,雙鴻永豐64購02,---,---,---,---,---,0
709538,久元元大5C購03,---,---,---,---,---,0
709539,中美晶元大5C購04,0.90,-0.08,0.90,0.90,0.90,"1,000"
709540,世界元大5C購03,---,---,---,---,---,0
709541,世界元大64購05,1.28,+0.14,1.32,1.32,1.28,"60,000"
709542,台半元大5C購03,0.72,+0.09,0.72,0.72,0.72,"1,000"
709543,台半元大5C購04,---,---,---,---,---,0
709544,台半元大66購02,---,---,---,---,---,0
709545,良維元大5C購03,---,---,---,---,---,0
709546,欣銓元大5C購01,0.58,+0.16,0.58,0.58,0.58,"1,000"
709547,長科*元大5C購02,1.39,+0.10,1.60,1.60,1.39,"58,000"
709548,長科*元大5C購03,1.58,+0.08,1.72,1.74,1.58,"163,000"
709549,長科*元大66購01,1.15,+0.04,1.16,1.21,1.15,"201,000"
709550,富喬元大61購05,---,---,---,---,---,0
709551,順達元大5C購04,---,---,---,---,---,0
709552,順達元大64購06,0.78,+0.02,0.87,0.87,0.78,"619,000"
709553,群聯元大61購10,---,---,---,---,---,0
709554,聖暉*元大5C購04,0.69,+0.08,0.69,0.69,0.69,"4,000"
709555,方土昶群益5C購01,0.46,+0.05,0.43,0.52,0.43,"206,000"
709556,世界群益5C購03,0.68,+0.13,0.73,0.77,0.65,"355,000"
709557,台半群益5C購02,0.62,+0.12,0.62,0.62,0.62,"10,000"
709558,台半群益61購01,0.75,+0.11,0.71,0.75,0.71,"410,000"
709559,系微群益5C購01,---,---,---,---,---,0
709560,長科*群益61購01,0.87,+0.11,0.87,0.87,0.87,"2,000"
709561,南俊群益5C購01,0.28,+0.04,0.29,0.29,0.28,"232,000"
709562,富喬群益5C購02,0.53,+0.09,0.64,0.64,0.53,"1,227,000"
709563,群聯群益5C購03,0.30,+0.07,0.30,0.30,0.30,"700,000"
709564,臺慶科群益5C購01,0.28,+0.03,0.26,0.28,0.26,"60,000"
709565,廣運群益5C購01,---,---,---,---,---,0
709566,雙鴻群益5C購02,---,---,---,---,---,0
709567,方土昶凱基5C購02,0.32,+0.10,0.29,0.34,0.29,"27,000"
709568,威剛凱基61購01,0.30,-0.01,0.34,0.34,0.30,"659,000"
709569,雅特力凱基5C購01,1.76,-0.02,1.76,1.76,1.76,"100,000"
709570,聰泰凱基5C購01,0.36,0.00,0.36,0.36,0.36,"10,000"
709571,雙鴻凱基5C購07,---,---,---,---,---,0
709572,雙鴻凱基5C購08,---,---,---,---,---,0
709573,能率台新5C購01,1.08,+0.29,0.99,1.08,0.99,"6,000"
709574,良維富邦61購02,0.12,+0.01,0.12,0.12,0.12,"1,000"
709575,群聯富邦63購01,0.26,+0.03,0.26,0.26,0.26,"40,000"
709576,雙鴻富邦62購01,0.42,+0.03,0.43,0.43,0.42,"20,000"
709577,達航國票61購01,0.24,-0.01,0.24,0.24,0.24,"378,000"
709578,久元元大5C購04,---,---,---,---,---,0
709579,中美晶元大5C購05,1.92,+0.46,1.92,1.92,1.92,"8,000"
709580,世界元大5C購04,---,---,---,---,---,0
709581,世界元大64購06,0.76,+0.08,0.77,0.79,0.74,"115,000"
709582,台半元大5C購05,---,---,---,---,---,0
709583,台半元大66購03,1.17,+0.11,1.15,1.21,1.15,"78,000"
709584,宏觀元大5C購03,---,---,---,---,---,0
709585,威剛元大5C購01,---,---,---,---,---,0
709586,富喬元大64購01,0.46,+0.11,0.46,0.46,0.46,"5,000"
709587,順達元大5C購05,1.08,+0.09,1.11,1.11,1.03,"273,000"
709588,群聯元大61購11,0.24,+0.01,0.26,0.26,0.24,"11,000"
709589,群聯元大64購04,0.34,+0.03,0.34,0.34,0.33,"822,000"
709590,精材元大5C購02,---,---,---,---,---,0
709591,威剛群益5C購03,0.75,-0.01,0.83,0.83,0.75,"1,134,000"
709592,群聯群益5C購04,0.95,+0.03,0.95,0.95,0.95,"1,000"
709593,桓達永豐61購01,---,---,---,---,---,0
709594,宏觀國票61購01,---,---,---,---,---,0
709595,富喬國票5C購03,0.46,+0.06,0.45,0.46,0.45,"2,000"
709596,群聯國票61購04,0.41,+0.05,0.41,0.41,0.41,"1,000"
709597,精確國票61購01,0.33,+0.03,0.33,0.33,0.33,"4,000"
709598,磐亞國票61購01,1.99,+0.36,1.99,1.99,1.99,"4,000"
709599,雙鴻國票61購01,---,---,---,---,---,0
709600,中美晶元大5C購06,---,---,---,---,---,0
709601,世界元大5C購05,1.18,+0.18,1.23,1.23,1.18,"10,000"
709602,世界元大64購07,1.27,+0.20,1.22,1.27,1.22,"19,000"
709603,世界元大66購02,0.74,+0.07,0.75,0.78,0.73,"67,000"
709604,系統電元大5C購03,---,---,---,---,---,0
709605,威剛元大5C購02,1.22,+0.02,1.27,1.31,1.22,"278,000"
709606,威剛元大61購02,1.06,+0.06,1.09,1.09,1.06,"43,000"
709607,群聯元大5C購04,---,---,---,---,---,0
709608,群聯元大5C購05,0.46,+0.03,0.45,0.46,0.45,"283,000"
709609,群聯元大61購12,0.33,+0.03,0.33,0.33,0.33,"1,000"
709610,群聯元大64購05,---,---,---,---,---,0
709611,磐亞元大5C購01,3.90,+0.30,3.65,3.90,3.65,"3,000"
709612,系統電富邦61購02,---,---,---,---,---,0
709613,大綜永豐61購01,1.41,+0.27,1.15,1.41,1.15,"381,000"
709614,磐亞永豐61購01,2.30,+0.43,1.94,2.30,1.94,"132,000"
709615,方土昶凱基5C購03,---,---,---,---,---,0
709616,華電網凱基5C購01,---,---,---,---,---,0
709617,磐亞凱基5C購01,2.04,+0.46,2.04,2.04,2.04,"11,000"
709618,雙鴻凱基61購04,---,---,---,---,---,0
709619,大綜台新5C購02,1.88,+0.47,1.45,1.88,1.45,"97,000"
709620,系統電台新61購01,---,---,---,---,---,0
709621,良維台新5C購01,---,---,---,---,---,0
709622,順達台新5C購02,---,---,---,---,---,0
709623,精材台新62購01,---,---,---,---,---,0
709624,雙鴻台新5C購01,---,---,---,---,---,0
709625,力致群益5C購01,---,---,---,---,---,0
709626,威剛群益5C購04,---,---,---,---,---,0
709627,群聯群益5C購05,0.93,+0.13,0.93,0.93,0.93,"56,000"
709628,雙鴻群益62購01,0.31,+0.04,0.31,0.31,0.31,"50,000"
709629,方土昶永豐63購01,0.45,+0.08,0.45,0.45,0.45,"138,000"
709630,系微永豐61購01,0.45,+0.06,0.45,0.45,0.45,"15,000"
709631,宜特永豐5C購03,---,---,---,---,---,0
709632,家登永豐5C購01,---,---,---,---,---,0
709633,鈊象永豐64購01,0.99,+0.04,0.99,0.99,0.99,"5,000"
709634,群聯永豐5C購08,---,---,---,---,---,0
709635,雙鴻群益5C購03,0.96,+0.10,0.96,0.96,0.96,"10,000"
709636,大綜國票5C購01,0.92,+0.22,0.73,0.97,0.73,"385,000"
709637,台特化國票61購01,---,---,---,---,---,0
709638,光聚晶國票61購01,0.37,0.00,0.38,0.38,0.37,"16,000"
709639,系統電國票61購01,---,---,---,---,---,0
709640,家登國票5C購01,0.56,+0.08,0.56,0.56,0.56,"10,000"
709641,海韻電國票61購01,---,---,---,---,---,0
709642,鈊象國票61購01,---,---,---,---,---,0
709643,聖暉*國票61購01,---,---,---,---,---,0
709644,大綜凱基5C購01,0.50,+0.15,0.34,0.50,0.34,"1,496,000"
709645,伍豐凱基5C購01,---,---,---,---,---,0
709646,系統電凱基5C購03,---,---,---,---,---,0
709647,朋億*凱基5C購01,0.79,+0.10,0.73,0.80,0.73,"91,000"
709648,威剛凱基5C購03,0.37,-0.01,0.53,0.53,0.37,"732,000"
709649,茂訊凱基5C購01,0.86,+0.17,0.82,0.86,0.82,"61,000"
709650,富喬凱基5C購02,0.39,+0.09,0.40,0.40,0.39,"20,000"
709651,晶焱凱基5C購01,---,---,---,---,---,0
709652,雅特力凱基5C購02,0.79,+0.01,0.88,0.88,0.79,"38,000"
709653,群聯凱基5C購04,0.20,+0.02,0.20,0.20,0.20,"30,000"
709654,精確凱基5C購01,0.28,+0.03,0.28,0.28,0.28,"70,000"
709655,大綜台新5C購03,1.08,+0.29,0.78,1.09,0.78,"602,000"
709656,大綜台新5C購04,1.13,+0.49,0.88,1.13,0.88,"101,000"
709657,方土昶台新5C購01,0.57,+0.06,0.56,0.57,0.56,"29,000"
709658,富喬台新5C購01,---,---,---,---,---,0
709659,富喬台新5C購02,---,---,---,---,---,0
709660,晶焱台新5C購01,---,---,---,---,---,0
709661,晶焱台新5C購02,---,---,---,---,---,0
709662,晶焱台新5C購03,---,---,---,---,---,0
709663,群聯台新5C購01,---,---,---,---,---,0
709664,大綜元大5C購01,0.60,+0.18,0.47,0.60,0.47,"65,000"
709665,中美晶元大5C購07,1.88,-0.14,2.16,2.16,1.88,"159,000"
709666,台半元大5C購06,0.50,+0.08,0.50,0.50,0.50,"1,000"
709667,系統電元大5C購04,---,---,---,---,---,0
709668,威剛元大61購03,0.58,+0.03,0.65,0.65,0.57,"218,000"
709669,家登元大5C購04,0.47,+0.06,0.47,0.47,0.47,"1,000"
709670,群聯元大5C購06,0.41,+0.04,0.42,0.42,0.41,"230,000"
709671,群聯元大5C購07,---,---,---,---,---,0
709672,群聯元大5C購08,0.32,+0.02,0.33,0.33,0.32,"3,000"
709673,群聯元大66購05,0.52,+0.02,0.53,0.53,0.52,"170,000"
709674,聖暉*元大5C購05,0.54,+0.04,0.56,0.56,0.54,"851,000"
709675,聖暉*元大5C購06,0.50,+0.06,0.50,0.50,0.50,"2,000"
709676,家登富邦63購01,---,---,---,---,---,0
709677,正德群益5C購01,0.66,0.00,0.66,0.66,0.66,"19,000"
709678,威剛群益5C購05,---,---,---,---,---,0
709679,家登群益5C購01,---,---,---,---,---,0
709680,富喬群益5C購03,---,---,---,---,---,0
709681,華容群益5C購01,---,---,---,---,---,0
709682,群聯群益5C購06,1.58,+0.24,1.58,1.58,1.58,"56,000"
709683,聖暉*群益5C購02,---,---,---,---,---,0
709684,立端永豐64購01,0.56,+0.05,0.53,0.56,0.53,"6,000"
709685,威剛永豐6C購01,---,---,---,---,---,0
709686,建榮永豐61購01,0.44,+0.14,0.38,0.44,0.38,"60,000"
709687,茂訊永豐5C購01,0.67,+0.08,0.64,0.67,0.64,"73,000"
709688,雅特力永豐61購01,1.23,0.00,1.35,1.35,1.21,"311,000"
709689,群聯永豐5C購09,0.48,+0.04,0.48,0.48,0.48,"72,000"
709690,綠界*永豐61購01,0.63,+0.02,0.63,0.63,0.63,"16,000"
709691,聰泰永豐61購01,---,---,---,---,---,0
709692,立敦國票5C購01,---,---,---,---,---,0
709693,立敦國票5C購02,---,---,---,---,---,0
709694,伍豐國票61購01,0.35,+0.03,0.35,0.35,0.35,"55,000"
709695,光焱國票61購01,0.31,-0.03,0.31,0.31,0.31,"10,000"
709696,安勤國票61購01,0.78,+0.08,0.75,0.79,0.74,"182,000"
709697,系統電國票61購02,---,---,---,---,---,0
709698,邑昇國票61購01,---,---,---,---,---,0
709699,信音國票5C購01,---,---,---,---,---,0
709700,建榮國票5C購01,0.22,+0.06,0.19,0.22,0.19,"130,000"
709701,博士旺國票5C購01,0.48,+0.23,0.48,0.48,0.48,"1,000"
709702,博智國票5C購01,---,---,---,---,---,0
709703,博智國票5C購02,---,---,---,---,---,0
709704,晶焱國票5C購01,0.35,+0.03,0.35,0.35,0.35,"80,000"
709705,雅特力國票61購01,0.90,+0.01,0.95,0.95,0.88,"772,000"
709706,雅特力國票61購02,0.74,-0.02,0.81,0.81,0.73,"736,000"
709707,意德士國票61購01,---,---,---,---,---,0
709708,聚和國票61購01,0.67,+0.07,0.67,0.67,0.67,"5,000"
709709,臺慶科國票61購02,0.40,+0.08,0.40,0.40,0.40,"2,000"
709710,廣閎科國票61購01,---,---,---,---,---,0
709711,騰雲國票61購01,---,---,---,---,---,0
709712,威剛國泰61購01,0.90,-0.02,0.97,0.97,0.90,"230,000"
709713,湧德國泰61購01,0.36,+0.06,0.36,0.36,0.36,"22,000"
709714,光焱台新5C購01,0.54,-0.01,0.54,0.54,0.54,"400,000"
709715,兆利台新5C購01,---,---,---,---,---,0
709716,兆利台新5C購02,---,---,---,---,---,0
709717,雅特力台新5C購01,1.13,+0.02,1.23,1.23,1.13,"353,000"
709718,雅特力台新5C購02,0.90,-0.06,0.98,0.98,0.90,"469,000"
709719,鈊象台新5C購02,---,---,---,---,---,0
709720,雙鴻台新5C購02,1.18,+0.04,1.18,1.18,1.18,"85,000"
709721,雙鴻台新5C購03,---,---,---,---,---,0
709722,穩得台新5C購01,---,---,---,---,---,0
709723,中美晶元大5C購08,---,---,---,---,---,0
709724,中美晶元大5C購09,1.33,-0.07,1.53,1.61,1.32,"802,000"
709725,方土昶元大5C購01,1.04,+0.19,1.04,1.04,1.04,"100,000"
709726,系統電元大5C購05,---,---,---,---,---,0
709727,系統電元大5C購06,---,---,---,---,---,0
709728,信音元大5C購01,---,---,---,---,---,0
709729,威剛元大61購04,1.25,0.00,1.32,1.32,1.25,"31,000"
709730,富喬元大64購02,0.80,+0.15,0.69,0.85,0.69,"119,000"
709731,順達元大5C購06,1.03,-0.02,1.18,1.20,1.03,"1,935,000"
709732,鈊象元大5C購05,1.99,+0.05,2.03,2.03,1.95,"164,000"
709733,群聯元大5C購09,0.62,+0.09,0.62,0.62,0.62,"170,000"
709734,群聯元大5C購10,0.47,+0.04,0.47,0.47,0.47,"250,000"
709735,群聯元大5C購11,0.36,+0.02,0.36,0.36,0.36,"21,000"
709736,群聯元大66購06,0.57,+0.02,0.58,0.59,0.57,"481,000"
709737,精材元大5C購03,3.56,+0.14,3.76,4.02,3.56,"145,000"
709738,精材元大64購01,3.80,+0.28,3.80,3.80,3.80,"1,000"
709739,精材元大66購04,2.98,+0.15,2.98,2.98,2.98,"1,000"
709740,順達凱基5C購03,0.21,-0.01,0.25,0.25,0.21,"252,000"
709741,群聯凱基5C購05,---,---,---,---,---,0
709742,聖暉*凱基5C購02,0.31,+0.03,0.32,0.32,0.31,"320,000"
709743,精材凱基61購05,---,---,---,---,---,0
709744,臺慶科凱基5C購02,---,---,---,---,---,0
709745,宜鼎元大5C購05,0.70,+0.06,0.72,0.73,0.68,"587,000"
709746,宜鼎元大61購04,0.55,+0.05,0.57,0.57,0.53,"112,000"
709747,廣閎科元大5C購01,0.93,+0.10,0.96,0.98,0.93,"25,000"
709748,宜鼎群益5C購01,0.49,+0.06,0.51,0.51,0.46,"952,000"
709749,宜鼎群益5C購02,0.39,+0.05,0.40,0.40,0.37,"419,000"
709750,宜鼎群益5C購03,0.44,+0.08,0.46,0.46,0.44,"69,000"
709751,方土昶國票61購01,0.92,+0.10,0.88,1.01,0.88,"406,000"
709752,加高國票61購01,---,---,---,---,---,0
709753,宜鼎國票61購01,0.71,+0.07,0.71,0.71,0.67,"378,000"
709754,威聯通國票61購01,---,---,---,---,---,0
709755,凱崴國票61購01,0.40,+0.03,0.40,0.40,0.40,"20,000"
709756,港建*國票61購01,---,---,---,---,---,0
709757,華容國票61購01,3.10,-0.09,3.39,3.39,3.10,"11,000"
709758,萊德光國票61購02,0.43,+0.06,0.43,0.43,0.41,"261,000"
709759,萊德光國票61購03,0.31,+0.03,0.33,0.34,0.31,"853,000"
709760,宜特國泰61購01,0.70,+0.04,0.70,0.70,0.70,"9,000"
709761,宜鼎國泰61購02,1.07,+0.05,0.84,1.10,0.84,"13,000"
709762,宜鼎國泰61購03,0.91,+0.10,0.96,0.96,0.86,"330,000"
709763,宜鼎國泰61購04,0.98,+0.13,0.94,0.98,0.94,"2,000"
709764,台半富邦62購03,---,---,---,---,---,0
709765,台半富邦63購01,---,---,---,---,---,0
709766,宜特富邦62購01,0.43,+0.02,0.43,0.43,0.43,"36,000"
709767,宜鼎富邦5C購04,0.34,+0.04,0.36,0.36,0.34,"328,000"
709768,朋程富邦62購01,0.45,+0.04,0.44,0.45,0.44,"184,000"
709769,朋程富邦63購01,0.42,+0.03,0.42,0.42,0.41,"156,000"
709770,家登富邦62購02,---,---,---,---,---,0
709771,家登富邦62購03,---,---,---,---,---,0
709772,鈊象富邦62購01,---,---,---,---,---,0
709773,鈊象富邦63購01,---,---,---,---,---,0
709774,雙鴻富邦63購01,---,---,---,---,---,0
709775,系統電凱基5C購04,---,---,---,---,---,0
709776,威剛凱基5C購04,0.79,+0.15,0.79,0.79,0.64,"152,000"
709777,家登凱基5C購03,---,---,---,---,---,0
709778,博智凱基5C購03,0.26,+0.03,0.26,0.26,0.26,"10,000"
709779,富喬凱基5C購03,0.42,+0.04,0.47,0.47,0.42,"245,000"
709780,勤凱凱基5C購03,---,---,---,---,---,0
709781,群聯凱基61購05,0.36,+0.03,0.37,0.37,0.36,"26,000"
709782,廣閎科凱基61購01,---,---,---,---,---,0
709783,宜鼎台新5C購01,0.76,+0.08,0.79,0.79,0.74,"1,118,000"
709784,宜鼎台新5C購02,0.83,+0.09,0.85,0.90,0.79,"1,874,000"
709785,宜鼎台新5C購03,0.68,+0.06,0.71,0.73,0.66,"2,794,000"
709786,宜鼎中信5C購02,0.23,+0.03,0.23,0.23,0.23,"5,000"
709787,宜鼎永豐64購01,0.53,+0.07,0.54,0.54,0.53,"74,000"
709788,宜鼎永豐65購01,0.45,+0.02,0.46,0.47,0.44,"1,375,000"
709789,宇峻國泰61購01,1.70,+0.16,1.62,1.70,1.62,"47,000"
709790,華景電國泰61購01,0.56,+0.04,0.56,0.56,0.56,"31,000"
709791,群聯國泰61購02,0.94,+0.01,0.97,0.97,0.94,"30,000"
709792,漢達國泰61購01,2.86,+0.18,2.75,2.91,2.75,"125,000"
709793,世界凱基5C購05,0.60,+0.04,0.60,0.60,0.60,"100,000"
709794,宜鼎凱基5C購03,---,---,---,---,---,0
709795,宜鼎凱基5C購04,---,---,---,---,---,0
709796,宜鼎凱基5C購05,0.36,+0.02,0.62,0.62,0.36,"743,000"
709797,威聯通凱基61購01,---,---,---,---,---,0
709798,凱崴凱基61購01,---,---,---,---,---,0
709799,華景電凱基5C購02,---,---,---,---,---,0
709800,順達凱基61購01,0.28,+0.02,0.28,0.28,0.28,"1,000"
709801,璟德凱基5C購01,0.18,-0.03,0.20,0.20,0.18,"495,000"
709802,立敦台新5C購02,---,---,---,---,---,0
709803,宏捷科台新5C購01,0.71,+0.14,0.71,0.71,0.71,"60,000"
709804,宜鼎台新5C購04,0.92,+0.11,0.95,0.98,0.86,"2,274,000"
709805,宜鼎台新61購01,1.19,+0.19,1.21,1.23,1.19,"415,000"
709806,東浦台新5C購01,1.18,+0.05,1.23,1.23,1.18,"12,000"
709807,家登台新5C購01,0.74,+0.13,0.74,0.74,0.74,"1,000"
709808,順達台新61購02,1.24,+0.22,1.32,1.32,1.24,"108,000"
709809,新漢台新5C購01,1.32,+0.26,1.24,1.33,1.23,"1,861,000"
709810,廣閎科台新5C購01,1.60,+0.33,1.74,1.74,1.58,"1,630,000"
709811,富喬中信5C購03,0.18,+0.04,0.18,0.18,0.18,"450,000"
709812,創惟永豐5C購01,---,---,---,---,---,0
709813,華容永豐61購01,---,---,---,---,---,0
709814,群聯永豐64購04,0.74,+0.08,0.74,0.74,0.74,"114,000"
709815,群聯永豐64購05,---,---,---,---,---,0
709816,宜鼎元大5C購06,0.40,+0.05,0.41,0.42,0.38,"1,588,000"
709817,宜鼎元大5C購07,0.58,+0.05,0.60,0.61,0.58,"333,000"
709818,宜鼎元大5C購08,0.51,+0.03,0.54,0.55,0.51,"818,000"
709819,威剛元大5C購03,1.53,+0.06,1.56,1.56,1.52,"71,000"
709820,群聯元大5C購12,---,---,---,---,---,0
709821,群聯元大5C購13,0.72,+0.07,0.73,0.73,0.71,"404,000"
709822,群聯元大5C購14,0.78,+0.07,0.78,0.79,0.77,"247,000"
709823,群聯元大61購13,0.60,+0.06,0.63,0.63,0.60,"190,000"
709824,廣閎科元大5C購02,1.62,+0.22,1.62,1.62,1.62,"5,000"
709825,雙鴻元大61購15,---,---,---,---,---,0
709826,力領國票61購01,---,---,---,---,---,0
709827,加高國票61購02,0.27,0.00,0.27,0.27,0.27,"182,000"
709828,立端國票61購01,0.54,+0.05,0.54,0.54,0.54,"50,000"
709829,邑錡國票5C購01,0.78,+0.05,0.80,0.80,0.78,"5,000"
709830,佳邦國票61購03,---,---,---,---,---,0
709831,宜鼎國票61購02,0.52,+0.05,0.53,0.53,0.52,"40,000"
709832,東浦國票61購01,---,---,---,---,---,0
709833,杰力國票61購01,0.72,-0.01,0.76,0.78,0.72,"365,000"
709834,金益鼎國票61購02,---,---,---,---,---,0
709835,長聖國票61購01,0.68,+0.02,0.68,0.68,0.68,"28,000"
709836,胡連國票61購01,0.69,+0.03,0.70,0.70,0.69,"36,000"
709837,韋僑國票61購01,0.34,+0.01,0.33,0.34,0.33,"499,000"
709838,宸曜國票5C購01,0.65,+0.15,0.54,0.65,0.54,"70,000"
709839,能率亞國票61購01,1.03,+0.15,0.93,1.03,0.93,"21,000"
709840,凱崴國票61購02,0.29,+0.01,0.29,0.29,0.29,"50,000"
709841,湧德國票5C購01,0.39,+0.05,0.39,0.39,0.39,"4,000"
709842,湧德國票5C購02,---,---,---,---,---,0
709843,華容國票61購02,2.34,-0.06,2.56,2.56,2.34,"144,000"
709844,華景電國票61購01,---,---,---,---,---,0
709845,華電網國票5C購02,---,---,---,---,---,0
709846,華電網國票5C購03,---,---,---,---,---,0
709847,廣閎科國票61購02,---,---,---,---,---,0
709848,騰雲國票61購02,---,---,---,---,---,0
709849,系統電群益5C購01,---,---,---,---,---,0
709850,宜鼎群益5C購04,0.35,+0.04,0.36,0.36,0.35,"526,000"
709851,威剛群益5C購06,---,---,---,---,---,0
709852,群聯群益5C購07,2.30,+0.15,2.39,2.41,2.30,"541,000"
709853,兆利富邦62購01,---,---,---,---,---,0
709854,智通*富邦62購01,0.67,+0.03,0.63,0.67,0.63,"136,000"
709855,湧德富邦62購01,0.41,+0.04,0.40,0.41,0.40,"177,000"
709856,閎康富邦62購02,0.55,+0.10,0.55,0.55,0.55,"1,000"
709857,聖暉*富邦5C購02,0.60,+0.05,0.60,0.61,0.59,"156,000"
709858,廣閎科富邦5C購01,---,---,---,---,---,0
709859,方土昶國票61購02,0.77,+0.09,0.77,0.77,0.77,"5,000"
709860,台嘉碩國票5C購01,---,---,---,---,---,0
709861,台嘉碩國票5C購02,0.46,0.00,0.46,0.46,0.44,"81,000"
709862,永信建國票61購01,---,---,---,---,---,0
709863,兆利國票61購01,0.50,+0.03,0.50,0.50,0.50,"30,000"
709864,系統電國票61購03,---,---,---,---,---,0
709865,朋程國票5C購01,---,---,---,---,---,0
709866,東浦國票61購02,---,---,---,---,---,0
709867,順達國票61購02,0.56,+0.08,0.55,0.56,0.55,"81,000"
709868,緯軟國票61購01,0.83,+0.03,0.83,0.85,0.83,"150,000"
709869,華容群益5C購02,2.97,-0.03,3.17,3.18,2.96,"64,000"
709870,廣閎科群益5C購01,---,---,---,---,---,0
709871,順達中信5C購01,---,---,---,---,---,0
709872,聖暉*中信5C購01,---,---,---,---,---,0
709873,世紀*永豐5C購01,0.81,+0.05,0.81,0.81,0.81,"15,000"
709874,博智永豐5C購03,0.47,+0.01,0.50,0.50,0.47,"139,000"
709875,中美晶元大5C購10,2.29,-0.15,2.64,2.76,2.28,"370,000"
709876,宏觀元大5C購04,---,---,---,---,---,0
709877,良維元大5C購04,---,---,---,---,---,0
709878,博智元大5C購03,---,---,---,---,---,0
709879,華容元大5C購01,3.56,-0.16,3.56,3.56,3.56,"3,000"
709880,順達元大5C購07,0.44,+0.02,0.52,0.52,0.44,"108,000"
709881,精材元大5C購04,2.85,-0.07,3.13,3.15,2.85,"103,000"
709882,臺慶科元大5C購02,---,---,---,---,---,0
709883,系統電凱基5C購05,---,---,---,---,---,0
709884,佳邦凱基5C購04,---,---,---,---,---,0
709885,泓格凱基5C購01,0.82,+0.24,0.75,0.82,0.75,"557,000"
709886,金益鼎凱基5C購01,---,---,---,---,---,0
709887,茂迪凱基61購01,---,---,---,---,---,0
709888,創惟凱基61購01,---,---,---,---,---,0
709889,湧德凱基61購01,0.43,+0.05,0.43,0.43,0.43,"78,000"
709890,華容凱基61購01,1.47,-0.03,2.08,2.08,1.44,"30,000"
709891,群聯凱基5C購06,---,---,---,---,---,0
709892,臺慶科凱基61購01,---,---,---,---,---,0
709893,廣閎科凱基5C購01,0.61,+0.12,0.61,0.62,0.60,"175,000"
709894,雙鴻凱基5C購09,---,---,---,---,---,0
709895,騰雲凱基61購01,---,---,---,---,---,0
709896,中美晶統一66購02,0.87,-0.03,1.00,1.04,0.85,"675,000"
709897,立敦統一63購02,0.27,+0.01,0.27,0.27,0.27,"27,000"
709898,立敦統一64購02,---,---,---,---,---,0
709899,立敦統一64購03,---,---,---,---,---,0
709900,佳邦統一64購01,---,---,---,---,---,0
709901,佳邦統一66購01,---,---,---,---,---,0
709902,宜鼎統一64購01,0.39,+0.02,0.39,0.39,0.39,"153,000"
709903,宜鼎統一64購02,0.37,+0.02,0.37,0.37,0.37,"20,000"
709904,宜鼎統一64購03,---,---,---,---,---,0
709905,宜鼎統一64購04,0.29,+0.02,0.30,0.30,0.29,"5,000"
709906,宜鼎統一66購03,0.47,+0.03,0.49,0.50,0.46,"3,070,000"
709907,宜鼎統一66購04,0.54,+0.02,0.56,0.56,0.54,"59,000"
709908,威剛統一6A購01,---,---,---,---,---,0
709909,建榮統一66購01,0.32,+0.06,0.31,0.32,0.30,"124,000"
709910,建榮統一6A購03,---,---,---,---,---,0
709911,家登統一66購01,---,---,---,---,---,0
709912,凱崴統一66購01,---,---,---,---,---,0
709913,博智統一6C購01,---,---,---,---,---,0
709914,富喬統一64購02,0.47,+0.05,0.47,0.47,0.47,"3,000"
709915,富喬統一64購03,0.41,+0.04,0.43,0.43,0.41,"12,000"
709916,富喬統一66購01,---,---,---,---,---,0
709917,群聯統一64購02,0.49,+0.02,0.51,0.51,0.49,"230,000"
709918,精材統一66購01,1.09,+0.03,1.21,1.39,1.09,"554,000"
709919,精材統一6C購01,0.99,+0.03,1.03,1.11,0.99,"187,000"
709920,臺慶科統一64購02,0.27,+0.03,0.27,0.27,0.27,"5,000"
709921,臺慶科統一66購02,0.24,+0.02,0.25,0.25,0.24,"42,000"
709922,臺慶科統一66購03,---,---,---,---,---,0
709923,臺慶科統一6A購02,0.33,+0.01,0.34,0.34,0.33,"17,000"
709924,廣閎科統一66購01,0.57,+0.05,0.57,0.57,0.57,"102,000"
709925,廣運統一66購01,---,---,---,---,---,0
709926,廣運統一6C購01,---,---,---,---,---,0
709927,優群統一66購02,---,---,---,---,---,0
709928,雙鴻統一64購01,---,---,---,---,---,0
709929,雙鴻統一65購02,0.54,-0.01,0.54,0.54,0.54,"164,000"
709930,宏觀國泰61購01,0.56,+0.04,0.56,0.56,0.56,"22,000"
709931,金益鼎國泰61購01,0.87,+0.05,0.85,0.87,0.85,"50,000"
709932,立敦台新5C購03,0.32,+0.11,0.32,0.32,0.32,"1,000"
709933,威剛台新5C購01,1.21,+0.01,1.28,1.29,1.21,"390,000"
709934,威剛台新5C購02,2.00,0.00,2.15,2.15,2.00,"47,000"
709935,威剛台新5C購03,3.93,-0.12,4.34,4.40,3.93,"37,000"
709936,威剛台新61購01,1.38,-0.07,1.46,1.48,1.38,"59,000"
709937,威剛台新62購01,2.41,-0.01,2.56,2.59,2.41,"59,000"
709938,威剛台新63購01,---,---,---,---,---,0
709939,威剛台新66購01,1.29,+0.06,1.29,1.29,1.29,"3,000"
709940,茂迪台新5C購01,---,---,---,---,---,0
709941,凱崴台新5C購01,0.29,+0.02,0.29,0.30,0.29,"80,000"
709942,華容台新5C購03,3.28,-0.16,3.50,3.52,3.28,"12,000"
709943,威剛富邦5C購01,0.75,-0.03,0.79,0.80,0.75,"320,000"
709944,宜鼎永豐61購01,0.90,+0.10,0.90,0.90,0.90,"73,000"
709945,胡連永豐61購01,0.54,+0.02,0.53,0.54,0.52,"362,000"
709946,艾訊國票61購01,0.59,+0.11,0.54,0.60,0.54,"128,000"
709947,良維國票61購01,---,---,---,---,---,0
709948,朋億*國票61購01,0.93,+0.14,0.84,0.93,0.81,"139,000"
709949,東浦國票61購03,---,---,---,---,---,0
709950,茂迪國票61購01,---,---,---,---,---,0
709951,凱崴國票61購03,---,---,---,---,---,0
709953,台半群益62購02,0.90,+0.23,0.98,0.98,0.90,"180,000"
709954,中美晶凱基5C購03,1.18,-0.04,1.43,1.43,1.16,"37,000"
709955,宏觀凱基5C購01,---,---,---,---,---,0
709956,良維凱基5C購04,---,---,---,---,---,0
709957,朋程凱基5C購01,0.53,+0.04,0.53,0.53,0.53,"31,000"
709958,博智凱基5C購04,0.37,+0.01,0.37,0.37,0.37,"25,000"
709959,群ESG凱基61購01,---,---,---,---,---,0
709960,精材凱基5C購03,---,---,---,---,---,0
709961,緯軟凱基5C購01,---,---,---,---,---,0
709962,世界統一6A購01,0.53,+0.05,0.54,0.55,0.53,"251,000"
709963,正基統一66購01,---,---,---,---,---,0
709964,立敦統一68購01,---,---,---,---,---,0
709965,宏觀統一6A購01,0.42,+0.03,0.42,0.42,0.42,"92,000"
709966,家登統一6A購01,---,---,---,---,---,0
709967,富喬統一66購02,---,---,---,---,---,0
709968,晶焱統一6A購01,---,---,---,---,---,0
709969,順達統一6A購01,---,---,---,---,---,0
709970,群聯統一63購03,0.39,+0.02,0.39,0.39,0.39,"5,000"
709971,群聯國泰61購03,1.25,+0.09,1.32,1.32,1.25,"274,000"
709972,富喬台新5C購04,1.34,+0.19,1.56,1.56,1.34,"605,000"
709973,世界富邦61購02,0.56,+0.07,0.58,0.60,0.55,"788,000"
709974,立碁富邦5C購01,1.03,-0.16,1.31,1.31,1.02,"521,000"
709975,良維富邦61購03,---,---,---,---,---,0
709976,世界元大5C購06,1.14,+0.04,1.14,1.14,1.14,"196,000"
709977,宜鼎元大5C購09,0.71,+0.05,0.74,0.75,0.70,"2,602,000"
709978,順達元大5C購08,---,---,---,---,---,0
709979,臺慶科元大5C購03,0.72,0.00,0.80,0.80,0.72,"527,000"
709980,雙鴻元大5C購06,---,---,---,---,---,0
709981,家登永豐5C購02,---,---,---,---,---,0
709982,漢達永豐61購01,1.43,+0.08,1.43,1.43,1.43,"50,000"
709983,宜鼎元大5C購10,0.67,+0.06,0.68,0.68,0.65,"264,000"
709984,千附國票61購01,1.37,+0.06,1.40,1.40,1.33,"398,000"
709985,世禾國票61購01,0.68,+0.05,0.68,0.68,0.68,"5,000"
709986,台特化國票61購02,---,---,---,---,---,0
709987,伯特光國票61購01,---,---,---,---,---,0
709988,岱稜國票61購01,0.48,-0.03,0.51,0.52,0.48,"130,000"
709989,昇佳電國票61購01,0.66,+0.03,0.65,0.68,0.65,"114,000"
709990,朋億*國票61購02,---,---,---,---,---,0
709991,欣銓國票61購02,---,---,---,---,---,0
709992,信音國票61購01,0.50,+0.04,0.50,0.50,0.50,"20,000"
709993,茂綸國票61購01,0.82,+0.08,0.82,0.82,0.82,"20,000"
709994,新普國票61購01,0.59,+0.03,0.59,0.59,0.59,"24,000"
709995,聖暉*國票61購02,---,---,---,---,---,0
709996,精材國票61購01,1.75,+0.12,1.78,1.98,1.75,"40,000"
709997,綠界*國票61購01,---,---,---,---,---,0
709998,中美晶群益5C購03,1.05,-0.07,1.31,1.33,1.04,"345,000"
709999,順達群益5C購02,---,---,---,---,---,0
710000,精材群益5C購02,3.04,+0.15,3.24,3.68,3.04,"89,000"
710001,加高國泰61購01,0.59,-0.06,0.59,0.59,0.59,"60,000"
710002,宜鼎國泰61購05,1.06,+0.08,1.12,1.12,1.04,"65,000"
710003,宜鼎國泰61購06,0.94,+0.12,0.95,0.95,0.94,"70,000"
710004,信音國泰61購01,0.74,+0.04,0.74,0.74,0.74,"9,000"
710005,臺慶科國泰61購02,---,---,---,---,---,0
710006,中美晶凱基5C購04,0.78,-0.09,0.79,0.79,0.78,"12,000"
710007,台半凱基61購03,0.38,0.00,0.40,0.42,0.38,"590,000"
710008,宜鼎凱基5C購06,0.49,+0.02,0.53,0.53,0.49,"634,000"
710009,順達凱基5C購04,---,---,---,---,---,0
710010,群聯凱基5C購07,---,---,---,---,---,0
710011,臺慶科凱基5C購04,---,---,---,---,---,0
710012,雙鴻凱基5C購10,---,---,---,---,---,0
710013,大中統一6A購01,0.67,+0.05,0.67,0.67,0.67,"5,000"
710014,中美晶統一64購02,0.90,-0.05,1.03,1.07,0.90,"622,000"
710015,朋億*統一63購01,0.45,+0.06,0.43,0.45,0.43,"197,000"
710016,朋億*統一68購01,0.61,+0.06,0.59,0.61,0.59,"182,000"
710017,宣德統一66購01,---,---,---,---,---,0
710018,建榮統一63購01,0.33,+0.04,0.32,0.34,0.30,"1,125,000"
710019,凱崴統一63購01,0.22,+0.01,0.23,0.23,0.22,"21,000"
710020,凱崴統一65購01,---,---,---,---,---,0
710021,博智統一62購03,---,---,---,---,---,0
710022,富喬統一63購01,---,---,---,---,---,0
710023,富喬統一65購03,0.54,+0.06,0.54,0.54,0.54,"100,000"
710024,富喬統一6C購02,0.50,+0.03,0.52,0.52,0.50,"90,000"
710025,聖暉*統一6A購03,---,---,---,---,---,0
710026,精材統一63購01,1.30,+0.10,1.41,1.41,1.30,"48,000"
710027,雙鴻統一63購02,0.53,+0.05,0.53,0.53,0.53,"60,000"
710028,穩得統一68購01,0.44,+0.06,0.44,0.44,0.44,"64,000"
710029,佳邦富邦5C購01,---,---,---,---,---,0
710030,宜鼎富邦63購02,0.39,+0.04,0.40,0.40,0.39,"291,000"
710031,富喬富邦63購01,---,---,---,---,---,0
710032,群聯富邦62購07,---,---,---,---,---,0
710033,群聯富邦62購08,0.61,+0.04,0.61,0.61,0.61,"36,000"
710034,中美晶台新5C購01,---,---,---,---,---,0
710035,台半台新5C購01,---,---,---,---,---,0
710036,台半台新5C購02,0.63,+0.10,0.63,0.63,0.63,"20,000"
710037,廣閎科台新5C購02,---,---,---,---,---,0
710038,良維永豐5C購04,---,---,---,---,---,0
710039,朋億*永豐61購01,0.80,+0.09,0.80,0.80,0.80,"75,000"
710040,華景電永豐63購01,---,---,---,---,---,0
710041,群聯永豐5C購10,0.85,+0.11,0.84,0.86,0.84,"171,000"
710042,群聯永豐5C購11,0.65,+0.07,0.66,0.66,0.65,"181,000"
710043,群聯永豐5C購12,---,---,---,---,---,0
710044,臺慶科永豐5C購02,0.35,+0.03,0.38,0.38,0.35,"57,000"
710045,力致國票61購01,---,---,---,---,---,0
710046,千附國票61購02,1.07,+0.04,1.03,1.07,1.03,"40,000"
710047,中美晶國票61購02,1.06,-0.11,1.28,1.31,1.06,"285,000"
710048,加高國票61購03,0.22,0.00,0.22,0.22,0.22,"158,000"
710049,宏碁資國票61購01,0.65,+0.08,0.62,0.66,0.62,"615,000"
710050,朋億*國票61購03,0.54,+0.06,0.54,0.54,0.54,"55,000"
710051,美琪瑪國票61購01,---,---,---,---,---,0
710052,高鋒國票61購01,0.41,+0.05,0.40,0.41,0.40,"20,000"
710053,博士旺國票5C購02,---,---,---,---,---,0
710054,閎康國票61購02,---,---,---,---,---,0
710055,聖暉*國票61購03,0.38,+0.02,0.38,0.38,0.38,"1,000"
710056,臺慶科國票61購03,---,---,---,---,---,0
710057,廣閎科國票61購03,---,---,---,---,---,0
710058,廣運國票61購01,---,---,---,---,---,0
710059,營邦國票5C購01,---,---,---,---,---,0
710060,營邦國票5C購02,0.96,+0.02,0.98,1.07,0.95,"192,000"
710061,鴻呈國票61購01,---,---,---,---,---,0
710062,中美晶凱基61購04,0.67,+0.05,0.67,0.67,0.67,"2,000"
710063,威剛凱基5C購06,---,---,---,---,---,0
710064,宣德凱基5C購01,---,---,---,---,---,0
710065,精材凱基5C購04,1.28,+0.11,1.28,1.28,1.28,"1,000"
710066,臺慶科凱基5C購05,0.13,+0.01,0.13,0.13,0.13,"99,000"
710067,廣閎科凱基5C購02,0.40,+0.05,0.40,0.42,0.40,"50,000"
710068,營邦凱基5C購01,0.63,+0.03,0.64,0.66,0.63,"20,000"
710069,營邦凱基5C購02,0.58,0.00,0.64,0.64,0.58,"359,000"
710070,營邦凱基5C購03,0.51,+0.05,0.51,0.51,0.51,"20,000"
710071,中美晶群益5C購04,0.97,-0.09,1.22,1.25,0.93,"487,000"
710072,兆利群益5C購01,---,---,---,---,---,0
710073,營邦群益5C購01,0.88,+0.02,0.92,0.92,0.87,"854,000"
710074,營邦群益5C購02,0.83,-0.02,0.92,0.93,0.83,"429,000"
710075,世界元大5C購07,---,---,---,---,---,0
710076,世界元大63購04,0.74,+0.05,0.81,0.81,0.74,"1,859,000"
710077,宜鼎元大5C購11,0.44,+0.04,0.46,0.46,0.43,"146,000"
710078,威剛元大61購05,0.75,-0.01,0.82,0.82,0.75,"1,978,000"
710079,廣閎科元大5C購03,0.53,+0.07,0.52,0.53,0.52,"35,000"
710080,營邦元大5C購01,1.13,+0.07,1.12,1.18,1.12,"316,000"
710081,凱崴國泰61購01,---,---,---,---,---,0
710082,廣閎科國泰61購01,0.97,+0.13,0.99,0.99,0.97,"168,000"
710083,營邦國泰61購01,1.48,+0.01,1.59,1.59,1.48,"78,000"
710084,營邦富邦62購01,0.47,+0.03,0.47,0.47,0.47,"105,000"
710085,營邦富邦63購01,---,---,---,---,---,0
710086,中美晶統一66購03,0.58,-0.04,0.69,0.69,0.58,"1,315,000"
710087,台特化統一6C購02,0.55,+0.03,0.53,0.56,0.53,"27,000"
710088,朋程統一65購02,0.47,+0.03,0.46,0.47,0.46,"263,000"
710089,朋億*統一66購01,0.56,+0.06,0.55,0.56,0.53,"635,000"
710090,威剛統一63購01,---,---,---,---,---,0
710091,威剛統一65購05,0.63,+0.05,0.63,0.63,0.63,"155,000"
710092,美琪瑪統一6A購01,---,---,---,---,---,0
710093,華景電統一64購03,---,---,---,---,---,0
710094,群聯統一66購01,---,---,---,---,---,0
710095,聖暉*統一66購01,0.40,+0.01,0.42,0.42,0.40,"175,000"
710096,博智國泰61購01,0.65,-0.03,0.65,0.65,0.65,"499,000"
710097,營邦統一66購01,0.64,+0.07,0.67,0.67,0.64,"309,000"
710098,營邦統一66購02,0.72,+0.03,0.72,0.72,0.72,"94,000"
710099,營邦統一66購03,0.51,+0.02,0.51,0.51,0.51,"100,000"
710100,營邦統一6C購01,---,---,---,---,---,0
710101,中美晶台新5C購02,---,---,---,---,---,0
710102,中美晶台新5C購03,4.72,-0.33,5.75,6.10,4.72,"159,000"
710103,東浦台新5C購02,0.72,+0.06,0.72,0.73,0.72,"90,000"
710104,東浦台新5C購03,---,---,---,---,---,0
710105,勤凱台新5C購01,---,---,---,---,---,0
710106,聖暉*台新5C購02,---,---,---,---,---,0
710107,聖暉*台新5C購03,---,---,---,---,---,0
710108,聖暉*台新5C購04,---,---,---,---,---,0
710109,廣閎科台新5C購03,---,---,---,---,---,0
710110,銳澤台新5C購01,0.48,+0.04,0.48,0.48,0.48,"10,000"
710111,騰雲台新5C購01,---,---,---,---,---,0
710112,中美晶凱基61購05,0.64,+0.03,0.64,0.64,0.64,"2,000"
710113,世界凱基5C購06,---,---,---,---,---,0
710114,宜鼎凱基5C購07,0.33,+0.05,0.32,0.33,0.32,"2,000"
710115,朋億*凱基61購01,---,---,---,---,---,0
710116,威剛凱基5C購07,0.46,+0.03,0.46,0.46,0.46,"1,000"
710117,威剛凱基5C購08,---,---,---,---,---,0
710118,宜鼎元大5C購12,0.41,+0.04,0.43,0.43,0.40,"309,000"
710119,朋億*元大5C購01,0.73,+0.10,0.67,0.73,0.67,"87,000"
710120,東浦元大5C購01,0.31,+0.02,0.31,0.31,0.31,"50,000"
710121,威剛元大5C購04,1.47,+0.07,1.48,1.48,1.43,"97,000"
710122,安碁台新5C購01,---,---,---,---,---,0
710123,臺慶科台新5C購01,---,---,---,---,---,0
710124,中美晶國票61購03,0.99,+0.03,0.99,0.99,0.99,"36,000"
710125,宏捷科國票61購01,---,---,---,---,---,0
710126,朋億*國票61購04,---,---,---,---,---,0
710127,東浦國票61購04,---,---,---,---,---,0
710128,宣德國票61購01,0.33,+0.02,0.32,0.33,0.32,"6,000"
710129,能率亞國票61購02,0.83,+0.11,0.83,0.83,0.83,"20,000"
710130,宏捷科中信5C購01,---,---,---,---,---,0
710131,博智中信5C購01,---,---,---,---,---,0
710132,中美晶永豐5C購02,---,---,---,---,---,0
710133,中美晶永豐5C購03,1.23,+0.11,1.23,1.23,1.23,"39,000"
710134,世界永豐66購01,0.84,+0.13,0.87,0.87,0.82,"65,000"
710135,亞通永豐64購01,0.81,+0.10,0.78,0.81,0.78,"123,000"
710136,宣德永豐61購01,0.39,+0.06,0.37,0.39,0.37,"3,000"
710137,博智永豐61購01,---,---,---,---,---,0
710138,中美晶富邦5C購01,---,---,---,---,---,0
710139,順達富邦62購02,0.30,-0.02,0.35,0.35,0.30,"196,000"
710140,聖暉*富邦5C購03,0.41,+0.04,0.41,0.41,0.39,"460,000"
710141,中美晶中信5C購01,0.45,-0.02,0.52,0.54,0.42,"883,000"
710142,宏捷科凱基5C購02,0.37,+0.06,0.38,0.38,0.37,"61,000"
710143,富喬凱基5C購05,0.39,+0.07,0.41,0.41,0.39,"601,000"
710144,群聯凱基5C購08,---,---,---,---,---,0
710145,廣閎科凱基5C購03,0.34,+0.04,0.36,0.36,0.34,"50,000"
710146,中美晶台新5C購04,0.89,-0.07,1.15,1.18,0.86,"1,377,000"
710147,台半台新5C購03,---,---,---,---,---,0
710148,均豪台新5C購01,1.15,+0.14,1.15,1.15,1.15,"1,000"
710149,均豪台新5C購02,0.85,+0.11,0.84,0.85,0.84,"49,000"
710150,均豪台新5C購03,---,---,---,---,---,0
710151,宜鼎台新5C購06,1.20,+0.23,1.20,1.22,1.20,"74,000"
710152,凱崴台新5C購02,---,---,---,---,---,0
710153,廣閎科台新5C購04,---,---,---,---,---,0
710154,台半元大5C購07,0.71,+0.05,0.72,0.72,0.71,"34,000"
710155,宜鼎元大5C購13,0.76,+0.13,0.74,0.76,0.74,"237,000"
710156,威剛元大5C購05,1.60,+0.03,1.57,1.60,1.57,"43,000"
710157,臺慶科元大5C購04,0.38,+0.08,0.38,0.38,0.38,"48,000"
710158,台半國泰61購01,0.79,+0.12,0.79,0.79,0.79,"76,000"
710159,博智國泰61購02,---,---,---,---,---,0
710160,順達國泰61購01,0.65,+0.03,0.65,0.65,0.65,"97,000"
710161,台半富邦62購04,---,---,---,---,---,0
710162,台半富邦63購02,0.31,+0.02,0.31,0.34,0.31,"180,000"
710163,朋程富邦62購02,0.50,+0.04,0.50,0.50,0.50,"184,000"
710164,朋程富邦63購02,0.26,+0.02,0.26,0.26,0.26,"81,000"
710165,鈊象富邦62購02,0.84,+0.01,0.84,0.84,0.84,"58,000"
710166,營邦富邦62購02,0.74,+0.03,0.74,0.74,0.74,"156,000"
710167,兆利永豐64購01,0.48,+0.04,0.48,0.48,0.48,"3,000"
710168,宜鼎永豐63購01,0.64,+0.06,0.64,0.66,0.63,"229,000"
710169,精確永豐61購01,0.36,+0.04,0.36,0.36,0.36,"8,000"
710170,雙鴻永豐66購01,---,---,---,---,---,0
710171,廣閎科國票61購04,---,---,---,---,---,0
710172,台半群益5C購04,---,---,---,---,---,0
710173,宏捷科群益5C購02,---,---,---,---,---,0
710174,臺慶科群益5C購02,0.78,+0.03,0.86,0.86,0.78,"97,000"
710175,台半凱基5C購04,---,---,---,---,---,0
710176,尼克森凱基5C購01,0.22,+0.06,0.21,0.22,0.21,"9,000"
710177,宏捷科凱基5C購03,---,---,---,---,---,0
710178,朋程凱基5C購02,0.22,+0.02,0.21,0.22,0.21,"65,000"
710179,茂達凱基5C購01,0.40,-0.04,0.44,0.44,0.40,"671,000"
710180,臺慶科凱基5C購06,0.12,+0.01,0.12,0.12,0.12,"5,000"
710181,廣閎科凱基5C購04,0.28,+0.06,0.29,0.29,0.28,"13,000"
710182,大中台新5C購01,0.78,+0.08,0.78,0.78,0.78,"28,000"
710183,台半台新5C購04,---,---,---,---,---,0
710184,宜鼎台新61購02,0.95,+0.13,0.95,0.95,0.95,"174,000"
710185,晶焱台新5C購04,---,---,---,---,---,0
710186,晶焱台新5C購05,---,---,---,---,---,0
710187,廣閎科台新61購01,---,---,---,---,---,0
710188,中美晶元大5C購11,---,---,---,---,---,0
710189,台半元大5C購08,---,---,---,---,---,0
710190,宜鼎元大5C購14,0.56,+0.07,0.59,0.59,0.55,"924,000"
710191,威剛元大5C購06,1.46,+0.03,1.44,1.46,1.44,"62,000"
710192,群聯中信64購01,0.23,+0.01,0.24,0.24,0.23,"949,000"
710193,雙鴻中信66購01,---,---,---,---,---,0
710194,雙鴻中信66購02,0.61,+0.05,0.61,0.61,0.61,"46,000"
710195,大中永豐64購01,0.59,+0.08,0.59,0.59,0.59,"62,000"
710196,台半永豐64購01,---,---,---,---,---,0
710197,尼克森永豐64購01,0.45,+0.03,0.48,0.48,0.45,"2,000"
710198,信紘科永豐64購01,0.59,+0.01,0.59,0.59,0.59,"20,000"
710199,家登永豐64購01,0.83,+0.03,0.86,0.87,0.83,"280,000"
710200,富喬永豐5C購02,---,---,---,---,---,0
710201,鈊象永豐61購01,---,---,---,---,---,0
710202,鴻呈永豐61購01,0.62,-0.04,0.64,0.64,0.62,"50,000"
710203,世禾國票61購02,---,---,---,---,---,0
710204,世紀*國票61購01,0.66,+0.02,0.67,0.67,0.66,"314,000"
710205,亞泰國票61購01,0.50,+0.02,0.50,0.50,0.50,"20,000"
710206,矽科國票61購01,---,---,---,---,---,0
710207,茂迪國票61購02,---,---,---,---,---,0
710208,茂達國票61購01,0.57,-0.04,0.64,0.64,0.57,"19,000"
710209,崧騰國票61購01,0.61,+0.05,0.64,0.64,0.60,"46,000"
710210,統振國票61購01,0.54,-0.01,0.54,0.54,0.54,"5,000"
710211,博盛國票61購01,---,---,---,---,---,0
710212,閎康國票61購03,---,---,---,---,---,0
710213,萬泰科國票61購01,---,---,---,---,---,0
710214,漢達國票61購01,0.74,+0.03,0.75,0.75,0.74,"11,000"
710215,臺慶科國票61購04,---,---,---,---,---,0
710216,廣閎科國票61購05,0.40,+0.04,0.40,0.40,0.40,"3,000"
710217,聰泰國票61購01,---,---,---,---,---,0
710218,能率亞國泰61購01,1.77,+0.26,1.66,1.85,1.65,"371,000"
710219,能率國泰61購01,2.17,+0.39,2.03,2.17,2.03,"77,000"
710220,廣閎科國泰61購02,0.68,+0.08,0.68,0.68,0.68,"20,000"
710221,凡甲富邦63購01,0.53,+0.01,0.54,0.54,0.53,"316,000"
710222,立碁富邦5C購02,---,---,---,---,---,0
710223,智通*富邦62購02,0.73,+0.02,0.70,0.76,0.70,"1,503,000"
710224,宜鼎群益5C購05,0.44,+0.07,0.43,0.44,0.43,"61,000"
710225,威剛群益5C購07,---,---,---,---,---,0
710226,威剛群益62購02,---,---,---,---,---,0
710227,宣德群益5C購01,---,---,---,---,---,0
710228,家登群益63購01,---,---,---,---,---,0
710229,凱崴群益5C購01,---,---,---,---,---,0
710230,博智群益5C購01,---,---,---,---,---,0
710231,富喬群益5C購04,1.02,+0.15,1.18,1.18,1.02,"1,591,000"
710232,群聯群益5C購08,0.84,+0.10,0.84,0.84,0.84,"81,000"
710233,群聯群益5C購09,---,---,---,---,---,0
710234,群聯群益61購05,0.85,+0.10,0.85,0.85,0.85,"51,000"
710235,雙鴻群益62購02,2.32,-0.03,2.36,2.45,2.28,"541,000"
710236,威剛中信66購01,---,---,---,---,---,0
710237,富喬中信66購01,---,---,---,---,---,0
710238,大中永豐5C購01,---,---,---,---,---,0
710239,中光電永豐61購01,1.86,+0.37,1.76,1.90,1.76,"183,000"
710240,世界永豐5C購02,---,---,---,---,---,0
710241,台半永豐61購03,---,---,---,---,---,0
710242,宜鼎永豐61購02,---,---,---,---,---,0
710243,原相永豐61購01,---,---,---,---,---,0
710244,達航永豐63購01,0.70,+0.11,0.70,0.70,0.70,"3,000"
710245,漢達永豐64購01,---,---,---,---,---,0
710246,台半元大5C購09,0.57,+0.05,0.58,0.59,0.57,"290,000"
710247,台半元大63購03,0.57,+0.07,0.55,0.57,0.55,"34,000"
710248,宏捷科元大5C購04,0.39,+0.02,0.44,0.44,0.39,"580,000"
710249,佳邦元大5C購01,---,---,---,---,---,0
710250,朋程元大5C購02,---,---,---,---,---,0
710251,欣銓元大5C購02,0.96,+0.11,0.95,0.96,0.90,"314,000"
710252,欣銓元大5C購03,0.70,+0.08,0.73,0.73,0.67,"625,000"
710253,家登元大5C購05,0.88,+0.11,0.84,0.89,0.84,"205,000"
710254,家登元大66購01,---,---,---,---,---,0
710255,臺慶科元大5C購05,0.36,+0.03,0.38,0.38,0.35,"549,000"
710256,台半國票61購04,0.24,+0.04,0.24,0.24,0.24,"10,000"
710257,台半國票61購05,0.30,+0.14,0.30,0.30,0.30,"1,000"
710258,青雲國票5C購01,0.55,+0.06,0.56,0.56,0.51,"549,000"
710259,大中台新61購01,0.85,+0.08,0.87,0.91,0.84,"84,000"
710260,台半台新5C購05,---,---,---,---,---,0
710261,晶焱台新5C購06,---,---,---,---,---,0
710262,漢達台新5C購01,1.39,+0.10,1.36,1.39,1.36,"62,000"
710263,臺慶科台新5C購03,0.24,+0.01,0.27,0.27,0.24,"665,000"
710264,世界凱基5C購07,---,---,---,---,---,0
710265,台半凱基5C購05,0.19,+0.02,0.19,0.19,0.19,"1,000"
710266,朋程凱基5C購03,0.12,+0.01,0.12,0.12,0.12,"100,000"
710267,富喬凱基63購01,---,---,---,---,---,0
710268,群聯凱基5C購09,0.30,+0.03,0.30,0.30,0.30,"930,000"
710269,漢達凱基5C購01,0.67,+0.02,0.68,0.68,0.67,"15,000"
710270,精材凱基63購01,0.58,+0.01,0.87,0.87,0.58,"6,000"
710271,世界國泰61購01,0.90,+0.20,0.90,0.90,0.90,"4,000"
710272,穩得國泰61購01,0.93,+0.11,0.88,0.93,0.88,"25,000"
710273,中光電富邦62購02,1.14,+0.24,1.08,1.14,1.00,"47,000"
710274,台半富邦63購03,0.26,+0.04,0.26,0.26,0.26,"25,000"
710275,朋程富邦63購03,---,---,---,---,---,0
710276,FH中5G群益5C購01,0.24,+0.04,0.22,0.24,0.19,"1,509,000"
710277,大中群益5C購01,0.32,+0.01,0.32,0.32,0.32,"303,000"
710278,中光電群益5C購01,2.28,+0.40,2.34,2.34,2.28,"8,000"
710279,中光電群益5C購02,1.34,+0.29,1.18,1.34,1.18,"523,000"
710280,世界群益5C購04,0.86,+0.20,0.82,0.86,0.82,"128,000"
710281,台半群益62購03,---,---,---,---,---,0
710282,尼克森群益61購01,---,---,---,---,---,0
710283,宏捷科群益5C購03,0.46,+0.08,0.46,0.46,0.46,"29,000"
710284,朋程群益5C購01,---,---,---,---,---,0
710285,茂達群益5C購01,---,---,---,---,---,0
710286,榮剛群益61購01,---,---,---,---,---,0
710287,精材群益61購01,1.42,+0.23,1.37,1.42,1.37,"29,000"
710288,世界元大5C購08,0.40,+0.03,0.52,0.52,0.40,"11,000"
710289,朋程元大5C購03,---,---,---,---,---,0
710290,博盛元大5C購01,0.54,+0.07,0.54,0.54,0.54,"64,000"
710291,世界台新5C購01,0.62,+0.08,0.71,0.71,0.61,"185,000"
710292,萬泰科台新5C購01,---,---,---,---,---,0
710293,大中國票5C購01,---,---,---,---,---,0
710294,天品國票5C購01,0.56,0.00,0.57,0.57,0.56,"35,000"
710295,世界國票61購02,0.55,+0.02,0.58,0.60,0.55,"102,000"
710296,立碁國票61購01,1.52,-0.18,1.77,1.80,1.52,"18,000"
710297,亞通國票5C購01,---,---,---,---,---,0
710298,朋程國票5C購02,---,---,---,---,---,0
710299,杰力國票61購02,0.42,-0.01,0.46,0.46,0.42,"546,000"
710300,博盛國票61購02,---,---,---,---,---,0
710301,晶宏國票61購01,0.71,+0.09,0.67,0.71,0.67,"6,000"
710302,漢達國票63購01,0.65,+0.03,0.65,0.65,0.65,"3,000"
710304,大中凱基5C購01,0.21,-0.21,0.23,0.23,0.21,"150,000"
710305,中光電凱基5C購01,---,---,---,---,---,0
710306,中光電凱基5C購02,---,---,---,---,---,0
710307,世界凱基63購02,---,---,---,---,---,0
710308,宏捷科凱基5C購04,---,---,---,---,---,0
710309,欣銓凱基5C購01,0.46,+0.08,0.46,0.46,0.46,"1,000"
710310,青雲凱基5C購01,0.39,-0.09,0.41,0.41,0.39,"27,000"
710311,威剛凱基61購02,0.58,+0.04,0.58,0.58,0.58,"1,000"
710312,茂達凱基5C購02,0.27,-0.05,0.30,0.30,0.27,"37,000"
710313,家登凱基5C購04,---,---,---,---,---,0
710314,家登凱基5C購05,---,---,---,---,---,0
710315,臺慶科凱基5C購07,---,---,---,---,---,0
710316,聖暉*群益5C購03,---,---,---,---,---,0
710317,台嘉碩國泰61購01,1.57,+0.05,1.57,1.57,1.57,"2,000"
710318,宜鼎國泰62購01,0.87,+0.12,0.87,0.87,0.87,"20,000"
710319,朋程國泰61購01,0.91,+0.10,0.89,0.91,0.89,"205,000"
710320,原相國泰61購01,1.28,+0.17,1.27,1.28,1.27,"35,000"
710321,博盛國泰61購01,---,---,---,---,---,0
710322,世界富邦5C購04,0.41,+0.08,0.41,0.41,0.41,"198,000"
710323,宜鼎富邦5C購05,---,---,---,---,---,0
710324,信紘科永豐5C購01,---,---,---,---,---,0
710325,順達永豐5C購02,---,---,---,---,---,0
710326,順達永豐5C購03,---,---,---,---,---,0
710327,順達永豐5C購04,---,---,---,---,---,0
710328,群聯永豐64購06,---,---,---,---,---,0
710329,群聯永豐66購01,---,---,---,---,---,0
710330,鴻呈永豐5C購01,---,---,---,---,---,0
710331,中光電台新5C購01,1.35,+0.03,1.35,1.35,1.35,"1,000"
710332,中光電台新5C購02,1.34,-0.16,1.21,1.34,1.21,"11,000"
710333,亞信台新5C購01,0.73,+0.02,0.73,0.73,0.73,"28,000"
710334,精材台新61購01,1.89,+0.13,2.04,2.24,1.89,"68,000"
710335,精材台新61購02,1.60,-0.01,1.85,2.02,1.60,"23,000"
710336,亞通凱基5C購01,0.74,+0.19,0.60,0.74,0.60,"30,000"
710337,朋程凱基5C購04,0.31,+0.04,0.31,0.31,0.31,"60,000"
710338,聖暉*凱基5C購03,---,---,---,---,---,0
710339,宜鼎元大5C購15,0.87,+0.04,0.92,0.92,0.87,"963,000"
710340,富喬元大65購01,0.80,+0.12,0.86,0.86,0.80,"120,000"
710341,漢達元大5C購01,---,---,---,---,---,0
710342,精材元大5C購05,1.83,+0.09,1.93,2.13,1.83,"831,000"
710343,臺慶科元大5C購06,---,---,---,---,---,0
710344,宜特永豐64購01,---,---,---,---,---,0
710345,朋程永豐5C購03,0.47,+0.06,0.46,0.47,0.45,"163,000"
710346,朋程永豐5C購04,---,---,---,---,---,0
710347,威剛永豐64購02,---,---,---,---,---,0
710348,威剛永豐66購01,---,---,---,---,---,0
710349,富喬永豐5C購03,0.52,+0.06,0.55,0.55,0.52,"432,000"
710350,漢達永豐5C購01,---,---,---,---,---,0
710351,雙鴻永豐63購03,---,---,---,---,---,0
710353,鏵友益永豐64購01,---,---,---,---,---,0
710354,精材中信64購01,0.60,+0.02,0.65,0.69,0.60,"121,000"
710355,大世科國票61購01,---,---,---,---,---,0
710356,元山國票61購01,---,---,---,---,---,0
710357,世界國票61購03,---,---,---,---,---,0
710358,安葆國票61購01,---,---,---,---,---,0
710359,亞信國票61購01,0.57,+0.04,0.57,0.57,0.57,"8,000"
710360,明安國票61購01,---,---,---,---,---,0
710361,桓達國票61購01,---,---,---,---,---,0
710362,神準國票61購01,---,---,---,---,---,0
710363,晶焱國票5C購02,---,---,---,---,---,0
710364,智擎國票61購01,0.68,+0.02,0.68,0.68,0.68,"21,000"
710365,聖暉*國票61購04,---,---,---,---,---,0
710366,漢達國票65購01,0.67,+0.04,0.65,0.68,0.65,"223,000"
710367,精材國票61購02,---,---,---,---,---,0
710368,鈊象群益5C購01,2.36,+0.08,2.38,2.42,2.34,"48,000"
710369,富喬國泰61購01,0.64,+0.08,0.71,0.71,0.64,"953,000"
710370,漢達國泰61購02,---,---,---,---,---,0
710371,世界凱基5C購08,---,---,---,---,---,0
710372,宜鼎凱基5C購08,0.79,+0.10,0.83,0.83,0.78,"112,000"
710373,群聯凱基5C購10,0.49,+0.06,0.47,0.49,0.47,"1,148,000"
710374,群聯凱基61購06,0.54,+0.06,0.56,0.56,0.54,"15,000"
710375,精材凱基5C購05,1.00,+0.09,1.00,1.00,1.00,"1,000"
710376,世界台新5C購03,0.43,+0.06,0.43,0.43,0.43,"40,000"
710377,巨有台新5C購01,0.81,+0.07,0.81,0.81,0.81,"28,000"
710378,巨有台新5C購02,0.58,+0.03,0.58,0.58,0.58,"28,000"
710379,東浦台新5C購04,---,---,---,---,---,0
710380,東浦台新5C購05,0.33,+0.02,0.33,0.33,0.33,"30,000"
710381,杰力台新5C購01,0.63,+0.03,0.63,0.63,0.63,"28,000"
710382,青雲台新5C購01,0.45,+0.06,0.47,0.47,0.45,"20,000"
710383,能率亞台新5C購01,0.72,+0.13,0.68,0.72,0.68,"30,000"
710384,中光電元大5C購01,3.59,+0.62,3.36,3.59,3.00,"131,000"
710385,宜鼎元大5C購16,0.78,+0.11,0.81,0.82,0.77,"1,395,000"
710386,富喬元大65購02,---,---,---,---,---,0
710387,精材元大5C購06,2.02,+0.08,2.21,2.32,2.02,"42,000"
710388,精材元大5C購07,1.54,+0.32,1.54,1.54,1.54,"2,000"
710389,精材元大61購08,---,---,---,---,---,0
710390,精材元大61購09,1.75,+0.15,1.86,1.95,1.75,"93,000"
710391,精材元大63購04,1.66,+0.17,1.68,1.74,1.62,"18,000"
710392,世界中信63購01,0.25,+0.05,0.26,0.26,0.25,"26,000"
710393,久元永豐5C購03,---,---,---,---,---,0
710394,久元永豐5C購04,---,---,---,---,---,0
710395,世禾永豐5C購01,---,---,---,---,---,0
710396,世界永豐5C購03,---,---,---,---,---,0
710397,巨有永豐5C購02,0.44,+0.04,0.44,0.44,0.44,"17,000"
710398,安勤永豐63購01,0.91,+0.08,0.87,0.92,0.87,"95,000"
710399,均豪永豐5C購03,---,---,---,---,---,0
710400,均豪永豐5C購04,1.18,+0.14,1.16,1.18,1.16,"43,000"
710401,宏觀永豐5C購02,0.56,+0.04,0.56,0.56,0.56,"56,000"
710402,宏觀永豐5C購03,0.34,+0.03,0.34,0.34,0.34,"6,000"
710403,晶焱永豐5C購01,0.39,+0.02,0.39,0.39,0.39,"280,000"
710404,晶焱永豐5C購02,---,---,---,---,---,0
710405,智通*永豐63購01,0.59,+0.01,0.59,0.59,0.59,"117,000"
710406,湧德永豐5C購01,0.77,+0.09,0.76,0.77,0.76,"110,000"
710407,湧德永豐5C購02,0.71,+0.09,0.69,0.71,0.69,"108,000"
710408,聖暉*永豐5C購03,0.43,+0.04,0.43,0.43,0.43,"9,000"
710409,聖暉*永豐5C購04,0.41,+0.05,0.41,0.41,0.41,"65,000"
710410,精材永豐5C購03,---,---,---,---,---,0
710411,精材永豐5C購04,---,---,---,---,---,0
710412,精材永豐63購02,---,---,---,---,---,0
710413,優群永豐5C購02,---,---,---,---,---,0
710414,雙鴻永豐5C購05,---,---,---,---,---,0
710415,世界國票61購04,---,---,---,---,---,0
710416,巨有國票5C購01,---,---,---,---,---,0
710417,巨有國票5C購02,---,---,---,---,---,0
710418,宇峻國票61購01,0.63,+0.01,0.62,0.63,0.61,"136,000"
710419,安勤國票61購02,0.70,+0.08,0.68,0.70,0.68,"103,000"
710420,青雲國票5C購02,0.33,+0.02,0.35,0.35,0.33,"51,000"
710421,能率國票61購01,1.12,+0.24,1.01,1.12,1.01,"109,000"
710422,精材國票61購03,1.13,+0.08,1.13,1.13,1.13,"1,000"
710423,鑫科國票5C購01,---,---,---,---,---,0
710424,巨有群益5C購01,0.71,+0.07,0.71,0.71,0.71,"28,000"
710425,智通*群益5C購01,---,---,---,---,---,0
710426,智通*群益63購01,1.80,0.00,1.80,1.91,1.80,"278,000"
710427,東浦國泰61購01,1.08,+0.02,1.08,1.08,1.08,"1,000"
710428,杰力國泰61購01,0.70,-0.03,0.70,0.70,0.70,"20,000"
710429,精材國泰61購01,2.05,+0.06,2.05,2.05,2.05,"10,000"
710430,威剛富邦5C購02,---,---,---,---,---,0
710431,精材富邦5C購01,0.65,+0.02,0.73,0.92,0.65,"369,000"
710432,安勤凱基62購01,0.66,+0.08,0.61,0.66,0.60,"165,000"
710433,系微凱基5C購01,0.51,+0.08,0.50,0.51,0.50,"10,000"
710434,宜鼎凱基5C購09,0.79,+0.07,0.79,0.82,0.78,"864,000"
710435,能率凱基62購01,0.65,+0.15,0.65,0.65,0.65,"10,000"
710436,富喬凱基63購02,---,---,---,---,---,0
710437,智通*凱基5C購01,---,---,---,---,---,0
710438,群聯凱基5C購11,---,---,---,---,---,0
710439,群聯凱基5C購12,0.56,+0.02,0.59,0.61,0.56,"35,000"
710440,鑫科凱基5C購01,---,---,---,---,---,0
710441,中美晶元大5C購12,1.91,-0.12,2.04,2.13,1.86,"811,000"
710442,世界元大66購03,0.81,+0.09,0.86,0.86,0.81,"74,000"
710443,宜鼎元大5C購17,1.27,+0.09,1.28,1.29,1.22,"1,258,000"
710444,能率亞元大5C購01,1.42,+0.23,1.29,1.48,1.29,"54,000"
710445,富喬元大5C購04,---,---,---,---,---,0
710446,智通*元大5C購01,---,---,---,---,---,0
710447,智通*元大5C購02,---,---,---,---,---,0
710448,智通*元大63購01,0.68,+0.02,0.66,0.71,0.65,"1,279,000"
710449,五福國票64購01,---,---,---,---,---,0
710450,璟德國票64購01,0.63,-0.05,0.63,0.63,0.63,"10,000"
710451,磐儀國票64購01,0.77,+0.13,0.72,0.77,0.72,"7,000"
710452,中光電國票61購01,1.10,+0.28,1.10,1.10,1.10,"50,000"
710453,宜鼎國票62購01,0.66,+0.05,0.69,0.69,0.66,"273,000"
710454,竹陞國票64購01,0.78,+0.15,0.78,0.78,0.78,"10,000"
710455,崴寶國票64購01,---,---,---,---,---,0
710456,富強鑫國票62購01,1.12,+0.07,1.16,1.16,1.07,"118,000"
710457,千附國票64購01,0.92,+0.03,0.95,0.95,0.92,"30,000"
710458,智通*國票61購01,0.56,+0.02,0.55,0.59,0.54,"109,000"
710459,智通*國票61購02,0.58,+0.04,0.56,0.58,0.56,"49,000"
710460,久元永豐5C購05,---,---,---,---,---,0
710461,久元永豐63購01,---,---,---,---,---,0
710462,久元永豐66購01,---,---,---,---,---,0
710463,中光電永豐5C購01,1.13,+0.16,1.15,1.15,1.13,"106,000"
710464,系統電永豐5C購02,---,---,---,---,---,0
710465,營邦永豐5C購01,1.19,+0.09,1.19,1.19,1.19,"77,000"
710466,營邦永豐5C購02,0.95,+0.12,0.95,0.95,0.95,"30,000"
710467,宏觀台新5C購02,---,---,---,---,---,0
710468,聖暉*台新5C購06,0.37,+0.04,0.37,0.37,0.37,"184,000"
710469,聖暉*台新5C購07,0.40,+0.04,0.40,0.40,0.40,"154,000"
710470,能率國泰63購01,1.81,+0.33,1.61,1.81,1.61,"1,010,000"
710471,久元富邦63購01,---,---,---,---,---,0
710472,原相富邦5C購01,0.74,+0.08,0.74,0.75,0.74,"288,000"
710473,達航富邦62購01,0.34,+0.03,0.34,0.34,0.34,"40,000"
710474,營邦富邦63購02,0.77,+0.02,0.80,0.80,0.76,"298,000"
710475,營邦富邦63購03,0.65,+0.01,0.68,0.68,0.65,"253,000"
710476,巨有群益5C購02,---,---,---,---,---,0
710477,世界元大61購01,0.73,+0.08,0.73,0.73,0.73,"5,000"
710478,世界元大66購04,0.82,+0.19,0.82,0.82,0.82,"20,000"
710479,世界元大67購01,0.76,+0.07,0.77,0.79,0.74,"48,000"
710480,巨有元大61購01,0.33,+0.02,0.33,0.33,0.33,"196,000"
710481,宜鼎元大61購05,1.14,+0.08,1.18,1.18,1.12,"2,108,000"
710482,富喬元大61購06,---,---,---,---,---,0
710483,富喬元大62購01,0.54,+0.11,0.57,0.57,0.54,"4,741,000"
710484,富喬元大62購02,0.62,+0.10,0.62,0.62,0.62,"310,000"
710485,臺慶科元大61購01,0.70,+0.06,0.70,0.70,0.70,"7,000"
710486,千附精台新61購01,0.77,+0.07,0.76,0.77,0.76,"102,000"
710487,元太台新61購01,1.56,+0.14,1.54,1.59,1.53,"79,000"
710488,竹陞台新61購01,1.07,+0.19,1.07,1.07,1.07,"1,000"
710489,譜瑞台新61購01,1.93,+0.33,1.80,1.95,1.79,"4,696,000"
710490,譜瑞台新61購02,1.93,+0.23,1.87,1.93,1.81,"280,000"
710491,千附精凱基61購01,0.66,+0.08,0.66,0.69,0.66,"175,000"
710492,千附精凱基61購02,1.05,+0.55,1.05,1.05,1.05,"1,000"
710493,中光電凱基61購01,2.33,+0.38,2.38,2.41,2.23,"48,000"
710494,元太凱基61購02,0.77,-0.06,0.87,0.87,0.77,"215,000"
710495,元太凱基61購03,0.97,+0.06,0.97,0.97,0.97,"100,000"
710496,元太凱基61購04,0.82,-0.01,0.82,0.82,0.82,"3,000"
710497,元太凱基61購05,1.00,-0.04,1.09,1.09,0.97,"468,000"
710498,元太凱基61購06,1.02,+0.02,1.03,1.03,1.01,"121,000"
710499,世紀*凱基61購01,---,---,---,---,---,0
710500,竹陞凱基61購01,1.02,+0.21,0.85,1.02,0.85,"1,282,000"
710501,原相凱基61購01,0.87,+0.07,0.84,0.88,0.83,"755,000"
710502,譜瑞凱基61購02,1.18,+0.19,1.10,1.18,1.08,"466,000"
710503,譜瑞凱基61購03,1.08,+0.10,1.08,1.13,1.03,"320,000"
710504,譜瑞凱基61購04,1.14,+0.20,1.06,1.14,1.03,"1,276,000"
710505,譜瑞凱基61購05,1.22,+0.21,1.21,1.22,1.14,"352,000"
710506,千附精群益61購01,0.66,+0.11,0.65,0.66,0.65,"162,000"
710507,譜瑞群益61購01,1.47,+0.41,1.50,1.50,1.46,"1,281,000"
710508,91APP*國票62購01,0.50,-0.01,0.52,0.52,0.50,"26,000"
710509,千附精國票62購01,0.59,+0.06,0.57,0.59,0.57,"160,000"
710510,世紀*國票62購01,---,---,---,---,---,0
710511,竹陞國票62購01,---,---,---,---,---,0
710512,宜鼎國票62購02,0.64,+0.05,0.66,0.66,0.64,"155,000"
710513,長佳智國票62購01,0.53,+0.01,0.53,0.53,0.53,"2,000"
710514,長聖國票62購01,0.66,+0.02,0.64,0.66,0.64,"37,000"
710515,威剛國票62購02,0.79,-0.01,0.85,0.85,0.79,"278,000"
710516,建榮國票61購01,0.37,+0.08,0.34,0.37,0.34,"30,000"
710517,昱展國票62購01,---,---,---,---,---,0
710518,茂迪國票62購01,---,---,---,---,---,0
710519,訊聯國票62購01,---,---,---,---,---,0
710520,博士旺國票61購01,---,---,---,---,---,0
710521,精星國票62購01,---,---,---,---,---,0
710522,雙鴻國票62購01,---,---,---,---,---,0
710523,譜瑞國票62購01,0.91,+0.11,0.87,0.91,0.86,"207,000"
710524,元太中信61購01,---,---,---,---,---,0
710525,久元永豐64購01,---,---,---,---,---,0
710526,大江永豐61購01,0.86,+0.04,0.82,0.86,0.82,"31,000"
710527,元太永豐61購02,1.07,+0.01,1.09,1.09,1.07,"130,000"
710528,元太永豐61購03,---,---,---,---,---,0
710529,邑錡永豐64購01,0.98,+0.09,0.95,0.98,0.95,"32,000"
710530,威剛永豐61購04,0.79,+0.02,0.79,0.79,0.79,"342,000"
710531,威剛永豐61購05,0.89,+0.05,0.86,0.89,0.86,"223,000"
710532,鈊象永豐65購01,1.18,+0.03,1.18,1.18,1.18,"105,000"
710533,勤凱永豐65購01,0.44,+0.10,0.44,0.44,0.44,"20,000"
710534,新普永豐61購01,1.30,+0.02,1.32,1.35,1.28,"115,000"
710535,譜瑞永豐61購01,0.83,+0.16,0.76,0.83,0.74,"4,175,000"
710536,譜瑞永豐61購02,0.63,+0.14,0.63,0.63,0.63,"21,000"
710537,譜瑞永豐61購03,0.52,+0.10,0.52,0.52,0.52,"21,000"
710538,譜瑞永豐61購04,1.13,+0.30,1.09,1.13,1.09,"41,000"
710539,譜瑞永豐64購01,1.31,+0.17,1.23,1.31,1.23,"709,000"
710540,譜瑞永豐64購02,1.16,+0.12,1.10,1.16,1.10,"242,000"
710541,譜瑞永豐67購01,1.64,+0.17,1.54,1.64,1.54,"83,000"
710542,久元國泰62購01,---,---,---,---,---,0
710543,久元國泰62購02,---,---,---,---,---,0
710544,中光電國泰62購01,2.26,+0.71,2.10,2.30,2.08,"728,000"
710545,巨有國泰62購01,0.60,+0.05,0.60,0.60,0.60,"20,000"
710546,竹陞國泰62購01,2.26,+0.51,1.63,2.26,1.63,"66,000"
710547,青雲國泰62購01,0.65,+0.06,0.68,0.68,0.65,"230,000"
710548,青雲國泰62購02,---,---,---,---,---,0
710549,智通*國泰62購01,1.06,-0.02,1.05,1.13,1.05,"275,000"
710550,元太富邦64購01,0.57,+0.01,0.58,0.60,0.57,"394,000"
710551,安勤富邦62購01,0.66,+0.08,0.64,0.67,0.63,"293,000"
710552,譜瑞富邦63購01,0.65,+0.10,0.61,0.66,0.60,"592,000"
710553,譜瑞富邦64購01,0.74,+0.09,0.69,0.75,0.69,"4,720,000"
710554,宜鼎中信61購02,0.46,+0.09,0.46,0.46,0.46,"36,000"
710555,中光電永豐61購02,1.06,+0.23,1.06,1.06,1.06,"20,000"
710556,竹陞永豐61購01,1.34,+0.18,1.34,1.34,1.34,"1,000"
710557,竹陞永豐64購01,---,---,---,---,---,0
710558,竹陞永豐65購01,0.94,+0.07,0.95,0.97,0.94,"25,000"
710559,均豪永豐64購01,---,---,---,---,---,0
710560,宏捷科永豐61購01,0.72,+0.14,0.73,0.73,0.72,"75,000"
710561,宜鼎永豐61購03,0.87,+0.07,0.93,0.93,0.87,"164,000"
710562,宜鼎永豐64購02,---,---,---,---,---,0
710563,威剛永豐61購06,0.79,+0.02,0.77,0.79,0.77,"162,000"
710564,威剛永豐61購07,0.65,0.00,0.65,0.65,0.65,"58,000"
710565,茂達永豐61購02,---,---,---,---,---,0
710566,家登永豐61購02,1.15,+0.11,1.17,1.18,1.15,"148,000"
710567,富喬永豐61購03,---,---,---,---,---,0
710568,富喬永豐66購02,---,---,---,---,---,0
710569,群翊永豐61購01,---,---,---,---,---,0
710570,群聯永豐61購02,---,---,---,---,---,0
710571,群聯永豐61購03,---,---,---,---,---,0
710572,群聯永豐65購06,---,---,---,---,---,0
710573,雙鴻永豐61購05,0.92,+0.12,0.92,0.92,0.92,"65,000"
710574,雙鴻永豐66購02,---,---,---,---,---,0
710575,雙鴻永豐67購01,1.22,+0.12,1.20,1.22,1.20,"79,000"
710576,中光電元大61購01,1.66,+0.19,1.66,1.66,1.66,"499,000"
710577,中光電元大61購02,1.80,+0.32,1.81,1.81,1.61,"128,000"
710578,中光電元大61購03,2.00,+0.36,1.98,2.00,1.78,"2,167,000"
710579,世界元大64購08,0.63,+0.09,0.62,0.66,0.62,"31,000"
710580,世界元大66購05,0.38,+0.01,0.39,0.40,0.38,"1,257,000"
710581,均豪元大61購01,---,---,---,---,---,0
710582,宏捷科元大67購01,0.94,+0.05,1.00,1.00,0.94,"266,000"
710583,佳邦元大61購01,---,---,---,---,---,0
710584,欣銓元大61購01,0.97,+0.12,0.96,0.97,0.92,"723,000"
710585,原相元大61購01,1.20,+0.07,1.20,1.21,1.20,"593,000"
710586,富喬元大64購03,---,---,---,---,---,0
710587,富喬元大65購03,0.49,+0.11,0.49,0.49,0.49,"50,000"
710588,群聯元大64購06,1.03,+0.08,1.02,1.03,1.02,"546,000"
710589,臺慶科元大61購02,0.56,+0.04,0.56,0.56,0.56,"9,000"
710590,中美晶群益64購01,0.70,-0.05,0.84,0.84,0.68,"374,000"
710591,竹陞群益61購01,0.72,+0.19,0.59,0.72,0.59,"42,000"
710592,均豪群益61購01,---,---,---,---,---,0
710593,佳邦群益61購01,---,---,---,---,---,0
710594,宜特群益61購01,1.72,+0.03,1.83,1.83,1.72,"1,052,000"
710595,青雲群益62購01,2.10,+0.15,2.17,2.17,2.10,"496,000"
710596,臺慶科群益61購01,---,---,---,---,---,0
710597,中美晶國泰63購01,1.38,-0.10,1.38,1.38,1.38,"5,000"
710598,家登國泰62購01,0.76,+0.10,0.76,0.76,0.76,"66,000"
710599,凡甲富邦63購02,0.67,+0.01,0.68,0.68,0.66,"348,000"
710600,中光電富邦63購01,0.82,+0.10,0.83,0.83,0.77,"41,000"
710601,宏觀富邦63購01,0.35,+0.02,0.36,0.36,0.35,"85,000"
710602,茂達富邦63購01,---,---,---,---,---,0
710603,耕興富邦63購01,0.69,+0.03,0.68,0.69,0.67,"569,000"
710604,湧德富邦63購01,0.63,+0.05,0.61,0.63,0.60,"757,000"
710605,中光電凱基61購02,0.94,+0.21,0.93,0.94,0.93,"30,000"
710606,巨有凱基61購01,0.20,+0.02,0.20,0.20,0.20,"10,000"
710607,宜鼎凱基61購01,0.48,+0.05,0.52,0.52,0.46,"423,000"
710608,富喬凱基61購04,---,---,---,---,---,0
710609,臺慶科凱基61購02,0.23,+0.04,0.19,0.23,0.19,"25,000"
710610,雙鴻凱基64購01,1.32,+0.08,1.33,1.33,1.32,"55,000"
710611,中美晶台新61購02,1.51,-0.06,1.73,1.82,1.51,"72,000"
710612,宜特台新61購02,---,---,---,---,---,0
710613,宜鼎台新61購03,0.97,+0.15,1.00,1.02,0.97,"508,000"
710614,原相台新61購01,1.43,+0.07,1.42,1.43,1.42,"21,000"
710615,原相台新61購02,---,---,---,---,---,0
710616,原相台新61購03,0.92,+0.05,0.92,0.92,0.92,"33,000"
710617,鈊象台新61購01,1.28,+0.07,1.28,1.28,1.28,"11,000"
710618,群聯台新61購01,0.96,+0.03,0.98,0.98,0.96,"40,000"
710619,九暘元大61購01,---,---,---,---,---,0
710620,中光電元大61購04,1.22,+0.21,1.14,1.25,1.14,"999,000"
710621,台嘉碩元大61購01,---,---,---,---,---,0
710622,安可元大61購01,---,---,---,---,---,0
710623,竹陞元大61購01,---,---,---,---,---,0
710624,宜鼎元大61購06,1.03,+0.08,1.05,1.36,1.00,"836,000"
710625,松上元大61購01,0.48,+0.03,0.48,0.49,0.48,"30,000"
710626,品安元大61購01,0.48,+0.06,0.48,0.48,0.48,"5,000"
710627,茂達元大61購01,---,---,---,---,---,0
710628,晟田元大61購01,2.88,+0.59,2.34,2.90,2.34,"40,000"
710629,堡達元大61購01,0.41,0.00,0.43,0.43,0.41,"70,000"
710630,富喬元大61購08,---,---,---,---,---,0
710631,富喬元大64購04,---,---,---,---,---,0
710632,碩禾元大61購03,---,---,---,---,---,0
710633,臺慶科元大64購01,0.78,+0.03,0.80,0.80,0.78,"26,000"
710634,臺慶科元大67購01,0.61,+0.02,0.62,0.63,0.61,"305,000"
710636,川寶國票65購01,0.45,-0.02,0.47,0.47,0.45,"15,000"
710637,中美晶國票61購04,0.62,+0.09,0.62,0.62,0.62,"125,000"
710638,中裕國票65購01,---,---,---,---,---,0
710639,日揚國票65購01,0.54,-0.07,0.54,0.54,0.54,"20,000"
710640,安可國票61購01,---,---,---,---,---,0
710641,金雨國票65購01,---,---,---,---,---,0
710642,品安國票65購01,---,---,---,---,---,0
710643,威潤國票65購01,---,---,---,---,---,0
710644,茂達國票65購01,0.81,-0.03,0.88,0.88,0.81,"127,000"
710645,泰藝國票61購01,---,---,---,---,---,0
710646,晟田國票61購01,1.78,+0.29,1.65,1.78,1.65,"216,000"
710647,崇越電國票65購01,0.50,+0.02,0.50,0.50,0.50,"50,000"
710648,富強鑫國票65購01,---,---,---,---,---,0
710649,瑞耘國票65購01,---,---,---,---,---,0
710650,精拓科國票65購01,---,---,---,---,---,0
710651,廣積國票65購01,1.37,+0.34,1.08,1.37,1.08,"56,000"
710652,璟德國票65購01,0.68,-0.04,0.68,0.68,0.68,"1,000"
710653,中光電群益61購01,---,---,---,---,---,0
710654,中美晶群益63購01,1.01,+0.10,1.01,1.01,1.01,"27,000"
710655,世紀*群益62購01,---,---,---,---,---,0
710656,台嘉碩群益61購01,---,---,---,---,---,0
710657,台嘉碩群益61購02,---,---,---,---,---,0
710658,巨漢群益61購01,0.69,+0.07,0.69,0.69,0.66,"56,000"
710659,宜鼎群益61購01,1.07,+0.09,1.08,1.11,1.07,"274,000"
710660,東浦群益61購01,---,---,---,---,---,0
710661,東浦群益61購02,---,---,---,---,---,0
710662,國眾群益64購01,---,---,---,---,---,0
710663,堡達群益61購01,---,---,---,---,---,0
710664,晶宏群益61購01,0.85,+0.08,0.79,0.85,0.79,"15,000"
710665,陽程群益61購01,0.73,+0.11,0.67,0.73,0.66,"235,000"
710666,九暘凱基61購01,---,---,---,---,---,0
710667,川寶凱基61購01,0.51,-0.43,1.40,1.40,0.48,"425,000"
710668,中美晶凱基61購06,1.12,+0.03,1.12,1.12,1.12,"20,000"
710669,日揚凱基61購01,0.59,-0.10,0.62,0.62,0.59,"122,000"
710670,世界凱基66購01,---,---,---,---,---,0
710671,加高凱基61購01,0.33,+0.02,0.33,0.33,0.33,"100,000"
710672,加高凱基61購02,---,---,---,---,---,0
710673,台嘉碩凱基61購01,0.32,+0.03,0.32,0.32,0.32,"150,000"
710674,台嘉碩凱基61購02,---,---,---,---,---,0
710675,全宇昕凱基61購01,0.42,-0.03,0.45,0.45,0.42,"20,000"
710676,邑錡凱基61購01,0.56,+0.05,0.58,0.58,0.55,"37,000"
710677,奇鈦科凱基61購01,0.46,+0.09,0.42,0.46,0.42,"13,000"
710678,東浦凱基61購01,---,---,---,---,---,0
710679,杰力凱基61購01,0.65,-0.05,0.71,0.74,0.65,"68,000"
710680,茂達凱基61購01,---,---,---,---,---,0
710681,泰藝凱基61購01,---,---,---,---,---,0
710682,高僑凱基61購01,0.38,+0.02,0.38,0.38,0.38,"20,000"
710683,崇越電凱基61購01,---,---,---,---,---,0
710684,堡達凱基61購01,0.36,+0.02,0.36,0.36,0.36,"11,000"
710685,晶宏凱基61購01,0.75,+0.09,0.77,0.77,0.75,"85,000"
710686,越峰凱基61購01,---,---,---,---,---,0
710687,陽程凱基61購02,0.28,-0.17,0.67,0.67,0.28,"13,000"
710688,碩禾凱基61購01,0.48,+0.02,0.50,0.50,0.47,"222,000"
710689,中光電台新61購01,1.31,+0.33,1.22,1.31,1.22,"49,000"
710690,中光電台新61購02,1.13,+0.27,0.86,1.13,0.86,"47,000"
710691,中美晶台新61購03,0.79,-0.02,0.91,0.96,0.79,"126,000"
710692,中美晶台新63購02,0.81,0.00,0.96,0.96,0.79,"81,000"
710693,世界台新61購01,0.42,+0.03,0.47,0.51,0.42,"165,000"
710694,台嘉碩台新61購01,0.51,-0.02,0.54,0.54,0.51,"523,000"
710695,台嘉碩台新61購02,0.41,+0.01,0.41,0.41,0.41,"2,270,000"
710696,巨漢台新61購01,---,---,---,---,---,0
710697,巨漢台新61購02,---,---,---,---,---,0
710698,全宇昕台新61購01,0.47,-0.01,0.52,0.52,0.47,"70,000"
710699,欣銓台新61購01,0.64,+0.10,0.64,0.64,0.64,"19,000"
710700,欣銓台新61購02,0.69,+0.09,0.70,0.70,0.69,"49,000"
710701,威剛台新61購02,0.92,+0.06,0.92,0.92,0.92,"38,000"
710702,家登台新61購01,---,---,---,---,---,0
710703,家登台新64購01,---,---,---,---,---,0
710704,威剛中信61購01,---,---,---,---,---,0
710705,九暘永豐61購01,0.28,+0.02,0.28,0.28,0.28,"5,000"
710706,久禾光永豐61購01,---,---,---,---,---,0
710707,川寶永豐61購01,0.42,-0.38,0.41,0.42,0.41,"60,000"
710708,加高永豐61購01,0.37,-0.04,0.37,0.37,0.37,"20,000"
710709,台嘉碩永豐61購01,---,---,---,---,---,0
710710,巨漢永豐61購01,---,---,---,---,---,0
710711,立盈永豐61購01,---,---,---,---,---,0
710712,全宇昕永豐61購01,---,---,---,---,---,0
710713,利機永豐61購01,---,---,---,---,---,0
710714,良維永豐61購01,---,---,---,---,---,0
710715,奇鈦科永豐61購01,0.40,+0.05,0.36,0.40,0.36,"162,000"
710716,奇鈦科永豐61購02,0.41,+0.04,0.39,0.41,0.38,"159,000"
710717,東浦永豐61購01,---,---,---,---,---,0
710718,杰力永豐61購01,0.57,+0.07,0.57,0.59,0.57,"142,000"
710719,欣銓永豐64購02,0.79,+0.08,0.79,0.79,0.79,"107,000"
710720,信音永豐61購01,---,---,---,---,---,0
710721,泰藝永豐61購01,---,---,---,---,---,0
710722,泰藝永豐61購02,---,---,---,---,---,0
710723,崇越電永豐61購01,0.55,+0.03,0.55,0.55,0.55,"5,000"
710724,崇越電永豐61購02,---,---,---,---,---,0
710725,堡達永豐61購01,---,---,---,---,---,0
710726,堡達永豐64購01,0.39,-0.01,0.39,0.39,0.39,"110,000"
710727,晶宏永豐61購01,0.96,+0.09,0.89,0.96,0.89,"146,000"
710728,華洋永豐61購01,---,---,---,---,---,0
710729,越峰永豐61購01,---,---,---,---,---,0
710730,陽程永豐61購01,0.58,+0.14,0.53,0.58,0.51,"347,000"
710731,碩禾永豐61購01,0.40,+0.02,0.39,0.40,0.39,"188,000"
710732,精星永豐61購01,0.78,+0.02,0.78,0.78,0.78,"16,000"
710733,寬魚永豐61購01,---,---,---,---,---,0
710734,寬魚永豐61購02,---,---,---,---,---,0
710735,威剛國泰62購01,---,---,---,---,---,0
710736,立碁富邦61購01,1.32,-0.02,1.51,1.51,1.32,"341,000"
710737,均豪富邦61購02,---,---,---,---,---,0
710738,中光電國票61購02,1.58,+0.27,1.58,1.58,1.58,"10,000"
710739,中美晶國票65購01,1.02,-0.03,1.12,1.12,1.02,"11,000"
710740,竹陞國票65購01,0.87,+0.16,0.82,0.87,0.82,"50,000"
710741,松上國票61購01,0.30,+0.02,0.29,0.30,0.29,"2,000"
710742,欣銓國票61購03,0.63,+0.08,0.63,0.63,0.63,"36,000"
710743,青雲國票61購01,1.18,+0.05,1.25,1.25,1.18,"631,000"
710744,盈正國票65購01,---,---,---,---,---,0
710745,茂達國票65購02,---,---,---,---,---,0
710746,家登國票61購01,---,---,---,---,---,0
710747,堡達國票61購01,---,---,---,---,---,0
710748,翔名國票65購01,0.66,+0.01,0.66,0.66,0.66,"20,000"
710749,華洋國票65購01,0.48,+0.05,0.50,0.50,0.48,"144,000"
710750,勤凱國票61購01,---,---,---,---,---,0
710751,頎邦國票65購01,0.65,+0.18,0.54,0.65,0.54,"330,000"
710752,璟德國票61購01,---,---,---,---,---,0
710753,擎邦國票61購01,---,---,---,---,---,0
710754,耀穎國票65購01,0.36,+0.04,0.36,0.36,0.36,"15,000"
710755,大中元大61購01,---,---,---,---,---,0
710756,大中元大67購01,---,---,---,---,---,0
710757,加高元大61購01,0.53,-0.03,0.53,0.53,0.53,"30,000"
710758,佳邦元大61購02,---,---,---,---,---,0
710759,茂達元大61購02,---,---,---,---,---,0
710760,泰藝元大61購01,---,---,---,---,---,0
710761,華景電元大64購01,0.91,+0.04,0.90,0.92,0.90,"222,000"
710762,聖暉*元大61購02,0.33,+0.03,0.33,0.34,0.33,"656,000"
710763,頎邦元大61購01,0.70,+0.16,0.70,0.70,0.70,"1,000"
710764,璟德元大61購02,---,---,---,---,---,0
710765,大中凱基61購01,---,---,---,---,---,0
710766,竹陞凱基61購02,---,---,---,---,---,0
710767,宜特凱基61購03,---,---,---,---,---,0
710768,欣銓凱基61購02,---,---,---,---,---,0
710769,茂達凱基61購02,---,---,---,---,---,0
710770,富喬凱基61購05,---,---,---,---,---,0
710771,聖暉*凱基61購02,---,---,---,---,---,0
710772,璟德凱基64購01,0.60,-0.03,0.59,0.60,0.59,"24,000"
710773,中美晶永豐61購01,0.88,+0.05,0.92,0.94,0.88,"202,000"
710774,中美晶永豐61購02,0.52,-0.06,0.61,0.61,0.52,"321,000"
710775,元太永豐61購04,1.01,-0.01,1.04,1.05,1.01,"107,000"
710776,台嘉碩永豐61購02,---,---,---,---,---,0
710777,竹陞永豐63購01,---,---,---,---,---,0
710778,宜鼎永豐66購01,1.19,+0.18,1.19,1.19,1.19,"50,000"
710779,昇佳電永豐61購01,0.68,+0.05,0.64,0.68,0.64,"47,000"
710780,茂達永豐64購01,---,---,---,---,---,0
710781,能率亞永豐61購01,0.95,+0.10,0.91,0.95,0.91,"22,000"
710782,高僑永豐61購01,0.34,+0.06,0.34,0.34,0.34,"38,000"
710783,閎康永豐61購02,---,---,---,---,---,0
710784,新漢永豐61購01,0.90,+0.15,0.87,0.90,0.87,"15,000"
710785,頎邦永豐61購02,0.45,+0.14,0.38,0.45,0.38,"21,000"
710786,頎邦永豐64購01,---,---,---,---,---,0
710787,璟德永豐61購02,0.46,-0.01,0.46,0.46,0.46,"10,000"
710789,大中台新61購02,---,---,---,---,---,0
710790,巨有台新61購01,---,---,---,---,---,0
710791,立碁台新61購01,1.63,-0.01,1.84,1.84,1.63,"283,000"
710792,竹陞台新61購02,---,---,---,---,---,0
710793,宜鼎台新61購04,---,---,---,---,---,0
710794,晟田台新61購01,1.34,+0.32,1.32,1.34,1.32,"33,000"
710795,新漢台新61購01,0.74,+0.15,0.68,0.74,0.68,"33,000"
710796,新漢台新64購01,---,---,---,---,---,0
710797,群聯台新61購02,1.61,+0.07,1.62,1.64,1.59,"137,000"
710798,中美晶富邦61購02,0.61,+0.01,0.61,0.61,0.61,"20,000"
710799,欣銓富邦61購01,---,---,---,---,---,0
710800,陽程富邦61購01,0.53,+0.11,0.48,0.53,0.47,"666,000"
710801,頎邦富邦63購01,0.42,+0.07,0.41,0.44,0.41,"285,000"
710802,頎邦富邦64購01,---,---,---,---,---,0
710803,久元群益63購01,---,---,---,---,---,0
710804,大中群益61購01,---,---,---,---,---,0
710805,中美晶群益61購01,2.33,-0.25,3.12,3.12,2.33,"846,000"
710806,世界群益61購02,1.16,+0.15,1.27,1.27,1.16,"484,000"
710807,台特化群益61購01,0.99,+0.18,0.99,0.99,0.99,"10,000"
710808,均豪群益61購02,1.24,+0.13,1.24,1.24,1.24,"36,000"
710809,良維群益61購03,---,---,---,---,---,0
710810,杰力群益61購01,0.73,-0.01,0.78,0.79,0.73,"311,000"
710811,威剛群益61購04,0.94,+0.02,0.94,0.94,0.94,"30,000"
710812,茂達群益61購01,---,---,---,---,---,0
710813,能率群益61購01,0.96,+0.08,0.91,0.96,0.91,"2,000"
710814,翔名群益61購01,---,---,---,---,---,0
710815,鈊象群益64購01,---,---,---,---,---,0
710816,群聯群益67購02,---,---,---,---,---,0
710817,頎邦群益61購01,0.46,+0.10,0.46,0.46,0.46,"26,000"
710818,頎邦群益61購02,0.39,+0.08,0.39,0.39,0.39,"99,000"
710819,雙鴻群益61購01,1.79,-0.04,1.81,1.93,1.77,"595,000"
710820,中光電凱基61購03,---,---,---,---,---,0
710821,世紀*凱基61購02,---,---,---,---,---,0
710822,良維凱基61購02,0.85,0.00,0.85,0.85,0.85,"10,000"
710823,昇佳電凱基61購01,0.71,+0.07,0.71,0.71,0.71,"10,000"
710824,家登凱基61購01,---,---,---,---,---,0
710825,翔名凱基61購01,0.33,+0.04,0.32,0.33,0.32,"119,000"
710826,頎邦凱基61購01,0.01,-0.26,0.01,0.01,0.01,"30,000"
710827,精材凱基61購06,1.60,+0.43,1.60,1.60,1.60,"1,000"
710828,竹陞台新61購03,---,---,---,---,---,0
710829,朋程台新61購01,0.50,+0.06,0.49,0.50,0.49,"192,000"
710830,朋程台新62購01,0.60,+0.09,0.58,0.60,0.58,"159,000"
710831,朋程台新63購01,---,---,---,---,---,0
710832,朋程台新64購01,0.83,+0.12,0.83,0.83,0.83,"37,000"
710833,博大台新61購01,0.82,+0.13,0.83,0.84,0.82,"156,000"
710834,群聯台新61購03,---,---,---,---,---,0
710835,群聯台新67購01,---,---,---,---,---,0
710836,群聯台新67購02,---,---,---,---,---,0
710837,頎邦台新61購01,0.58,+0.20,0.50,0.58,0.50,"120,000"
710838,頎邦台新61購02,0.48,+0.13,0.45,0.48,0.45,"641,000"
710839,驊訊台新61購01,0.46,+0.02,0.47,0.47,0.46,"80,000"
710840,驊訊台新61購02,---,---,---,---,---,0
710841,力致永豐61購01,---,---,---,---,---,0
710842,中美晶永豐65購02,1.22,+0.04,1.22,1.22,1.22,"20,000"
710843,世紀*永豐61購01,---,---,---,---,---,0
710844,神準永豐65購01,---,---,---,---,---,0
710845,翔名永豐61購01,0.50,+0.06,0.50,0.50,0.50,"14,000"
710846,翔名永豐65購01,---,---,---,---,---,0
710847,榮剛永豐61購01,---,---,---,---,---,0
710848,榮剛永豐61購02,0.72,+0.01,0.72,0.72,0.72,"2,000"
710849,九暘國票65購01,---,---,---,---,---,0
710850,大中國票61購01,---,---,---,---,---,0
710851,中菲行國票65購01,---,---,---,---,---,0
710852,友威科國票65購01,0.41,+0.04,0.41,0.42,0.41,"280,000"
710853,全宇昕國票65購01,0.34,-0.01,0.35,0.35,0.34,"98,000"
710854,竹陞國票66購01,0.59,+0.08,0.59,0.59,0.59,"30,000"
710855,邑錡國票61購01,---,---,---,---,---,0
710856,邑錡國票63購01,0.58,+0.05,0.58,0.58,0.58,"10,000"
710857,尚凡*國票65購01,---,---,---,---,---,0
710858,易發國票65購01,---,---,---,---,---,0
710859,昇佳電國票65購01,0.43,+0.02,0.44,0.44,0.43,"166,000"
710860,佶優國票61購01,---,---,---,---,---,0
710861,佶優國票63購01,---,---,---,---,---,0
710862,茂訊國票65購01,0.73,+0.06,0.73,0.73,0.73,"4,000"
710863,原相國票61購01,0.99,+0.14,0.99,0.99,0.99,"50,000"
710864,振曜國票65購01,0.46,+0.03,0.46,0.46,0.46,"2,000"
710865,泰詠國票65購01,---,---,---,---,---,0
710866,健喬國票65購01,0.65,0.00,0.64,0.65,0.64,"26,000"
710867,國眾國票65購01,---,---,---,---,---,0
710868,博大國票65購01,---,---,---,---,---,0
710869,普萊德國票65購01,---,---,---,---,---,0
710870,晶宏國票65購01,---,---,---,---,---,0
710871,越峰國票65購01,---,---,---,---,---,0
710872,萬泰科國票61購02,---,---,---,---,---,0
710873,碩禾國票65購01,0.35,+0.01,0.35,0.35,0.35,"499,000"
710874,聚和國票61購02,---,---,---,---,---,0
710875,鐿鈦國票65購01,---,---,---,---,---,0
710876,竹陞國泰63購01,0.87,+0.17,0.82,0.88,0.80,"25,000"
710877,青雲國泰62購03,1.40,+0.17,1.41,1.44,1.38,"114,000"
710878,茂達國泰62購01,0.66,-0.01,0.73,0.73,0.66,"89,000"
710879,精材國泰62購01,1.81,+0.17,1.81,1.81,1.81,"5,000"
710880,大中富邦61購01,---,---,---,---,---,0
710881,宜鼎富邦61購02,0.45,+0.08,0.47,0.47,0.45,"396,000"
710882,中光電群益61購02,---,---,---,---,---,0
710883,宜鼎群益61購02,0.91,+0.08,0.94,0.94,0.91,"89,000"
710884,宜鼎群益61購03,0.79,+0.13,0.80,0.80,0.79,"300,000"
710885,威剛群益61購05,0.83,+0.02,0.87,0.87,0.83,"182,000"
710886,建榮群益62購01,0.48,+0.17,0.46,0.48,0.45,"52,000"
710887,群聯群益67購03,2.30,-0.02,2.40,2.40,2.30,"434,000"
710888,精材群益64購01,0.81,+0.05,0.84,0.95,0.80,"65,000"
710889,精剛群益61購01,0.59,+0.01,0.59,0.59,0.59,"1,000"
710890,精剛群益61購02,---,---,---,---,---,0
710891,聚和群益61購01,0.70,+0.07,0.70,0.70,0.70,"7,000"
710892,雙鴻群益61購02,2.41,+0.17,2.58,2.58,2.37,"511,000"
710893,中美晶元大64購01,1.36,-0.08,1.52,1.58,1.36,"155,000"
710894,中美晶元大66購04,1.20,-0.09,1.27,1.30,1.20,"271,000"
710895,台嘉碩元大61購02,---,---,---,---,---,0
710896,均豪元大61購02,0.43,+0.04,0.43,0.43,0.43,"150,000"
710897,宜特元大65購01,1.03,+0.02,1.05,1.05,1.03,"97,000"
710898,宜特元大67購02,0.95,-0.01,0.95,0.95,0.95,"200,000"
710899,欣銓元大61購02,0.82,+0.11,0.78,0.82,0.78,"310,000"
710900,家登元大61購02,1.04,+0.12,1.02,1.05,0.99,"769,000"
710901,能率元大61購02,---,---,---,---,---,0
710902,臺慶科元大64購02,0.85,+0.06,0.85,0.85,0.85,"6,000"
710903,鑫科元大61購01,---,---,---,---,---,0
710904,太普高國票65購01,0.34,+0.02,0.34,0.34,0.34,"6,000"
710905,安碁國票61購01,---,---,---,---,---,0
710906,利機國票61購01,---,---,---,---,---,0
710907,杰力國票65購01,0.50,+0.04,0.53,0.53,0.50,"73,000"
710908,倉和國票65購01,1.14,+0.12,1.21,1.21,1.05,"204,000"
710909,晟田國票61購02,1.29,+0.19,1.17,1.33,1.16,"54,000"
710910,創泓國票61購01,1.31,+0.06,1.37,1.37,1.29,"91,000"
710911,博大國票61購01,---,---,---,---,---,0
710912,新普國票65購01,0.56,+0.03,0.56,0.56,0.56,"26,000"
710913,聖暉*國票65購01,0.39,+0.01,0.39,0.39,0.39,"55,000"
710914,類比科國票61購01,0.55,+0.09,0.59,0.59,0.55,"14,000"
710916,驊訊國票61購01,---,---,---,---,---,0
710917,大中凱基61購02,0.23,+0.05,0.23,0.23,0.23,"30,000"
710918,中美晶凱基66購01,0.93,-0.03,0.93,0.93,0.93,"30,000"
710919,台嘉碩凱基61購03,---,---,---,---,---,0
710920,宏觀凱基61購04,0.51,+0.04,0.50,0.51,0.50,"40,000"
710921,宜鼎凱基61購02,0.79,+0.07,0.83,0.84,0.78,"1,010,000"
710922,欣銓凱基61購03,---,---,---,---,---,0
710923,威剛凱基61購03,1.30,+0.06,1.30,1.30,1.30,"10,000"
710924,茂達凱基61購03,0.37,+0.02,0.37,0.37,0.37,"10,000"
710925,博大凱基61購01,0.55,+0.12,0.55,0.55,0.55,"10,000"
710926,群聯凱基61購07,1.04,+0.04,1.08,1.10,1.04,"144,000"
710927,雙鴻凱基61購05,1.70,+0.13,1.72,1.80,1.70,"40,000"
710928,大中群益61購02,0.34,+0.14,0.35,0.35,0.34,"40,000"
710929,中光電群益61購03,---,---,---,---,---,0
710930,欣銓群益61購01,---,---,---,---,---,0
710931,茂達群益61購02,---,---,---,---,---,0
710932,家登群益61購04,---,---,---,---,---,0
710933,新普群益61購01,---,---,---,---,---,0
710934,新普群益61購02,---,---,---,---,---,0
710935,精材群益64購02,1.11,+0.13,1.11,1.11,1.11,"20,000"
710936,中美晶國泰64購01,1.28,-0.06,1.51,1.55,1.28,"253,000"
710937,中光電富邦64購01,0.48,+0.07,0.48,0.48,0.48,"20,000"
710938,威剛富邦64購01,0.45,0.00,0.47,0.47,0.45,"15,000"
710939,茂達富邦63購02,---,---,---,---,---,0
710940,華電網富邦63購01,---,---,---,---,---,0
710941,萬泰科富邦63購02,---,---,---,---,---,0
710942,群聯中信67購01,0.40,+0.02,0.41,0.41,0.40,"15,000"
710943,中光電永豐61購03,0.43,+0.07,0.38,0.44,0.38,"213,000"
710944,艾訊永豐61購01,0.51,+0.13,0.41,0.51,0.41,"414,000"
710945,杰力永豐64購01,---,---,---,---,---,0
710946,長聖永豐61購01,0.61,+0.03,0.61,0.61,0.61,"6,000"
710947,威剛永豐61購08,0.75,+0.03,0.75,0.75,0.75,"125,000"
710948,威剛永豐64購03,0.96,+0.09,0.93,0.96,0.93,"113,000"
710949,茂達永豐65購01,0.46,+0.02,0.45,0.46,0.45,"15,000"
710950,倉和永豐61購01,1.66,+0.16,1.76,1.85,1.49,"216,000"
710951,倉和永豐64購01,2.21,+0.28,2.36,2.36,2.21,"60,000"
710952,宸曜永豐61購01,0.74,+0.13,0.62,0.74,0.62,"283,000"
710953,宸曜永豐67購01,1.30,+0.16,1.32,1.32,1.30,"10,000"
710954,耕興永豐61購01,0.65,+0.03,0.65,0.65,0.65,"8,000"
710955,博大永豐61購01,0.41,+0.06,0.41,0.41,0.41,"30,000"
710956,智通*永豐64購01,0.66,+0.06,0.62,0.66,0.62,"44,000"
710957,新普永豐61購02,0.57,0.00,0.61,0.61,0.57,"213,000"
710958,精剛永豐61購01,0.45,+0.01,0.45,0.45,0.45,"25,000"
710959,磐儀永豐61購01,1.07,+0.23,0.98,1.07,0.98,"102,000"
710960,中光電元大61購05,0.47,-0.22,0.53,0.53,0.47,"75,000"
710961,中美晶元大64購02,1.28,-0.07,1.46,1.48,1.28,"362,000"
710962,中美晶元大66購05,1.10,-0.06,1.24,1.29,1.10,"366,000"
710963,世紀*元大61購01,0.66,+0.01,0.66,0.66,0.66,"31,000"
710964,宜鼎元大61購07,0.89,+0.08,0.89,0.89,0.89,"172,000"
710965,晟田元大61購02,1.73,+0.37,1.56,1.75,1.56,"40,000"
710966,創惟元大61購01,0.94,+0.03,0.95,0.95,0.94,"140,000"
710967,晶焱元大61購01,---,---,---,---,---,0
710968,翔名元大61購01,0.60,+0.07,0.60,0.60,0.58,"431,000"
710969,群聯元大64購07,1.05,+0.04,1.06,1.07,1.05,"97,000"
710970,頎邦元大61購02,---,---,---,---,---,0
710971,譜瑞元大61購03,0.95,+0.14,0.88,0.96,0.88,"1,133,000"
710972,譜瑞元大65購03,0.97,+0.10,0.92,0.98,0.91,"297,000"
710973,久元台新61購01,---,---,---,---,---,0
710974,久元台新61購02,---,---,---,---,---,0
710975,大中台新61購03,---,---,---,---,---,0
710976,大中台新61購04,---,---,---,---,---,0
710977,中光電台新61購04,0.80,+0.18,0.75,0.80,0.75,"55,000"
710978,杰力台新61購01,0.51,-0.01,0.55,0.55,0.51,"56,000"
710979,宸曜台新61購01,1.65,+0.38,1.31,1.65,1.31,"896,000"
710980,博大台新61購02,0.63,+0.12,0.63,0.63,0.63,"185,000"
710981,博大台新61購03,---,---,---,---,---,0
710982,精材台新61購03,0.90,-0.04,1.13,1.13,0.90,"112,000"
710983,立敦凱基61購01,---,---,---,---,---,0
710984,均豪凱基61購01,---,---,---,---,---,0
710985,家登凱基61購02,---,---,---,---,---,0
710986,振曜凱基61購01,0.60,+0.07,0.60,0.60,0.60,"8,000"
710987,華景電凱基64購01,0.79,+0.10,0.79,0.79,0.79,"80,000"
710988,新普凱基61購01,---,---,---,---,---,0
710989,頎邦凱基61購02,0.01,-0.36,0.58,0.58,0.01,"40,000"
710990,精材凱基61購07,3.54,+0.55,3.51,3.54,3.51,"3,000"
710991,營邦凱基61購01,0.76,+0.04,0.76,0.76,0.76,"50,000"
710992,譜瑞凱基61購06,1.15,+0.08,1.17,1.19,1.15,"9,000"
710994,欣銓台新61購03,---,---,---,---,---,0
710995,群聯台新61購04,---,---,---,---,---,0
710996,大江國票65購01,0.71,+0.02,0.69,0.71,0.69,"73,000"
710997,大學光國票61購01,0.79,+0.09,0.71,0.79,0.71,"57,000"
710998,佰研國票65購01,---,---,---,---,---,0
710999,宜特國票61購01,---,---,---,---,---,0
711000,長聖國票65購01,---,---,---,---,---,0
711001,能率國票61購02,---,---,---,---,---,0
711002,廣積國票66購01,1.10,+0.18,0.98,1.10,0.98,"111,000"
711003,陽程群益61購02,0.51,+0.08,0.53,0.53,0.51,"64,000"
711004,系統電國泰62購01,---,---,---,---,---,0
711005,宜鼎國泰62購02,1.28,+0.16,1.28,1.28,1.28,"130,000"
711006,大中元大61購02,---,---,---,---,---,0
711007,大中元大66購01,---,---,---,---,---,0
711008,尼克森元大61購01,---,---,---,---,---,0
711009,巨有元大61購02,0.64,+0.05,0.64,0.64,0.64,"70,000"
711010,立敦元大61購01,0.93,+0.03,0.93,0.93,0.93,"10,000"
711011,立敦元大67購01,0.39,+0.03,0.39,0.39,0.39,"1,000"
711012,宜鼎元大61購08,0.75,+0.05,0.77,0.77,0.74,"4,173,000"
711013,宜鼎元大61購09,1.17,+0.07,1.22,1.22,1.16,"1,699,000"
711014,昇佳電元大61購01,0.51,+0.03,0.51,0.51,0.51,"100,000"
711015,朋程元大61購01,0.63,+0.07,0.63,0.63,0.63,"6,000"
711016,青雲元大61購01,1.43,+0.13,1.48,1.48,1.43,"146,000"
711017,美琪瑪元大61購01,---,---,---,---,---,0
711018,茂達元大61購03,---,---,---,---,---,0
711019,原相元大61購02,0.50,+0.03,0.49,0.50,0.49,"545,000"
711020,家登元大61購03,1.06,+0.10,1.07,1.09,1.05,"931,000"
711021,智通*元大61購01,0.46,+0.09,0.46,0.46,0.46,"10,000"
711022,群聯元大64購08,0.62,+0.03,0.64,0.64,0.62,"271,000"
711023,譜瑞元大61購04,1.72,+0.24,1.65,1.74,1.65,"82,000"
711024,中美晶統一65購01,0.43,-0.01,0.45,0.45,0.43,"2,000"
711025,均豪統一65購01,---,---,---,---,---,0
711026,朋程統一65購03,---,---,---,---,---,0
711027,茂訊統一67購01,---,---,---,---,---,0
711028,群聯統一67購01,---,---,---,---,---,0
711029,精材統一67購01,0.75,+0.08,0.72,0.76,0.72,"131,000"
711030,營邦統一67購01,0.67,+0.02,0.67,0.67,0.67,"106,000"
711031,中光電永豐61購04,1.05,+0.21,1.01,1.05,0.92,"107,000"
711032,中光電永豐61購05,0.80,+0.14,0.80,0.80,0.73,"22,000"
711033,立敦永豐61購02,---,---,---,---,---,0
711034,立敦永豐64購01,---,---,---,---,---,0
711035,立敦永豐64購02,---,---,---,---,---,0
711036,宜鼎永豐63購02,0.82,+0.08,0.86,0.86,0.82,"41,000"
711037,長聖永豐61購02,---,---,---,---,---,0
711038,原相永豐61購02,0.80,+0.08,0.78,0.80,0.78,"164,000"
711039,群聯永豐64購07,0.94,+0.10,0.92,0.94,0.92,"79,000"
711040,群聯永豐64購08,0.76,+0.10,0.75,0.76,0.75,"136,000"
711041,群聯永豐67購01,0.53,+0.07,0.53,0.53,0.53,"250,000"
711042,廣積永豐61購01,1.36,+0.47,1.00,1.36,1.00,"131,000"
711043,宜鼎中信61購03,0.48,+0.05,0.49,0.49,0.48,"67,000"
711044,群聯中信61購01,---,---,---,---,---,0
711045,大中凱基61購03,---,---,---,---,---,0
711046,台特化凱基61購01,1.13,+0.19,1.13,1.13,1.13,"4,000"
711047,巨有凱基61購02,---,---,---,---,---,0
711048,宜特凱基61購04,0.79,+0.01,0.86,0.87,0.79,"841,000"
711049,宜鼎凱基61購03,1.20,+0.21,1.21,1.21,1.17,"158,000"
711050,茂達凱基61購04,0.83,+0.04,0.83,0.83,0.83,"91,000"
711051,原相凱基61購02,1.03,+0.07,0.99,1.03,0.99,"106,000"
711052,智通*凱基61購01,0.52,+0.04,0.49,0.53,0.49,"80,000"
711053,順達凱基61購02,0.56,-0.01,0.62,0.65,0.56,"1,655,000"
711054,鈊象凱基61購03,1.83,+0.01,1.88,1.89,1.80,"213,000"
711055,群聯凱基64購04,1.71,+0.14,1.73,1.76,1.70,"115,000"
711056,精材凱基61購08,1.65,+0.41,1.65,1.65,1.65,"3,000"
711057,廣積凱基65購01,1.13,+0.10,1.13,1.13,1.13,"14,000"
711058,昱展台新61購01,---,---,---,---,---,0
711059,富喬台新61購01,0.70,+0.10,0.78,0.78,0.70,"823,000"
711060,艾訊群益61購01,0.72,+0.18,0.59,0.72,0.58,"722,000"
711061,家登群益61購05,---,---,---,---,---,0
711062,順達群益61購01,---,---,---,---,---,0
711063,群聯群益61購06,3.32,+0.03,3.42,3.45,3.32,"324,000"
711064,精材群益61購02,2.50,+0.09,2.74,3.93,2.50,"150,000"
711065,大樹國票65購01,0.76,-0.03,0.76,0.76,0.76,"3,000"
711066,公準國票65購01,0.50,+0.02,0.50,0.50,0.50,"23,000"
711067,加百裕國票61購01,---,---,---,---,---,0
711068,尼克森國票61購01,---,---,---,---,---,0
711069,正基國票65購01,0.57,+0.06,0.57,0.57,0.57,"10,000"
711070,艾訊國票61購02,0.68,+0.07,0.68,0.68,0.68,"7,000"
711071,宜鼎國票65購02,1.26,+0.08,1.30,1.30,1.23,"309,000"
711072,高僑國票65購01,---,---,---,---,---,0
711073,智崴國票65購01,0.53,0.00,0.54,0.54,0.53,"200,000"
711074,僑威國票65購01,0.62,0.00,0.62,0.62,0.62,"60,000"
711075,廣明國票65購01,---,---,---,---,---,0
711076,撼訊國票65購01,---,---,---,---,---,0
711077,中美晶元大61購03,0.87,-0.06,1.08,1.08,0.87,"373,000"
711078,台嘉碩元大61購03,0.97,+0.07,0.97,0.97,0.97,"450,000"
711079,宜鼎元大61購10,1.09,+0.09,1.06,1.11,1.06,"2,844,000"
711080,智通*元大61購02,0.52,+0.03,0.52,0.57,0.52,"216,000"
711081,群聯元大61購14,0.91,+0.05,0.93,0.95,0.91,"2,793,000"
711082,臺慶科元大61購03,0.32,-0.03,0.42,0.42,0.32,"22,000"
711083,世界國泰62購01,0.98,+0.12,0.98,0.98,0.98,"119,000"
711084,博大國泰62購01,0.83,+0.17,0.83,0.83,0.83,"54,000"
711085,陽程國泰62購01,1.44,+0.31,1.32,1.44,1.32,"88,000"
711086,群聯國泰62購03,---,---,---,---,---,0
711087,精材國泰62購02,1.81,+0.13,2.23,2.23,1.81,"3,000"
711088,中美晶富邦61購03,0.47,-0.03,0.58,0.58,0.47,"427,000"
711089,立碁富邦64購01,1.06,-0.03,1.21,1.21,1.06,"431,000"
711090,翔名富邦61購01,0.38,+0.03,0.38,0.38,0.38,"67,000"
711091,陽程富邦61購02,0.41,+0.08,0.37,0.41,0.37,"486,000"
711092,精材富邦61購01,0.88,+0.13,0.88,0.88,0.88,"20,000"
711093,精材中信61購02,0.51,+0.01,0.57,0.57,0.51,"5,000"
711094,千附永豐61購01,---,---,---,---,---,0
711095,千附永豐61購02,1.10,+0.03,1.10,1.10,1.10,"10,000"
711096,立端永豐61購01,0.74,+0.05,0.71,0.76,0.71,"537,000"
711097,松瑞藥永豐61購01,0.85,+0.02,0.83,0.85,0.79,"213,000"
711098,磐儀永豐61購02,0.98,+0.13,0.95,1.10,0.95,"40,000"
711099,千附精統一67購01,---,---,---,---,---,0
711100,大中統一65購02,---,---,---,---,---,0
711101,大中統一6C購01,---,---,---,---,---,0
711102,中裕統一69購01,---,---,---,---,---,0
711103,世界統一67購01,---,---,---,---,---,0
711104,台嘉碩統一67購01,0.50,+0.02,0.50,0.50,0.50,"94,000"
711105,台嘉碩統一6C購01,---,---,---,---,---,0
711106,尼克森統一65購01,---,---,---,---,---,0
711107,巨有統一6C購01,0.48,+0.03,0.48,0.48,0.48,"1,000"
711108,朋程統一65購04,---,---,---,---,---,0
711109,杰力統一6C購01,0.52,+0.04,0.52,0.52,0.52,"195,000"
711110,青雲統一69購01,0.79,+0.03,0.81,0.81,0.79,"92,000"
711111,青雲統一6C購01,0.62,+0.02,0.62,0.63,0.62,"24,000"
711112,泰藝統一6C購01,---,---,---,---,---,0
711113,健喬統一69購01,---,---,---,---,---,0
711114,堡達統一6C購01,0.38,0.00,0.38,0.38,0.38,"15,000"
711115,智通*統一67購01,0.46,+0.02,0.45,0.47,0.45,"354,000"
711116,陽程統一6C購01,0.57,+0.05,0.56,0.57,0.56,"118,000"
711117,順達統一65購03,---,---,---,---,---,0
711118,頎邦統一65購01,0.34,+0.05,0.33,0.35,0.33,"2,616,000"
711119,頎邦統一67購02,0.43,+0.05,0.43,0.43,0.43,"114,000"
711120,頎邦統一67購03,---,---,---,---,---,0
711121,頎邦統一6C購01,0.49,+0.06,0.51,0.51,0.49,"11,000"
711122,精材統一65購02,0.58,+0.02,0.62,0.85,0.58,"432,000"
711123,精材統一67購02,---,---,---,---,---,0
711124,中美晶凱基64購01,---,---,---,---,---,0
711125,家登凱基67購01,---,---,---,---,---,0
711126,陽程凱基61購03,0.16,-0.17,0.42,0.42,0.16,"20,000"
711127,順達凱基61購03,---,---,---,---,---,0
711128,群聯凱基61購08,1.16,+0.09,1.18,1.21,1.15,"598,000"
711129,群聯凱基61購09,1.09,+0.18,1.09,1.09,1.09,"55,000"
711130,頎邦凱基61購03,0.26,+0.06,0.25,0.27,0.25,"13,000"
711131,精材凱基61購09,0.71,+0.11,0.78,0.84,0.71,"14,000"
711132,臺慶科凱基61購03,---,---,---,---,---,0
711133,宜鼎台新62購01,0.99,+0.16,1.01,1.01,0.99,"40,000"
711134,茂達台新61購01,0.62,-0.01,0.62,0.62,0.62,"2,000"
711135,茂達台新61購02,0.97,+0.06,1.03,1.03,0.97,"135,000"
711136,群聯台新67購03,---,---,---,---,---,0
711137,群聯台新67購04,1.21,+0.18,1.21,1.21,1.21,"5,000"
711138,頎邦台新61購04,0.67,+0.12,0.64,0.68,0.64,"221,000"
711139,頎邦台新61購05,0.62,+0.18,0.62,0.62,0.62,"65,000"
711140,精材台新61購04,0.90,+0.10,0.94,1.04,0.90,"102,000"
711141,精材台新61購05,0.86,-0.03,1.08,1.08,0.86,"82,000"
711142,精材台新62購02,1.07,+0.15,1.07,1.07,1.07,"31,000"
711143,力麒國票65購01,---,---,---,---,---,0
711144,天良國票61購01,1.70,+0.30,1.56,1.70,1.56,"15,000"
711145,巨漢國票61購01,0.85,+0.07,0.85,0.85,0.85,"4,000"
711146,協禧國票65購01,0.51,+0.01,0.51,0.51,0.51,"50,000"
711147,奇鈦科國票65購01,0.54,+0.06,0.54,0.54,0.54,"81,000"
711148,陽程國票61購01,0.83,+0.21,0.77,0.83,0.77,"34,000"
711149,陽程國票61購02,---,---,---,---,---,0
711150,順達國票65購01,0.78,+0.05,0.81,0.81,0.78,"184,000"
711151,精材國票61購04,---,---,---,---,---,0
711152,精材國票65購01,---,---,---,---,---,0
711153,營邦國票61購01,1.36,+0.06,1.36,1.36,1.36,"2,000"
711154,千附群益61購01,---,---,---,---,---,0
711155,千附群益61購02,---,---,---,---,---,0
711156,台特化群益61購02,1.20,+0.22,1.12,1.20,1.12,"102,000"
711157,青雲群益61購01,0.85,+0.09,0.84,0.86,0.82,"261,000"
711158,青雲群益61購02,1.26,+0.12,1.27,1.29,1.25,"752,000"
711159,威剛群益61購06,2.03,+0.07,2.04,2.05,2.03,"31,000"
711160,鈊象群益61購02,1.69,+0.03,1.69,1.70,1.69,"209,000"
711161,新漢群益61購01,0.87,+0.12,0.87,0.87,0.87,"7,000"
711162,群聯群益61購07,1.80,+0.08,1.92,1.96,1.80,"2,045,000"
711163,精材群益63購03,1.83,+0.37,1.77,1.83,1.77,"62,000"
711164,中光電元大61購06,0.63,-0.07,0.66,0.67,0.60,"3,711,000"
711165,中光電元大61購07,0.75,+0.18,0.68,0.75,0.64,"3,069,000"
711166,中美晶元大61購04,0.55,0.00,0.61,0.63,0.55,"66,000"
711167,宜鼎元大63購02,1.24,+0.11,1.26,1.26,1.21,"956,000"
711168,茂達元大61購04,---,---,---,---,---,0
711169,智通*元大61購03,0.58,+0.07,0.56,0.58,0.56,"351,000"
711170,翔名元大61購02,0.55,+0.06,0.55,0.55,0.55,"343,000"
711171,順達元大61購01,0.64,-0.01,0.74,0.75,0.64,"653,000"
711172,群聯元大61購15,0.83,+0.05,0.84,0.86,0.80,"4,159,000"
711173,頎邦元大61購03,0.64,+0.13,0.63,0.65,0.63,"115,000"
711174,精材元大61購10,0.69,+0.04,0.68,0.77,0.68,"1,044,000"
711175,精材元大61購11,1.40,+0.18,1.49,1.58,1.40,"24,000"
711176,精材元大63購05,1.12,+0.24,0.99,1.14,0.99,"122,000"
711177,營邦元大61購01,1.03,+0.05,1.04,1.06,1.01,"147,000"
711178,九暘統一63購01,0.32,+0.03,0.32,0.32,0.32,"94,000"
711179,九暘統一6C購01,---,---,---,---,---,0
711180,千附精統一67購02,---,---,---,---,---,0
711181,千附精統一67購03,0.46,+0.03,0.46,0.46,0.46,"88,000"
711182,大中統一65購03,---,---,---,---,---,0
711183,中光電統一65購01,---,---,---,---,---,0
711184,中光電統一6C購01,0.52,+0.05,0.52,0.52,0.52,"20,000"
711185,中美晶統一65購02,0.59,+0.08,0.59,0.59,0.59,"21,000"
711186,中美晶統一67購01,0.47,0.00,0.48,0.48,0.47,"34,000"
711187,中美晶統一6C購01,---,---,---,---,---,0
711188,台嘉碩統一65購01,---,---,---,---,---,0
711189,立敦統一67購01,---,---,---,---,---,0
711190,安勤統一67購01,0.50,+0.03,0.50,0.50,0.50,"156,000"
711191,系統電統一6C購01,---,---,---,---,---,0
711192,亞通統一67購01,---,---,---,---,---,0
711193,宜鼎統一67購01,0.76,+0.08,0.80,0.80,0.76,"61,000"
711194,昇佳電統一67購01,0.45,+0.01,0.45,0.45,0.45,"100,000"
711195,杰力統一65購01,0.58,+0.06,0.56,0.58,0.55,"203,000"
711196,青雲統一69購02,0.71,+0.03,0.71,0.71,0.71,"1,000"
711197,茂達統一69購02,---,---,---,---,---,0
711198,神準統一67購01,---,---,---,---,---,0
711199,堡達統一65購01,---,---,---,---,---,0
711200,翔名統一6C購01,---,---,---,---,---,0
711201,順達統一67購01,---,---,---,---,---,0
711202,順達統一67購02,---,---,---,---,---,0
711203,順達統一67購03,0.28,0.00,0.29,0.29,0.28,"4,000"
711204,順達統一6C購01,---,---,---,---,---,0
711205,群聯統一65購03,---,---,---,---,---,0
711206,頎邦統一65購02,---,---,---,---,---,0
711207,頎邦統一67購04,---,---,---,---,---,0
711208,頎邦統一68購01,0.37,+0.06,0.37,0.37,0.37,"80,000"
711209,碩禾統一67購01,0.40,+0.01,0.41,0.41,0.40,"231,000"
711210,精材統一65購03,0.59,+0.02,0.59,0.59,0.59,"6,000"
711211,精材統一6C購02,0.67,-0.01,0.68,0.73,0.67,"58,000"
711212,大樹永豐61購01,---,---,---,---,---,0
711213,中美晶永豐61購03,1.07,+0.03,1.07,1.07,1.07,"87,000"
711214,宜鼎永豐67購01,1.02,+0.10,1.06,1.06,1.02,"744,000"
711215,智通*永豐65購01,0.66,+0.05,0.62,0.66,0.62,"172,000"
711216,順達永豐61購02,---,---,---,---,---,0
711217,頎邦永豐65購01,0.52,+0.08,0.52,0.52,0.52,"17,000"
711218,精材永豐61購03,0.67,+0.10,0.67,0.67,0.67,"2,000"
711219,精材永豐61購04,---,---,---,---,---,0
711220,精材永豐64購02,---,---,---,---,---,0
711221,營邦永豐64購01,0.89,+0.07,0.92,0.92,0.89,"157,000"
711222,廣積國泰62購01,3.57,+1.09,2.56,3.57,2.56,"517,000"
711223,營邦國泰62購01,1.97,+0.08,1.99,2.07,1.96,"242,000"
711224,久元富邦63購02,---,---,---,---,---,0
711225,元太富邦63購01,0.83,+0.01,0.86,0.89,0.83,"639,000"
711226,元太富邦63購02,0.85,+0.07,0.85,0.88,0.85,"239,000"
711227,立敦富邦63購01,---,---,---,---,---,0
711228,宜特富邦63購01,0.53,+0.05,0.54,0.54,0.53,"75,000"
711229,智通*富邦64購02,0.39,0.00,0.41,0.41,0.39,"266,000"
711230,順達富邦63購01,---,---,---,---,---,0
711231,鈊象富邦63購02,0.80,+0.02,0.80,0.80,0.80,"102,000"
711232,中美晶台新61購04,0.53,-0.05,0.68,0.68,0.53,"29,000"
711233,宜鼎台新63購01,1.26,+0.18,1.26,1.27,1.26,"196,000"
711234,宜鼎台新64購01,1.72,+0.18,1.75,1.77,1.68,"81,000"
711235,千附群益61購03,---,---,---,---,---,0
711236,陽程群益63購01,0.75,+0.11,0.69,0.75,0.67,"489,000"
711237,順達群益61購02,0.62,+0.08,0.66,0.66,0.62,"246,000"
711238,璟德群益61購01,0.86,-0.08,0.91,0.91,0.85,"134,000"
711239,千附凱基61購01,---,---,---,---,---,0
711240,中美晶凱基61購07,0.46,-0.05,0.58,0.58,0.46,"33,000"
711241,宜鼎凱基64購01,0.89,+0.08,0.99,0.99,0.86,"1,378,000"
711242,青雲凱基61購01,1.34,+0.09,1.32,1.34,1.29,"66,000"
711243,威剛凱基61購04,---,---,---,---,---,0
711244,智通*凱基61購02,0.74,+0.15,0.74,0.74,0.74,"50,000"
711245,順達凱基61購04,0.35,0.00,0.37,0.37,0.35,"2,999,000"
711246,新漢凱基61購01,---,---,---,---,---,0
711247,營邦凱基61購02,1.16,+0.03,1.20,1.20,1.16,"144,000"
711248,雙鴻凱基61購06,2.09,0.00,2.14,2.20,2.07,"83,000"
711249,M31國票61購01,---,---,---,---,---,0
711250,千附國票61購03,0.74,+0.02,0.74,0.74,0.74,"30,000"
711251,中美晶國票65購02,0.72,-0.04,0.78,0.78,0.70,"251,000"
711252,巨有國票61購01,0.89,+0.07,0.89,0.89,0.88,"101,000"
711253,倉和國票66購01,0.94,+0.07,1.02,1.02,0.90,"22,000"
711254,博智國票61購01,---,---,---,---,---,0
711255,晶呈國票65購01,0.63,+0.04,0.63,0.63,0.63,"10,000"
711256,千附元大61購01,1.13,+0.09,1.09,1.14,1.09,"610,000"
711257,中光電元大61購08,---,---,---,---,---,0
711258,中光電元大61購09,0.58,+0.09,0.58,0.58,0.55,"1,515,000"
711259,中光電元大63購01,0.61,+0.11,0.57,0.61,0.57,"920,000"
711260,立敦元大61購02,---,---,---,---,---,0
711261,宜鼎元大63購03,1.14,+0.09,1.18,1.18,1.12,"2,390,000"
711262,朋程元大61購02,0.67,+0.07,0.66,0.67,0.66,"349,000"
711263,家登元大61購04,0.92,+0.12,0.88,0.93,0.88,"427,000"
711264,家登元大61購05,1.07,+0.09,1.07,1.11,1.07,"578,000"
711265,凱崴元大61購01,---,---,---,---,---,0
711266,群聯元大61購16,---,---,---,---,---,0
711267,臺慶科元大61購04,0.97,+0.04,0.99,0.99,0.97,"182,000"
711268,營邦元大61購02,1.35,+0.07,1.35,1.39,1.33,"394,000"
711269,中美晶國泰62購01,1.12,+0.07,1.22,1.22,1.12,"27,000"
711270,世界富邦61購03,0.43,+0.09,0.43,0.43,0.43,"60,000"
711271,博智富邦63購01,0.40,+0.02,0.39,0.41,0.39,"390,000"
711272,富喬富邦61購02,0.46,+0.09,0.46,0.46,0.46,"200,000"
711273,千附精永豐64購01,0.93,+0.08,0.93,0.93,0.93,"20,000"
711274,大中永豐61購01,---,---,---,---,---,0
711275,世界永豐61購02,0.72,+0.12,0.72,0.72,0.72,"128,000"
711276,家登永豐61購03,---,---,---,---,---,0
711277,璟德永豐67購01,---,---,---,---,---,0
711278,九暘統一67購01,---,---,---,---,---,0
711279,千附統一6C購01,0.49,+0.02,0.49,0.49,0.49,"1,000"
711280,中光電統一65購02,---,---,---,---,---,0
711281,安勤統一67購02,0.57,+0.06,0.56,0.57,0.56,"269,000"
711282,青雲統一67購01,1.06,+0.08,1.08,1.10,1.05,"380,000"
711283,倉和統一6C購01,0.73,+0.11,0.73,0.73,0.73,"20,000"
711284,神準統一67購02,---,---,---,---,---,0
711285,翔名統一67購01,---,---,---,---,---,0
711286,順達統一65購04,---,---,---,---,---,0
711287,M31台新61購01,1.50,+0.10,1.50,1.50,1.50,"1,000"
711288,M31台新62購01,---,---,---,---,---,0
711289,M31台新64購01,---,---,---,---,---,0
711290,千附精台新61購02,0.56,+0.06,0.56,0.56,0.56,"28,000"
711291,富喬台新61購02,1.15,+0.14,1.30,1.30,1.14,"171,000"
711292,頎邦台新61購06,0.77,+0.17,0.76,0.77,0.76,"45,000"
711293,M31凱基61購01,---,---,---,---,---,0
711294,M31凱基61購02,1.24,+0.03,1.32,1.32,1.24,"10,000"
711295,M31凱基61購03,1.22,+0.06,1.34,1.34,1.22,"66,000"
711296,千附精凱基61購03,---,---,---,---,---,0
711297,中光電凱基61購04,0.87,+0.17,0.87,0.87,0.87,"20,000"
711298,中美晶凱基61購08,0.97,+0.02,0.97,0.97,0.97,"15,000"
711299,朋程凱基61購02,0.90,+0.12,0.87,0.90,0.87,"45,000"
711300,博智凱基63購01,---,---,---,---,---,0
711301,晶呈凱基61購01,1.00,+0.08,1.00,1.00,1.00,"5,000"
711302,翔名凱基61購02,0.75,+0.06,0.74,0.75,0.74,"109,000"
711303,群聯凱基65購01,1.64,+0.02,1.73,1.73,1.64,"393,000"
711304,臺慶科凱基64購01,0.86,+0.06,0.90,0.90,0.86,"73,000"
711305,營邦凱基61購03,1.75,+0.03,1.83,1.83,1.73,"334,000"
711306,千附精元大61購01,0.79,+0.06,0.80,0.80,0.79,"55,000"
711307,中光電元大61購10,1.46,+0.21,1.42,1.46,1.34,"729,000"
711308,宏捷科元大66購01,1.36,+0.04,1.42,1.42,1.36,"28,000"
711309,宜鼎元大63購04,1.25,+0.09,1.29,1.29,1.23,"698,000"
711310,原相元大61購03,1.88,+0.09,1.83,1.91,1.83,"256,000"
711311,順達元大63購01,1.13,+0.06,1.19,1.20,1.13,"314,000"
711312,群聯元大61購17,1.48,+0.03,1.54,1.54,1.48,"564,000"
711313,臺慶科元大61購05,1.10,+0.07,1.10,1.10,1.10,"60,000"
711314,世界國泰62購02,1.14,+0.09,1.27,1.27,1.14,"157,000"
711315,陽程國泰62購02,1.47,+0.19,1.35,1.47,1.35,"131,000"
711316,鑫聯國泰62購01,1.47,+0.25,1.36,1.52,1.36,"86,000"
711317,久禾光國票61購01,---,---,---,---,---,0
711318,千附精國票65購01,---,---,---,---,---,0
711319,中美晶國票61購05,---,---,---,---,---,0
711320,茂達國票61購02,1.19,+0.15,1.19,1.19,1.19,"3,000"
711321,倉和國票67購01,0.82,+0.10,0.90,0.91,0.82,"7,000"
711322,晶呈國票64購01,---,---,---,---,---,0
711323,頎邦國票64購01,0.99,+0.17,0.98,0.99,0.98,"19,000"
711324,寬魚國票61購01,---,---,---,---,---,0
711325,M31群益61購01,---,---,---,---,---,0
711326,千附精群益61購02,0.66,+0.06,0.66,0.66,0.66,"46,000"
711327,杰力群益61購02,0.95,-0.08,1.06,1.08,0.95,"300,000"
711328,博智群益61購02,2.63,+0.21,2.63,2.63,2.63,"10,000"
711329,陽程群益61購03,1.11,+0.14,1.05,1.11,1.05,"158,000"
711330,群聯群益63購01,1.21,+0.06,1.26,1.26,1.21,"110,000"
711331,M31富邦63購01,0.75,-0.05,0.83,0.83,0.75,"143,000"
711332,九暘統一65購01,0.45,+0.05,0.42,0.45,0.42,"135,000"
711333,中美晶統一67購02,0.29,+0.01,0.32,0.32,0.29,"310,000"
711334,M31永豐63購01,---,---,---,---,---,0
711335,世紀*永豐63購01,1.23,+0.01,1.23,1.23,1.23,"1,000"
711336,原相永豐61購03,2.42,+0.17,2.42,2.42,2.37,"64,000"
711337,家登永豐61購04,1.61,+0.19,1.59,1.61,1.59,"65,000"
711338,晶呈永豐61購01,0.69,+0.05,0.70,0.71,0.69,"159,000"
711339,晶呈永豐64購01,---,---,---,---,---,0
711340,千附精台新61購03,0.47,+0.05,0.48,0.48,0.47,"51,000"
711341,良維台新61購01,0.68,+0.07,0.68,0.68,0.68,"157,000"
711342,創泓台新61購01,---,---,---,---,---,0
711343,中美晶凱基61購09,---,---,---,---,---,0
711344,宜鼎凱基61購04,1.33,+0.10,1.39,1.39,1.33,"282,000"
711345,原相凱基61購03,2.02,+0.33,1.96,2.02,1.96,"74,000"
711346,智通*凱基61購03,---,---,---,---,---,0
711347,群聯凱基63購02,1.36,+0.08,1.40,1.40,1.35,"413,000"
711348,頎邦凱基64購02,0.42,-0.31,0.82,0.82,0.42,"30,000"
711349,雙鴻凱基63購02,2.11,+0.20,2.11,2.11,2.05,"88,000"
711350,中光電元大61購11,1.46,+0.27,1.44,1.46,1.30,"702,000"
711351,中美晶元大61購05,0.63,-0.08,0.74,0.74,0.63,"1,414,000"
711352,創泓元大61購01,1.10,+0.04,1.19,1.19,1.10,"59,000"
711353,智通*元大61購04,---,---,---,---,---,0
711354,智通*元大61購05,0.50,+0.04,0.50,0.50,0.50,"231,000"
711355,中美晶群益61購02,---,---,---,---,---,0
711356,世界群益61購04,1.53,+0.12,1.58,1.58,1.53,"260,000"
711357,加高群益61購01,1.53,+0.06,1.53,1.53,1.53,"52,000"
711358,巨有群益61購01,1.18,+0.07,1.21,1.22,1.17,"542,000"
711359,均豪群益66購01,---,---,---,---,---,0
711360,智通*群益61購01,0.39,+0.03,0.39,0.39,0.39,"52,000"
711361,群聯群益61購08,3.47,+0.12,3.59,3.63,3.47,"160,000"
711362,元太永豐61購05,1.66,+0.07,1.66,1.66,1.66,"25,000"
711363,加高永豐61購02,0.49,-0.05,0.49,0.49,0.49,"20,000"
711364,良維永豐61購02,1.10,-0.04,1.15,1.18,1.10,"57,000"
711365,威剛永豐67購02,1.25,+0.03,1.27,1.27,1.25,"69,000"
711366,敘豐永豐64購01,0.74,+0.05,0.73,0.74,0.73,"35,000"
711367,凱崴永豐61購01,0.54,+0.05,0.54,0.54,0.54,"10,000"
711368,博智永豐61購02,---,---,---,---,---,0
711369,華電網永豐61購01,0.75,+0.10,0.76,0.78,0.75,"7,000"
711370,閎康永豐61購03,---,---,---,---,---,0
711371,順達永豐64購03,---,---,---,---,---,0
711372,群聯永豐64購09,1.42,+0.06,1.42,1.42,1.42,"20,000"
711373,群聯永豐67購02,1.13,+0.03,1.14,1.14,1.12,"68,000"
711374,聖暉*永豐64購01,---,---,---,---,---,0
711375,千附國票65購01,1.34,-0.06,1.33,1.34,1.33,"20,000"
711376,中美晶國票64購01,---,---,---,---,---,0
711377,原相國票61購02,1.75,+0.11,1.73,1.79,1.73,"87,000"
711378,敘豐國票61購01,0.81,+0.03,0.83,0.87,0.81,"41,000"
711379,創泓國票61購02,---,---,---,---,---,0
711380,創泓國票63購01,0.92,+0.04,0.99,1.00,0.91,"130,000"
711381,智擎國票65購01,0.62,+0.01,0.62,0.62,0.62,"16,000"
711382,廣穎國票65購01,---,---,---,---,---,0
711383,營邦國票61購02,---,---,---,---,---,0
711384,千附精國泰62購01,0.77,+0.08,0.78,0.78,0.77,"1,760,000"
711385,世界國泰62購03,1.50,+0.15,1.64,1.64,1.50,"541,000"
711386,宜鼎國泰62購03,2.15,+0.18,2.16,2.16,2.15,"70,000"
711387,青雲國泰62購04,1.96,+0.11,2.02,2.05,1.96,"344,000"
711388,倉和國泰62購01,1.60,+0.21,1.54,1.73,1.54,"53,000"
711389,群聯國泰62購04,1.46,+0.09,1.53,1.54,1.46,"445,000"
711390,群聯國泰62購05,---,---,---,---,---,0
711391,系統電富邦61購03,---,---,---,---,---,0
711392,宜鼎富邦61購03,0.66,+0.05,0.69,0.70,0.66,"595,000"
711393,群聯富邦63購02,0.50,+0.03,0.49,0.50,0.43,"13,000"
711394,M31統一67購01,0.71,+0.03,0.72,0.72,0.71,"394,000"
711395,M31統一67購02,0.74,-0.03,0.77,0.77,0.74,"20,000"
711396,M31統一6C購01,---,---,---,---,---,0
711397,千附統一67購01,---,---,---,---,---,0
711398,千附精統一67購04,---,---,---,---,---,0
711399,大中統一67購01,0.44,+0.04,0.43,0.44,0.43,"107,000"
711400,中光電統一67購01,0.57,+0.05,0.57,0.57,0.57,"7,000"
711401,中光電統一6C購02,---,---,---,---,---,0
711402,中美晶統一66購04,---,---,---,---,---,0
711403,世紀*統一67購01,---,---,---,---,---,0
711404,杰力統一67購01,0.65,+0.03,0.66,0.68,0.65,"522,000"
711405,智通*統一6C購01,0.50,+0.02,0.50,0.50,0.50,"22,000"
711406,閎康統一67購01,---,---,---,---,---,0
711407,廣穎統一63購01,0.53,+0.04,0.53,0.55,0.53,"246,000"
711408,廣穎統一69購02,---,---,---,---,---,0
711409,千附國票66購01,---,---,---,---,---,0
711410,元太國票61購01,1.81,+0.08,1.76,1.81,1.76,"14,000"
711411,天品國票61購01,---,---,---,---,---,0
711412,系統電國票64購01,---,---,---,---,---,0
711413,昇佳電國票66購01,---,---,---,---,---,0
711414,青雲國票61購02,1.94,+0.26,1.87,1.94,1.87,"260,000"
711415,耕興國票65購01,0.77,+0.03,0.76,0.78,0.76,"221,000"
711416,晟田國票62購01,1.61,+0.29,1.41,1.61,1.41,"5,000"
711417,博士旺國票61購02,---,---,---,---,---,0
711418,華景電國票65購01,1.14,+0.10,1.10,1.14,1.10,"28,000"
711419,碩禾國票64購01,0.53,+0.01,0.51,0.53,0.51,"36,000"
711420,中美晶台新61購05,---,---,---,---,---,0
711421,中美晶台新63購03,---,---,---,---,---,0
711422,晟田台新61購02,0.86,+0.16,0.83,0.90,0.80,"82,000"
711423,陽程台新61購01,1.17,+0.16,1.07,1.17,1.07,"101,000"
711424,陽程台新61購02,1.03,+0.06,1.03,1.03,1.03,"4,000"
711425,千附凱基61購02,---,---,---,---,---,0
711426,中光電凱基61購05,---,---,---,---,---,0
711427,中美晶凱基61購10,---,---,---,---,---,0
711428,世界凱基64購02,1.29,+0.15,1.32,1.32,1.29,"163,000"
711429,立敦凱基61購02,---,---,---,---,---,0
711430,均豪凱基66購01,1.07,+0.11,1.07,1.07,1.07,"10,000"
711431,千附元大61購02,---,---,---,---,---,0
711432,千附元大61購03,0.73,+0.03,0.71,0.73,0.71,"309,000"
711433,中美晶元大61購06,1.18,-0.07,1.39,1.39,1.16,"2,954,000"
711434,中美晶元大61購07,0.60,-0.05,0.70,0.70,0.60,"302,000"
711435,中美晶元大61購08,---,---,---,---,---,0
711436,中美晶元大63購03,0.61,-0.02,0.72,0.72,0.61,"132,000"
711437,中美晶元大65購04,0.58,-0.03,0.67,0.67,0.58,"425,000"
711438,世界元大63購05,1.07,+0.13,1.17,1.17,1.07,"143,000"
711439,家登元大63購01,1.31,+0.14,1.30,1.31,1.27,"707,000"
711440,智通*元大61購06,0.51,+0.04,0.51,0.52,0.50,"717,000"
711441,智通*元大63購02,0.42,0.00,0.42,0.45,0.42,"3,230,000"
711442,翔名元大61購03,0.70,+0.06,0.67,0.71,0.67,"184,000"
711443,頎邦元大61購04,---,---,---,---,---,0
711444,漢科元大61購01,0.88,-0.02,0.88,0.88,0.88,"300,000"
711445,千附永豐61購03,0.59,+0.02,0.59,0.59,0.59,"300,000"
711446,千附永豐61購04,---,---,---,---,---,0
711447,千附永豐61購05,---,---,---,---,---,0
711448,千附永豐64購01,---,---,---,---,---,0
711449,中美晶永豐61購04,0.86,+0.04,0.92,0.92,0.85,"288,000"
711450,中美晶永豐64購02,---,---,---,---,---,0
711451,世禾永豐61購01,---,---,---,---,---,0
711452,巨漢永豐61購02,---,---,---,---,---,0
711453,均豪永豐64購02,1.41,+0.10,1.39,1.41,1.39,"49,000"
711454,宏捷科永豐64購01,1.11,+0.12,1.09,1.11,1.09,"39,000"
711455,創惟永豐61購01,1.28,+0.03,1.28,1.28,1.28,"11,000"
711456,智通*永豐61購02,0.57,+0.13,0.56,0.57,0.56,"100,000"
711457,湧德永豐61購01,0.70,+0.15,0.70,0.70,0.70,"48,000"
711458,陽程永豐61購02,0.75,+0.16,0.70,0.75,0.70,"919,000"
711459,中光電國泰62購02,1.30,+0.30,1.20,1.30,1.09,"155,000"
711460,中光電國泰62購03,---,---,---,---,---,0
711461,中美晶國泰63購02,---,---,---,---,---,0
711462,世禾國泰62購01,---,---,---,---,---,0
711463,翔名國泰62購01,---,---,---,---,---,0
711464,廣穎國泰62購01,1.25,+0.08,1.29,1.35,1.25,"167,000"
711465,千附統一67購02,---,---,---,---,---,0
711466,千附統一6C購02,0.50,+0.01,0.50,0.50,0.50,"15,000"
711467,千附精統一67購05,0.41,+0.01,0.41,0.41,0.41,"51,000"
711468,中美晶統一65購03,---,---,---,---,---,0
711469,中美晶統一67購03,0.37,-0.04,0.39,0.39,0.37,"345,000"
711470,中美晶統一6C購02,0.35,-0.01,0.35,0.35,0.35,"6,000"
711471,世界統一6C購01,---,---,---,---,---,0
711472,加高統一67購01,0.57,-0.04,0.58,0.58,0.57,"35,000"
711473,系微統一6C購01,---,---,---,---,---,0
711474,家登統一6C購02,---,---,---,---,---,0
711475,博智統一6C購02,---,---,---,---,---,0
711476,廣穎統一6C購01,---,---,---,---,---,0
711477,雙鴻統一6C購01,---,---,---,---,---,0
711478,中光電富邦62購03,0.59,+0.09,0.59,0.59,0.59,"10,000"
711479,中美晶富邦61購04,0.19,-0.01,0.19,0.19,0.19,"1,000"
711480,台特化富邦61購01,0.37,+0.05,0.37,0.38,0.37,"1,362,000"
711481,宜鼎富邦61購04,0.64,+0.04,0.67,0.68,0.63,"524,000"
711482,宜鼎群益61購04,2.10,+0.24,2.12,2.16,2.04,"453,000"
711483,茂達群益61購03,1.26,+0.02,1.42,1.44,1.26,"30,000"
711484,世界台新61購02,0.83,+0.07,0.88,0.94,0.83,"277,000"
711485,台嘉碩台新61購03,1.25,-0.14,1.25,1.25,1.25,"51,000"
711486,巨漢台新61購03,2.12,+0.08,2.12,2.12,2.12,"3,000"
711487,良維台新61購02,0.80,+0.01,0.80,0.80,0.80,"15,000"
711488,亞電台新61購01,0.80,+0.09,0.81,0.87,0.77,"417,000"
711489,長科*台新61購01,1.44,+0.14,1.43,1.52,1.43,"121,000"
711490,千附精群益61購03,0.90,+0.08,0.92,0.92,0.90,"201,000"
711491,亞電群益61購01,1.08,+0.17,1.06,1.15,1.06,"36,000"
711492,亞電群益61購02,0.97,+0.16,0.90,0.97,0.90,"7,000"
711493,亞電群益61購03,1.46,+0.20,1.46,1.46,1.46,"350,000"
711494,陽程群益63購02,---,---,---,---,---,0
711495,世界凱基61購02,---,---,---,---,---,0
711496,巨漢凱基61購01,0.75,+0.06,0.75,0.75,0.75,"4,000"
711497,系統電凱基61購02,1.10,+0.07,1.15,1.15,1.10,"21,000"
711498,宜鼎凱基61購05,2.43,+0.18,2.60,2.60,2.41,"184,000"
711499,昇佳電凱基61購02,---,---,---,---,---,0
711500,長科*凱基61購01,1.99,+0.33,2.04,2.06,1.99,"8,000"
711501,威剛凱基61購05,1.88,+0.01,1.96,1.99,1.88,"158,000"
711502,家登凱基63購01,1.58,+0.17,1.58,1.58,1.58,"50,000"
711503,富喬凱基61購06,1.79,+0.17,1.67,2.06,1.67,"128,000"
711504,智通*凱基61購04,0.65,+0.08,0.65,0.65,0.65,"4,000"
711505,順達凱基61購05,1.06,-0.01,1.21,1.22,1.06,"90,000"
711506,群聯凱基61購11,2.37,+0.20,2.45,2.45,2.31,"222,000"
711507,頎邦凱基61購04,0.53,-0.43,1.52,1.52,0.53,"13,000"
711508,雙鴻凱基63購03,2.99,+0.12,2.88,2.99,2.87,"22,000"
711509,千附精元大61購02,---,---,---,---,---,0
711510,立敦元大61購03,---,---,---,---,---,0
711511,亞電元大61購01,1.42,+0.18,1.46,1.51,1.42,"369,000"
711512,群聯元大61購18,1.13,+0.05,1.18,1.19,1.13,"1,336,000"
711513,千附精統一65購01,---,---,---,---,---,0
711514,世界統一66購01,---,---,---,---,---,0
711515,亞電統一69購01,0.63,+0.06,0.63,0.66,0.61,"310,000"
711516,宜鼎統一64購05,0.85,+0.07,0.89,0.90,0.85,"849,000"
711517,倉和統一65購01,0.75,+0.10,0.72,0.81,0.68,"880,000"
711518,方土昶永豐61購01,1.53,+0.24,1.53,1.53,1.53,"10,000"
711519,亞電永豐64購01,---,---,---,---,---,0
711520,昇佳電永豐63購01,---,---,---,---,---,0
711521,長科*永豐64購01,---,---,---,---,---,0
711522,陽程永豐61購03,0.99,+0.12,0.99,0.99,0.99,"25,000"
711523,雙鴻永豐64購03,2.84,-0.08,2.84,2.84,2.84,"19,000"
711524,世界國泰62購04,1.15,+0.07,1.33,1.33,1.15,"371,000"
711525,良維國泰62購01,1.34,-0.03,1.39,1.39,1.34,"60,000"
711526,亞電國泰62購01,1.68,+0.22,1.67,1.84,1.67,"86,000"
711527,朋程國泰63購01,1.32,+0.14,1.32,1.32,1.32,"2,000"
711528,漢科國泰62購01,---,---,---,---,---,0
711529,千附精富邦61購01,0.43,+0.04,0.43,0.43,0.43,"267,000"
711530,立碁富邦61購02,1.29,-0.13,1.47,1.49,1.26,"497,000"
711531,宜特富邦63購02,0.59,+0.01,0.61,0.62,0.59,"284,000"
711532,宜鼎富邦61購05,0.97,+0.07,1.01,1.02,0.95,"978,000"
711533,朋程富邦63購04,0.53,+0.05,0.52,0.53,0.52,"381,000"
711534,欣銓富邦61購02,0.47,+0.06,0.46,0.47,0.45,"488,000"
711535,長科*富邦62購02,0.75,+0.07,0.79,0.82,0.75,"38,000"
711536,富喬富邦61購03,0.61,+0.08,0.64,0.64,0.61,"179,000"
711537,智通*富邦63購01,0.40,+0.02,0.38,0.40,0.38,"292,000"
711538,陽程富邦61購03,0.43,+0.11,0.39,0.43,0.39,"134,000"
711539,群聯富邦63購03,0.96,+0.04,0.96,0.97,0.94,"327,000"
711540,營邦富邦62購03,0.88,+0.02,0.93,0.96,0.88,"483,000"
711541,雙鴻富邦63購02,1.11,+0.08,1.10,1.13,1.08,"475,000"
711542,譜瑞富邦63購02,0.72,+0.09,0.68,0.73,0.68,"1,078,000"
711543,M31國票65購01,---,---,---,---,---,0
711544,台特化國票65購01,1.57,+0.15,1.57,1.61,1.57,"153,000"
711545,禾瑞亞國票61購01,---,---,---,---,---,0
711546,亞電國票61購01,---,---,---,---,---,0
711547,長科*國票65購01,1.58,+0.12,1.59,1.59,1.58,"27,000"
711548,榮田國票61購01,---,---,---,---,---,0
711549,巨漢群益61購02,---,---,---,---,---,0
711550,群聯群益61購09,3.80,+0.03,3.96,4.01,3.80,"220,000"
711551,千附精國票64購01,---,---,---,---,---,0
711552,立碁國票65購01,---,---,---,---,---,0
711553,亞電國票63購01,1.46,+0.25,1.48,1.48,1.46,"934,000"
711554,亞電國票64購01,---,---,---,---,---,0
711555,宜鼎國票66購01,1.36,+0.10,1.36,1.36,1.36,"8,000"
711556,朋程國票61購01,1.44,+0.15,1.41,1.45,1.41,"20,000"
711557,長科*國票64購01,---,---,---,---,---,0
711558,頎邦國票66購01,1.15,+0.16,1.14,1.15,1.14,"20,000"
711559,漢科國票61購01,---,---,---,---,---,0
711560,臺慶科國票66購01,1.47,+0.03,1.54,1.54,1.47,"43,000"
711561,磐儀國票65購01,1.13,+0.16,1.11,1.13,1.11,"11,000"
711562,亞電台新61購02,0.93,+0.07,0.95,0.95,0.93,"13,000"
711563,亞電台新61購03,1.06,+0.12,1.02,1.06,1.02,"26,000"
711564,青雲台新61購01,0.88,+0.05,0.88,0.88,0.88,"4,000"
711565,博士旺台新61購01,1.07,+0.13,1.07,1.07,1.07,"2,000"
711566,千附精凱基61購04,1.10,+0.08,1.13,1.13,1.09,"59,000"
711567,世界凱基61購03,1.88,+0.42,1.80,1.88,1.80,"19,000"
711568,亞電凱基61購01,1.52,+0.32,1.54,1.54,1.52,"5,000"
711569,泓格凱基61購01,---,---,---,---,---,0
711570,陽程凱基63購03,1.02,+0.05,1.11,1.11,1.02,"39,000"
711571,群聯凱基66購02,2.37,+0.15,2.45,2.45,2.37,"27,000"
711572,泓格永豐61購01,0.74,+0.04,0.69,0.74,0.69,"108,000"
711573,群聯永豐67購03,1.30,+0.03,1.32,1.32,1.30,"76,000"
711574,中光電元大61購12,1.87,+0.17,1.82,1.87,1.71,"56,000"
711575,元太元大66購04,1.89,+0.06,1.89,1.93,1.84,"364,000"
711576,均豪元大61購03,2.67,+0.16,2.71,2.76,2.67,"51,000"
711577,青雲元大61購02,2.10,+0.19,2.13,2.16,2.10,"160,000"
711578,晟田元大61購03,1.60,+0.23,1.57,1.69,1.48,"553,000"
711579,博智元大61購01,2.36,+0.26,2.36,2.36,2.36,"2,000"
711580,群聯元大61購19,1.62,+0.09,1.67,1.68,1.61,"780,000"
711581,群聯元大63購05,1.67,+0.04,1.72,1.74,1.67,"95,000"
711582,聖暉*元大61購03,0.66,+0.05,0.66,0.68,0.66,"1,071,000"
711583,營邦元大61購03,1.94,+0.09,2.03,2.03,1.94,"47,000"
711584,雙鴻元大61購16,2.32,+0.23,2.24,2.34,2.23,"479,000"
711585,雙鴻元大63購03,1.60,+0.06,1.61,1.66,1.60,"129,000"
711586,千附精國泰62購02,---,---,---,---,---,0
711587,元太國泰62購01,1.55,+0.08,1.62,1.63,1.55,"183,000"
711588,泓格國泰62購01,1.16,-0.04,1.16,1.16,1.16,"50,000"
711589,能率亞國泰62購01,2.39,+0.24,2.27,2.47,2.27,"65,000"
711590,晟田國泰62購01,1.30,+0.22,1.29,1.30,1.29,"7,000"
711591,群聯國泰62購06,1.99,+0.10,2.10,2.10,1.99,"139,000"
711592,雙鴻國泰62購01,---,---,---,---,---,0
711593,禾瑞亞統一67購01,---,---,---,---,---,0
711594,長科*統一6C購01,---,---,---,---,---,0
711595,群聯統一66購02,---,---,---,---,---,0
711596,M31富邦63購02,0.92,-0.01,1.03,1.03,0.92,"266,000"
711597,久元富邦62購02,0.58,+0.04,0.58,0.58,0.58,"200,000"
711598,立敦富邦63購02,---,---,---,---,---,0
711599,宏捷科富邦63購01,0.84,+0.04,0.89,0.93,0.84,"797,000"
711600,威剛富邦61購01,0.88,+0.04,0.89,0.89,0.86,"104,000"
711601,茂達富邦63購03,0.74,+0.02,0.78,0.78,0.74,"459,000"
711602,頎邦富邦62購01,0.68,+0.21,0.47,0.68,0.47,"273,000"
711603,頎邦富邦63購02,0.56,+0.12,0.55,0.57,0.55,"117,000"
711604,中光電凱基61購06,---,---,---,---,---,0
711605,世禾凱基61購01,---,---,---,---,---,0
711606,由田凱基61購01,1.50,+0.15,1.55,1.55,1.48,"160,000"
711607,宜鼎凱基65購01,2.34,+0.22,2.36,2.36,2.30,"111,000"
711608,長科*凱基64購01,---,---,---,---,---,0
711609,青雲凱基61購02,1.50,+0.09,1.53,1.53,1.50,"244,000"
711610,家登凱基61購03,---,---,---,---,---,0
711611,博智凱基63購02,---,---,---,---,---,0
711612,雙鴻凱基61購08,---,---,---,---,---,0
711613,世界台新61購03,1.55,+0.07,1.79,1.82,1.55,"1,131,000"
711614,台嘉碩台新61購04,1.59,-0.12,1.59,1.59,1.59,"31,000"
711615,巨漢台新61購04,1.29,+0.12,1.29,1.29,1.29,"24,000"
711616,家登台新61購02,1.38,+0.14,1.38,1.38,1.38,"16,000"
711617,M31元大61購02,1.94,-0.05,2.03,2.03,1.94,"31,000"
711618,千附精元大61購03,0.52,+0.03,0.54,0.54,0.52,"2,100,000"
711619,元太元大66購05,1.72,-0.03,1.81,1.81,1.72,"167,000"
711620,世禾元大61購01,---,---,---,---,---,0
711621,世界元大61購02,1.63,+0.40,1.63,1.63,1.63,"184,000"
711622,世界元大63購06,1.17,+0.15,1.16,1.21,1.16,"35,000"
711623,艾訊元大61購01,1.42,+0.28,1.22,1.42,1.22,"240,000"
711624,欣銓元大67購02,1.51,+0.15,1.50,1.51,1.50,"194,000"
711625,原相元大61購04,1.85,+0.10,1.80,1.86,1.80,"204,000"
711626,家登元大61購06,1.43,+0.15,1.44,1.45,1.40,"713,000"
711627,家登元大65購01,1.30,+0.11,1.31,1.32,1.28,"389,000"
711628,陽程元大61購05,1.28,+0.21,1.21,1.28,1.21,"51,000"
711629,臺慶科元大61購06,1.64,+0.24,1.60,1.64,1.60,"34,000"
711630,世界群益61購05,4.60,+0.10,5.35,5.35,4.60,"179,000"
711631,由田群益61購01,1.27,+0.09,1.40,1.40,1.27,"225,000"
711632,泓格群益61購01,1.15,+0.15,1.05,1.19,1.05,"188,000"
711633,群聯群益65購01,4.03,+0.34,4.10,4.10,4.03,"136,000"
711634,頎邦群益61購03,1.73,+0.35,1.63,1.73,1.63,"158,000"
711635,世界國票61購05,1.07,+0.05,1.18,1.19,1.07,"106,000"
711636,由田國票61購01,1.72,+0.34,1.57,1.72,1.57,"19,000"
711637,安勤國票65購01,0.75,+0.08,0.75,0.75,0.75,"7,000"
711638,泓格國票61購01,1.13,+0.13,1.12,1.14,1.12,"30,000"
711639,威剛國票64購01,1.88,+0.02,1.95,1.95,1.88,"115,000"
711640,茂訊國票65購02,0.72,+0.12,0.70,0.72,0.70,"124,000"
711641,茂綸國票65購01,1.00,+0.07,1.01,1.01,1.00,"71,000"
711642,神準國票65購01,0.57,0.00,0.57,0.57,0.57,"8,000"
711643,創惟國票65購01,0.98,+0.04,0.98,0.98,0.98,"5,000"
711644,鈊象國票63購01,1.69,-0.03,1.76,1.76,1.69,"138,000"
711645,精確國票65購01,---,---,---,---,---,0
711646,銳澤國票65購01,---,---,---,---,---,0
711647,家登富邦63購02,0.70,+0.07,0.70,0.71,0.69,"342,000"
711648,創惟富邦61購01,---,---,---,---,---,0
711649,巨漢國泰62購01,---,---,---,---,---,0
711650,威剛國泰62購02,2.64,+0.15,2.63,2.64,2.58,"140,000"
711651,家登國泰62購02,1.15,+0.17,1.15,1.15,1.15,"59,000"
711652,順達國泰62購01,1.00,0.00,1.12,1.12,1.00,"63,000"
711653,勤凱國泰62購01,1.15,+0.15,1.21,1.21,1.13,"810,000"
711654,由田統一67購01,0.63,+0.04,0.63,0.63,0.63,"94,000"
711655,由田統一6C購01,---,---,---,---,---,0
711656,立碁統一67購02,0.96,+0.02,0.99,0.99,0.96,"64,000"
711657,立碁統一69購01,0.94,-0.04,1.02,1.02,0.94,"11,000"
711658,聖暉*統一69購01,0.44,+0.03,0.44,0.44,0.44,"6,000"
711659,群聯中信61購03,0.55,+0.03,0.57,0.57,0.55,"108,000"
711660,力領永豐61購01,0.75,+0.03,0.75,0.75,0.75,"61,000"
711661,天品永豐64購01,---,---,---,---,---,0
711662,世紀*永豐61購02,---,---,---,---,---,0
711663,巨有永豐64購01,0.88,+0.05,0.88,0.88,0.88,"90,000"
711664,禾瑞亞永豐61購01,1.07,+0.07,1.07,1.07,1.07,"10,000"
711665,禾瑞亞永豐64購01,---,---,---,---,---,0
711666,艾訊永豐61購02,0.79,+0.16,0.67,0.80,0.67,"136,000"
711667,亞信永豐61購01,---,---,---,---,---,0
711668,朋程永豐61購01,1.51,+0.24,1.47,1.51,1.47,"74,000"
711669,昱展永豐64購01,---,---,---,---,---,0
711670,原相永豐61購04,2.62,+0.23,2.53,2.66,2.53,"100,000"
711671,家登永豐61購05,2.97,+0.26,2.99,2.99,2.97,"33,000"
711672,振曜永豐64購01,0.78,+0.05,0.75,0.78,0.75,"153,000"
711673,博士旺永豐67購01,---,---,---,---,---,0
711674,博智永豐61購03,1.89,+0.12,1.83,1.89,1.83,"264,000"
711675,順達永豐61購03,---,---,---,---,---,0
711676,順達永豐67購02,1.75,+0.15,1.77,1.79,1.74,"80,000"
711677,聖暉*永豐61購02,0.80,+0.06,0.80,0.83,0.77,"160,000"
711678,中光電台新61購06,---,---,---,---,---,0
711679,系微台新61購01,1.31,+0.18,1.31,1.31,1.25,"100,000"
711680,高技台新61購01,1.23,+0.06,1.19,1.25,1.19,"120,000"
711681,高技台新61購02,1.25,+0.09,1.21,1.25,1.21,"50,000"
711682,博智台新61購01,---,---,---,---,---,0
711683,群聯台新61購05,0.85,+0.01,0.89,0.89,0.85,"185,000"
711684,群聯台新61購06,0.83,+0.04,0.83,0.83,0.83,"31,000"
711685,雙鴻台新61購01,---,---,---,---,---,0
711686,雙鴻台新61購02,---,---,---,---,---,0
711687,世界凱基61購04,---,---,---,---,---,0
711688,安勤凱基63購01,0.82,+0.12,0.78,0.82,0.77,"114,000"
711689,宜鼎凱基65購02,1.61,+0.22,1.60,1.61,1.60,"33,000"
711690,翔名凱基61購03,1.07,+0.13,1.07,1.07,1.07,"19,000"
711691,鈊象凱基61購04,1.66,+0.07,1.66,1.66,1.66,"12,000"
711692,中光電元大64購01,1.78,+0.31,1.76,1.78,1.67,"93,000"
711693,世界元大61購03,1.30,+0.13,1.37,1.37,1.29,"598,000"
711694,世界元大61購04,1.09,+0.09,1.24,1.24,1.09,"1,129,000"
711695,世界元大63購07,---,---,---,---,---,0
711696,欣銓元大67購03,1.38,+0.12,1.37,1.38,1.37,"8,000"
711697,泓格元大61購01,1.06,+0.14,0.97,1.06,0.97,"365,000"
711698,家登元大61購07,---,---,---,---,---,0
711699,家登元大61購08,0.97,+0.11,0.98,0.98,0.96,"2,505,000"
711700,家登元大65購02,0.84,+0.09,0.84,0.85,0.84,"67,000"
711701,高技元大61購01,---,---,---,---,---,0
711702,博智元大61購02,---,---,---,---,---,0
711703,群聯元大64購09,1.75,+0.09,1.82,1.82,1.75,"181,000"
711704,頎邦元大61購05,0.46,-0.01,0.46,0.46,0.46,"10,000"
711705,巨漢國票61購02,---,---,---,---,---,0
711706,巨漢國票61購03,---,---,---,---,---,0
711707,宏捷科國票64購01,0.84,+0.06,0.85,0.86,0.84,"137,000"
711708,宜特國票63購01,---,---,---,---,---,0
711709,高技國票65購01,1.00,+0.02,1.00,1.00,1.00,"4,000"
711710,世界群益61購06,4.99,+0.11,5.45,5.45,4.99,"313,000"
711711,欣銓群益61購02,1.13,+0.14,1.09,1.14,1.07,"562,000"
711712,威剛群益63購01,3.45,+0.16,3.45,3.45,3.45,"30,000"
711713,高技群益61購01,0.91,-0.01,0.96,0.98,0.91,"276,000"
711714,鈊象群益61購03,1.79,-0.01,1.84,1.84,1.78,"129,000"
711715,群聯群益65購02,1.82,+0.11,1.89,1.89,1.81,"140,000"
711716,頎邦群益61購04,0.85,+0.17,0.84,0.85,0.84,"70,000"
711717,磐儀群益61購01,---,---,---,---,---,0
711718,營邦群益61購01,1.35,+0.15,1.28,1.35,1.28,"17,000"
711719,雙鴻群益61購04,1.69,+0.04,1.60,1.69,1.60,"13,000"
711720,宜鼎中信61購04,0.88,+0.06,0.90,0.92,0.88,"110,000"
711721,威剛中信61購02,0.67,+0.02,0.68,0.68,0.67,"75,000"
711722,中光電永豐61購06,2.30,+0.39,2.30,2.30,2.30,"9,000"
711723,元太永豐61購06,2.22,+0.07,2.22,2.22,2.22,"3,000"
711724,永信建永豐65購01,---,---,---,---,---,0
711725,由田永豐61購01,0.93,+0.07,0.98,0.98,0.93,"213,000"
711726,岳豐永豐64購01,---,---,---,---,---,0
711727,原相永豐61購05,1.41,+0.10,1.37,1.42,1.37,"179,000"
711728,順達永豐61購04,---,---,---,---,---,0
711729,順達永豐61購05,---,---,---,---,---,0
711730,群翊永豐61購02,1.33,+0.12,1.34,1.34,1.33,"44,000"
711731,群聯永豐67購04,---,---,---,---,---,0
711732,精華永豐61購01,0.63,+0.02,0.62,0.63,0.62,"40,000"
711733,臺慶科永豐61購01,1.29,+0.02,1.41,1.41,1.29,"122,000"
711734,倉和國泰63購01,2.17,+0.35,2.14,2.17,2.02,"97,000"
711735,原相國泰62購01,1.71,+0.18,1.65,1.71,1.65,"61,000"
711736,雙鴻國泰62購02,2.39,+0.04,2.39,2.39,2.39,"43,000"
711737,由田統一65購01,0.57,+0.04,0.59,0.59,0.57,"1,592,000"
711738,宏捷科統一65購01,0.70,+0.08,0.71,0.72,0.70,"308,000"
711739,長科*統一65購01,0.80,+0.10,0.79,0.80,0.79,"58,000"
711740,茂訊統一65購01,0.66,+0.08,0.62,0.66,0.62,"254,000"
711741,高技統一67購01,0.56,0.00,0.56,0.56,0.56,"40,000"
711742,高技統一69購01,---,---,---,---,---,0
711743,高技統一6C購01,---,---,---,---,---,0
711744,博智統一65購02,---,---,---,---,---,0
711745,聖暉*統一65購04,0.51,+0.04,0.51,0.51,0.51,"164,000"
711746,家登台新61購03,---,---,---,---,---,0
711747,敘豐台新61購01,0.85,+0.02,0.89,0.90,0.85,"90,000"
711748,博士旺台新61購02,---,---,---,---,---,0
711749,群聯台新61購08,5.95,+0.30,6.30,6.30,5.95,"85,000"
711750,群聯台新63購01,5.25,+0.05,5.40,5.40,5.20,"90,000"
711751,群聯台新64購01,5.35,+0.25,5.65,5.65,5.35,"38,000"
711752,雙鴻台新61購03,---,---,---,---,---,0
711753,雙鴻台新63購01,---,---,---,---,---,0
711754,中光電凱基61購07,---,---,---,---,---,0
711755,艾訊凱基61購01,0.96,+0.19,0.96,0.96,0.96,"25,000"
711756,威剛凱基61購07,2.75,+0.27,2.77,2.77,2.68,"24,000"
711757,家登凱基61購04,---,---,---,---,---,0
711758,高技凱基61購01,1.17,+0.11,1.14,1.17,1.14,"37,000"
711759,博智凱基61購02,1.29,+0.04,1.36,1.36,1.29,"51,000"
711760,群聯凱基61購12,1.71,+0.18,1.70,1.75,1.70,"118,000"
711761,磐儀凱基61購01,1.07,+0.16,1.07,1.12,1.07,"50,000"
711762,雙鴻凱基61購09,1.71,+0.06,1.66,1.71,1.66,"11,000"
711763,中光電國票61購03,---,---,---,---,---,0
711764,天正國票68購01,---,---,---,---,---,0
711765,好德國票61購01,0.60,+0.09,0.53,0.60,0.53,"502,000"
711766,系微國票65購01,0.89,+0.10,0.89,0.89,0.89,"11,000"
711767,振發國票65購01,0.65,+0.04,0.65,0.65,0.65,"20,000"
711768,富喬國票61購02,2.28,+0.35,2.44,2.44,2.28,"87,000"
711769,富喬國票63購01,2.42,+0.29,2.58,2.58,2.42,"38,000"
711770,達航國票65購01,---,---,---,---,---,0
711771,蜜望實國票61購01,1.24,-0.05,1.41,1.41,1.24,"42,000"
711772,世禾群益61購01,0.96,+0.07,0.97,0.97,0.96,"58,000"
711773,世禾群益61購02,0.99,+0.05,0.99,0.99,0.99,"28,000"
711774,東浦群益61購03,---,---,---,---,---,0
711775,家登群益63購03,0.90,+0.11,0.93,0.93,0.89,"100,000"
711776,神準群益61購01,0.86,+0.01,0.86,0.86,0.86,"5,000"
711777,博士旺群益61購01,1.53,+0.31,1.52,1.53,1.52,"50,000"
711778,臺慶科群益61購02,1.11,+0.03,1.20,1.20,1.11,"468,000"
711779,蜜望實群益61購01,1.27,-0.10,1.44,1.44,1.27,"76,000"
711780,磐儀群益61購02,1.55,+0.23,1.49,1.57,1.49,"65,000"
711781,磐儀群益61購03,1.43,+0.17,1.38,1.43,1.38,"17,000"
711782,元太元大65購04,1.68,+0.09,1.71,1.71,1.66,"105,000"
711783,立碁元大61購01,1.82,+0.18,1.84,1.84,1.79,"156,000"
711784,艾訊元大61購02,0.79,+0.12,0.69,0.79,0.69,"1,220,000"
711785,泓格元大61購02,1.18,+0.16,1.09,1.19,1.09,"735,000"
711786,博智元大61購03,---,---,---,---,---,0
711787,群聯元大64購10,1.90,+0.12,1.95,1.95,1.90,"178,000"
711788,頎邦元大64購01,---,---,---,---,---,0
711789,蜜望實元大61購01,1.31,-0.05,1.47,1.47,1.31,"405,000"
711790,磐儀元大61購01,1.13,+0.20,1.15,1.15,1.13,"6,000"
711791,營邦元大61購04,0.71,+0.02,0.73,0.76,0.71,"1,328,000"
711792,大學光永豐61購01,0.89,+0.07,0.87,0.89,0.87,"166,000"
711793,立碁永豐61購02,1.80,-0.15,2.09,2.09,1.80,"88,000"
711794,全宇昕永豐61購02,0.77,0.00,0.77,0.77,0.77,"11,000"
711795,伯特光永豐61購01,---,---,---,---,---,0
711796,宏碁資永豐61購01,0.87,+0.06,0.88,0.88,0.87,"200,000"
711797,宜鼎永豐61購04,1.36,+0.12,1.40,1.40,1.34,"245,000"
711798,泓格永豐64購01,---,---,---,---,---,0
711799,能率永豐61購01,1.02,+0.19,0.92,1.02,0.92,"6,000"
711800,高技永豐61購01,0.79,+0.01,0.80,0.82,0.79,"222,000"
711801,高技永豐61購02,0.83,+0.06,0.83,0.83,0.83,"16,000"
711802,高技永豐63購01,0.86,+0.05,0.85,0.87,0.85,"108,000"
711803,高技永豐67購01,1.30,+0.04,1.30,1.30,1.30,"8,000"
711804,高鋒永豐61購01,---,---,---,---,---,0
711805,凱崴永豐61購02,1.28,+0.15,1.28,1.28,1.28,"22,000"
711806,富喬永豐61購04,1.77,+0.37,1.77,1.77,1.77,"178,000"
711807,崴寶永豐64購01,---,---,---,---,---,0
711808,華電網永豐61購02,---,---,---,---,---,0
711809,聖暉*永豐64購02,---,---,---,---,---,0
711810,僑威永豐61購01,0.68,0.00,0.68,0.68,0.68,"9,000"
711811,蜜望實永豐61購02,0.71,-0.03,0.76,0.76,0.71,"35,000"
711812,蜜望實永豐61購03,0.85,-0.04,0.91,0.92,0.85,"154,000"
711813,艾訊國泰63購01,1.48,+0.31,1.21,1.48,1.21,"125,000"
711814,泓格國泰63購01,1.04,+0.11,0.94,1.04,0.94,"209,000"
711815,頎邦國泰63購01,1.42,+0.23,1.35,1.42,1.35,"54,000"
711816,頎邦國泰63購02,1.27,+0.21,1.21,1.27,1.21,"111,000"
711817,巨漢富邦63購01,---,---,---,---,---,0
711818,安勤富邦63購01,0.47,+0.06,0.46,0.47,0.45,"155,000"
711819,宜鼎富邦67購01,0.92,+0.05,0.95,0.96,0.92,"520,000"
711820,富喬富邦67購01,---,---,---,---,---,0
711821,蜜望實富邦63購01,0.59,-0.03,0.67,0.67,0.59,"162,000"
711822,艾訊統一6C購01,---,---,---,---,---,0
711823,泓格統一6B購01,0.57,+0.03,0.57,0.57,0.57,"22,000"
711824,茂達統一65購04,---,---,---,---,---,0
711825,振發統一6C購01,---,---,---,---,---,0
711826,蜜望實統一65購01,---,---,---,---,---,0
711827,蜜望實統一6B購01,---,---,---,---,---,0
711828,蜜望實統一6C購01,---,---,---,---,---,0
711829,泓格群益61購02,1.57,+0.06,1.46,1.57,1.46,"79,000"
711830,泓格群益61購03,1.47,+0.17,1.41,1.47,1.41,"60,000"
711831,元債20國票61購01,---,---,---,---,---,0
711832,天品國票61購02,0.98,0.00,0.98,0.98,0.98,"10,000"
711833,天品國票63購01,---,---,---,---,---,0
711834,方土昶國票65購01,0.93,+0.07,0.93,1.00,0.90,"1,151,000"
711835,宏碁資國票65購01,0.85,+0.08,0.81,0.85,0.81,"50,000"
711836,倚強國票61購01,---,---,---,---,---,0
711837,智通*國票61購03,0.74,+0.05,0.71,0.76,0.71,"148,000"
711838,雙鴻國票66購01,---,---,---,---,---,0
711839,穩得國票61購01,1.04,+0.11,1.01,1.07,1.01,"5,000"
711840,中光電中信61購01,---,---,---,---,---,0
711841,大世科永豐61購01,---,---,---,---,---,0
711842,中美晶永豐64購03,1.54,+0.12,1.54,1.54,1.54,"28,000"
711843,友輝永豐61購01,---,---,---,---,---,0
711844,安勤永豐61購01,0.69,+0.09,0.69,0.69,0.69,"87,000"
711845,岱稜永豐61購01,---,---,---,---,---,0
711846,東洋永豐61購01,0.80,0.00,0.80,0.80,0.78,"43,000"
711847,統振永豐61購01,---,---,---,---,---,0
711848,智擎永豐61購01,---,---,---,---,---,0
711849,頎邦永豐63購01,1.14,+0.25,1.14,1.14,1.14,"42,000"
711850,銳澤永豐61購01,0.57,+0.05,0.57,0.57,0.57,"32,000"
711851,雙鴻永豐61購06,1.33,+0.08,1.40,1.40,1.33,"104,000"
711852,中美晶元大63購04,1.10,-0.07,1.24,1.29,1.10,"801,000"
711853,中美晶元大67購01,0.52,-0.01,0.56,0.56,0.50,"488,000"
711854,安勤元大61購01,1.28,+0.23,1.20,1.30,1.20,"500,000"
711855,艾訊元大61購03,0.89,+0.18,0.76,0.90,0.76,"1,951,000"
711856,欣銓元大65購01,1.30,+0.14,1.26,1.32,1.23,"210,000"
711857,泓格元大67購01,1.19,+0.06,1.09,1.19,1.09,"593,000"
711858,晟田元大61購04,1.40,+0.24,1.27,1.44,1.27,"704,000"
711859,順達元大63購02,1.18,+0.07,1.21,1.21,1.18,"13,000"
711860,群聯元大64購11,1.32,+0.03,1.36,1.37,1.32,"400,000"
711861,廣積元大61購01,1.01,+0.20,0.96,1.02,0.96,"2,483,000"
711862,雙鴻元大61購17,2.01,+0.22,1.92,2.02,1.92,"353,000"
711863,雙鴻元大61購18,1.04,+0.08,1.04,1.04,1.04,"10,000"
711864,雙鴻元大63購04,0.63,0.00,0.63,0.66,0.63,"255,000"
711865,中美晶台新65購01,0.84,-0.02,0.97,0.99,0.84,"110,000"
711866,智通*台新61購01,0.92,+0.06,0.87,0.96,0.87,"203,000"
711867,群聯台新61購09,2.02,+0.22,2.02,2.03,2.02,"38,000"
711868,頎邦台新61購07,1.68,+0.28,1.67,1.71,1.67,"94,000"
711869,蜜望實台新61購01,1.55,-0.11,1.74,1.74,1.55,"100,000"
711870,廣積台新61購01,1.86,+0.46,1.49,1.86,1.49,"154,000"
711871,中美晶凱基61購11,---,---,---,---,---,0
711872,中美晶凱基63購02,1.89,+0.21,1.89,1.89,1.89,"2,000"
711873,元太凱基66購01,2.12,+0.02,2.23,2.24,2.09,"65,000"
711874,立碁凱基61購01,1.56,-0.05,1.58,1.58,1.56,"41,000"
711875,宜鼎凱基61購06,1.73,+0.19,1.78,1.78,1.70,"322,000"
711876,宜鼎凱基63購01,2.00,+0.17,2.04,2.08,2.00,"233,000"
711877,富喬凱基61購07,2.87,+0.73,2.87,2.87,2.87,"1,000"
711878,頎邦凱基61購06,---,---,---,---,---,0
711879,蜜望實凱基61購01,1.24,-0.06,1.32,1.32,1.24,"42,000"
711880,營邦凱基61購04,1.47,+0.06,1.58,1.58,1.47,"146,000"
711881,雙鴻凱基63購04,1.53,+0.10,1.56,1.56,1.52,"320,000"
711882,中光電國泰63購01,---,---,---,---,---,0
711883,立碁國泰63購01,2.52,-0.25,2.93,2.97,2.52,"124,000"
711884,博智國泰63購01,---,---,---,---,---,0
711885,富喬國泰63購01,1.98,+0.20,2.02,2.02,1.93,"28,000"
711886,富喬國泰63購02,1.63,+0.32,1.64,1.64,1.63,"44,000"
711887,智通*國泰63購01,1.03,+0.03,0.99,1.10,0.99,"693,000"
711888,廣積國泰63購01,2.54,+0.51,2.32,2.54,2.32,"22,000"
711889,中美晶富邦63購02,---,---,---,---,---,0
711890,中美晶富邦67購01,---,---,---,---,---,0
711891,中美晶富邦77購01,---,---,---,---,---,0
711892,世界富邦61購04,0.62,+0.14,0.62,0.62,0.62,"12,000"
711893,世界富邦67購01,0.75,+0.07,0.75,0.77,0.72,"125,000"
711894,高技富邦63購01,0.59,0.00,0.63,0.64,0.59,"257,000"
711895,昱展統一67購01,---,---,---,---,---,0
711896,高技統一67購02,0.61,+0.03,0.61,0.61,0.61,"30,000"
711897,蜜望實統一67購01,0.67,+0.04,0.68,0.68,0.67,"140,000"
711898,磐儀統一67購01,---,---,---,---,---,0
711899,中美晶群益61購03,1.44,+0.04,1.68,1.72,1.44,"138,000"
711900,元太群益61購01,3.83,+0.02,3.88,3.96,3.83,"76,000"
711901,高技群益61購02,1.53,+0.02,1.54,1.58,1.51,"314,000"
711902,廣積群益61購01,1.26,+0.21,1.05,1.26,1.05,"160,000"
711903,廣積群益63購01,1.18,+0.14,1.04,1.18,1.04,"85,000"
711904,雙鴻群益61購05,1.28,+0.16,1.22,1.28,1.22,"42,000"
711905,中光電凱基61購08,---,---,---,---,---,0
711906,中美晶凱基61購12,1.36,-0.07,1.63,1.63,1.36,"160,000"
711907,立碁凱基61購02,1.63,+0.25,1.59,1.63,1.59,"3,000"
711908,艾訊凱基61購02,---,---,---,---,---,0
711909,欣銓凱基65購01,1.19,+0.11,1.19,1.19,1.19,"10,000"
711910,泓格凱基61購02,1.49,+0.11,1.49,1.49,1.49,"3,000"
711911,威剛凱基63購01,---,---,---,---,---,0
711912,振發凱基61購01,1.68,+0.35,1.71,1.71,1.68,"13,000"
711913,智通*凱基61購05,1.18,-0.01,1.18,1.18,1.18,"11,000"
711914,順達凱基63購02,1.19,-0.08,1.39,1.39,1.19,"266,000"
711915,群聯凱基61購13,1.47,+0.12,1.49,1.49,1.47,"37,000"
711916,M31台新67購01,2.08,+0.05,2.14,2.14,2.08,"4,000"
711917,世界台新61購04,1.57,+0.12,1.70,1.70,1.57,"11,000"
711918,群聯台新67購05,---,---,---,---,---,0
711919,群聯台新67購06,2.75,+0.09,2.83,2.83,2.72,"161,000"
711920,M31元大61購03,2.04,+0.04,2.04,2.04,2.04,"1,000"
711921,中美晶元大61購10,1.03,-0.04,1.16,1.21,1.00,"2,014,000"
711922,中美晶元大67購02,0.56,-0.03,0.61,0.63,0.56,"76,000"
711923,立碁元大61購02,1.39,-0.09,1.61,1.61,1.39,"100,000"
711924,宜鼎元大61購11,1.53,+0.10,1.58,1.58,1.53,"928,000"
711925,泓格元大61購03,1.43,+0.12,1.27,1.43,1.27,"255,000"
711926,威剛元大61購07,2.13,+0.11,2.12,2.13,2.08,"100,000"
711927,鈊象元大61購02,2.07,+0.06,2.07,2.07,2.07,"27,000"
711928,群聯元大61購21,1.30,+0.06,1.35,1.37,1.30,"465,000"
711929,群聯元大63購06,1.23,+0.07,1.25,1.26,1.23,"1,690,000"
711930,中美晶永豐64購04,---,---,---,---,---,0
711931,世界永豐64購01,1.50,+0.09,1.59,1.59,1.50,"120,000"
711932,宜鼎永豐61購05,1.67,+0.17,1.74,1.79,1.64,"502,000"
711933,宜鼎永豐63購03,1.75,+0.16,1.77,1.77,1.71,"229,000"
711934,鈊象永豐61購02,1.67,+0.04,1.69,1.69,1.65,"14,000"
711935,廣積永豐61購02,1.24,+0.24,1.10,1.24,1.10,"335,000"
711936,加高國票65購01,0.80,+0.01,0.80,0.80,0.80,"5,000"
711937,立碁國票64購01,---,---,---,---,---,0
711938,泓格國票61購02,1.29,+0.19,1.23,1.37,1.23,"258,000"
711939,茂迪國票64購01,1.21,+0.18,1.15,1.21,1.15,"110,000"
711940,陽程國票61購03,1.26,+0.23,1.22,1.26,1.22,"4,000"
711941,頎邦國票63購01,---,---,---,---,---,0
711942,廣積國票67購01,0.85,+0.05,0.79,0.85,0.79,"24,000"
711943,磐儀國票66購01,0.75,+0.09,0.73,0.75,0.73,"18,000"
711944,晟田國泰63購01,1.19,+0.15,1.23,1.25,1.19,"84,000"
711945,立碁富邦61購03,0.78,-0.07,0.96,0.96,0.78,"29,000"
711946,威剛富邦64購02,0.79,+0.04,0.80,0.80,0.79,"19,000"
711947,頎邦統一6A購01,---,---,---,---,---,0
711948,中光電群益62購01,---,---,---,---,---,0
711949,正德國票62購01,1.19,+0.02,1.18,1.19,1.18,"13,000"
711950,威剛國票62購03,1.66,-0.01,1.66,1.66,1.66,"12,000"
711951,美達國票62購01,---,---,---,---,---,0
711952,森鉅國票67購01,---,---,---,---,---,0
711953,群聯國票62購02,1.21,+0.07,1.25,1.25,1.19,"193,000"
711954,世界中信62購01,0.84,+0.09,0.93,0.93,0.84,"259,000"
711955,宜鼎永豐63購04,2.29,+0.19,2.36,2.36,2.27,"581,000"
711956,富喬永豐62購01,---,---,---,---,---,0
711957,富喬永豐63購01,---,---,---,---,---,0
711958,台嘉碩國泰63購01,---,---,---,---,---,0
711959,宜鼎國泰63購01,3.02,+0.27,3.07,3.09,3.00,"38,000"
711960,群聯國泰65購01,2.28,+0.08,2.33,2.33,2.28,"12,000"
711961,群聯富邦63購04,1.19,+0.05,1.24,1.25,1.19,"261,000"
711962,群聯富邦63購05,1.21,+0.05,1.21,1.22,1.19,"166,000"
711963,群聯富邦63購06,1.22,+0.06,1.27,1.27,1.22,"234,000"
711964,頎邦富邦63購03,0.91,+0.14,0.90,0.91,0.90,"100,000"
711965,雙鴻富邦63購03,1.04,+0.02,1.01,1.04,0.98,"745,000"
711966,雙鴻富邦63購04,1.06,0.00,1.06,1.08,1.02,"322,000"
711967,M31台新62購02,---,---,---,---,---,0
711968,頎邦台新62購01,2.31,+0.41,2.21,2.31,2.21,"66,000"
711969,元太凱基65購01,2.42,+0.10,2.42,2.42,2.42,"3,000"
711970,宜鼎凱基62購01,2.25,+0.18,2.25,2.25,2.25,"5,000"
711971,威剛凱基63購02,2.45,+0.04,2.56,2.56,2.45,"11,000"
711972,高技凱基62購01,2.07,+0.04,2.12,2.12,2.07,"25,000"
711973,富喬凱基62購02,3.41,+0.89,3.41,3.41,3.41,"1,000"
711974,群聯凱基62購01,2.87,+0.11,2.95,2.95,2.85,"103,000"
711975,頎邦凱基63購02,1.49,-0.63,2.51,2.51,1.49,"16,000"
711976,廣積凱基62購01,---,---,---,---,---,0
711977,磐儀凱基62購01,1.86,+0.18,1.74,2.05,1.74,"120,000"
711978,雙鴻凱基62購01,3.17,+0.16,2.99,3.17,2.99,"21,000"
711979,M31元大62購01,1.70,+0.01,1.72,1.72,1.70,"10,000"
711980,M31元大65購01,1.26,+0.02,1.26,1.26,1.26,"1,000"
711981,巨漢元大62購01,1.66,+0.10,1.66,1.66,1.66,"2,000"
711982,良維元大62購01,1.49,+0.13,1.49,1.49,1.49,"4,000"
711983,威剛元大62購03,2.32,+0.02,2.41,2.41,2.32,"103,000"
711984,博智元大62購01,---,---,---,---,---,0
711985,富喬元大67購01,2.58,+0.37,2.69,2.69,2.58,"51,000"
711986,鈊象元大62購05,2.06,+0.03,2.10,2.10,2.04,"106,000"
711987,鈊象元大62購06,2.16,+0.03,2.16,2.18,2.16,"136,000"
711988,群聯元大62購04,1.87,+0.11,1.90,1.95,1.87,"203,000"
711989,中光電永豐63購01,---,---,---,---,---,0
711990,家登永豐63購01,3.30,+0.28,3.30,3.30,3.30,"2,000"
711991,富喬永豐65購02,---,---,---,---,---,0
711992,富喬永豐68購02,2.64,+0.41,2.64,2.64,2.64,"1,000"
711993,群聯永豐64購10,---,---,---,---,---,0
711994,新應材群益62購01,2.27,+0.28,2.19,2.28,2.19,"101,000"
711995,中美晶台新62購01,1.17,-0.08,1.38,1.40,1.17,"452,000"
711996,宜鼎台新62購02,---,---,---,---,---,0
711997,欣銓台新62購01,2.44,+0.34,2.44,2.55,2.44,"116,000"
711998,威剛台新62購02,1.49,+0.07,1.50,1.50,1.49,"31,000"
711999,倉和台新68購01,---,---,---,---,---,0
712000,臺慶科台新62購01,2.18,+0.12,2.18,2.18,2.18,"1,000"
712001,中光電凱基63購01,---,---,---,---,---,0
712002,中美晶凱基63購04,2.00,-0.11,2.12,2.12,2.00,"7,000"
712003,巨漢凱基63購01,1.91,+0.13,1.91,1.91,1.91,"2,000"
712004,良維凱基63購01,1.76,+0.09,1.75,1.76,1.75,"4,000"
712005,博智凱基63購03,---,---,---,---,---,0
712006,順達凱基63購03,1.86,0.00,2.05,2.05,1.86,"15,000"
712007,鈊象凱基64購03,---,---,---,---,---,0
712008,群聯凱基63購04,---,---,---,---,---,0
712009,群聯凱基64購05,3.46,+0.32,3.43,3.52,3.43,"45,000"
712010,元太國票64購01,1.49,+0.08,1.49,1.49,1.49,"8,000"
712011,世紀*國票66購01,1.35,+0.02,1.35,1.35,1.35,"8,000"
712012,光焱國票66購01,0.77,+0.06,0.77,0.77,0.77,"80,000"
712013,光焱國票68購01,---,---,---,---,---,0
712014,沛亨國票66購01,1.69,+0.14,1.70,1.77,1.67,"105,000"
712015,宜鼎國票68購01,1.68,+0.10,1.72,1.72,1.67,"19,000"
712016,順達國票65購02,1.44,+0.05,1.43,1.44,1.43,"4,000"
712017,臺慶科國票64購01,---,---,---,---,---,0
712018,譜瑞國票66購01,1.31,+0.13,1.30,1.31,1.30,"16,000"
712019,中美晶元大64購03,0.72,-0.04,0.80,0.83,0.72,"243,000"
712020,均華元大64購01,1.91,+0.13,1.93,1.97,1.90,"63,000"
712021,均豪元大64購03,1.10,+0.08,1.05,1.10,1.05,"16,000"
712022,系統電元大64購01,2.54,+0.19,2.54,2.54,2.54,"6,000"
712023,良維元大63購02,2.21,+0.07,2.27,2.27,2.21,"5,000"
712024,良維元大64購01,1.03,+0.03,1.06,1.06,1.03,"23,000"
712025,宜鼎元大64購01,1.64,+0.12,1.68,1.68,1.62,"252,000"
712026,陽程元大64購01,1.37,+0.18,1.37,1.37,1.37,"2,000"
712027,鈊象元大63購06,1.80,+0.03,1.82,1.82,1.78,"83,000"
712028,鈊象元大63購07,1.36,+0.04,1.36,1.37,1.34,"351,000"
712029,鈊象元大64購03,1.01,+0.03,1.01,1.01,1.01,"5,000"
712030,新應材元大63購01,2.61,+0.22,2.54,2.74,2.52,"187,000"
712031,新應材元大63購02,2.45,+0.27,2.31,2.49,2.30,"74,000"
712032,新應材元大63購03,2.27,+0.11,2.33,2.33,2.27,"14,000"
712033,新應材元大64購01,2.63,+0.35,2.52,2.67,2.46,"266,000"
712034,群聯元大63購07,1.96,+0.16,1.97,1.99,1.94,"82,000"
712035,群聯元大63購08,2.24,+0.04,2.30,2.33,2.24,"209,000"
712036,群聯元大64購12,1.33,+0.06,1.37,1.38,1.32,"130,000"
712037,威剛國泰63購01,2.15,+0.14,2.15,2.15,2.15,"4,000"
712038,聖暉*國泰63購01,1.56,+0.11,1.56,1.56,1.56,"10,000"
712039,M31富邦65購01,0.84,+0.03,0.86,0.86,0.84,"30,000"
712040,群聯富邦64購02,1.50,+0.13,1.51,1.51,1.50,"30,000"
712041,台特化國票67購01,1.37,+0.14,1.37,1.37,1.37,"5,000"
712042,艾訊國票67購01,1.18,+0.18,1.11,1.18,1.11,"15,000"
712043,宏捷科國票69購01,---,---,---,---,---,0
712044,高技國票65購02,1.46,-0.02,1.54,1.54,1.46,"53,000"
712045,博磊國票66購01,1.15,+0.16,1.21,1.21,1.15,"20,000"
712046,竑騰群益62購01,---,---,---,---,---,0
712047,順達群益62購01,2.02,-0.01,2.18,2.18,2.02,"61,000"
712048,新應材群益62購02,1.88,+0.24,1.79,1.88,1.78,"42,000"
712049,聖暉*群益62購01,---,---,---,---,---,0
712050,營邦群益62購01,---,---,---,---,---,0
712051,營邦群益62購02,2.69,+0.19,2.69,2.69,2.69,"2,000"
712052,中光電元大64購02,---,---,---,---,---,0
712053,宜鼎元大63購05,1.82,+0.11,1.85,1.85,1.82,"9,000"
712054,宜鼎元大64購02,1.58,+0.09,1.59,1.61,1.58,"45,000"
712055,威剛元大63購01,---,---,---,---,---,0
712056,威剛元大64購02,1.75,+0.12,1.75,1.75,1.75,"10,000"
712057,倉和元大63購01,---,---,---,---,---,0
712058,高技元大63購01,2.17,+0.04,2.25,2.25,2.17,"7,000"
712059,富喬元大63購02,---,---,---,---,---,0
712060,智通*元大63購03,2.74,+0.20,2.59,2.74,2.56,"157,000"
712061,智通*元大64購01,1.71,+0.55,1.69,1.71,1.69,"2,000"
712062,群聯元大63購09,1.84,+0.12,1.86,1.87,1.84,"21,000"
712063,蜜望實元大63購01,---,---,---,---,---,0
712064,廣穎元大63購01,0.99,+0.09,1.02,1.02,0.99,"62,000"
712065,雙鴻元大63購05,2.80,+0.16,2.82,2.94,2.80,"141,000"
712066,雙鴻元大63購06,1.24,+0.12,1.22,1.27,1.22,"177,000"
712067,雙鴻元大64購03,1.00,+0.06,0.96,1.00,0.96,"75,000"
712068,均華國泰63購01,2.95,+0.21,2.96,2.96,2.95,"150,000"
712069,家登國泰63購01,---,---,---,---,---,0
712070,順達國泰63購01,1.72,-0.01,1.80,1.80,1.72,"25,000"
712071,順達國泰63購02,1.52,+0.01,1.52,1.52,1.52,"40,000"
712072,鈊象國泰63購01,---,---,---,---,---,0
712073,新應材國泰63購01,3.11,+0.29,3.11,3.11,3.11,"30,000"
712074,營邦國泰63購01,2.66,+0.35,2.66,2.66,2.66,"1,000"
712075,新應材中信62購01,1.38,+0.19,1.33,1.44,1.33,"290,000"
712076,竑騰永豐63購01,1.68,+0.08,1.72,1.72,1.68,"180,000"
712077,博磊永豐63購01,---,---,---,---,---,0
712078,順達永豐63購01,1.78,-0.02,1.78,1.78,1.78,"12,000"
712079,新應材永豐68購01,---,---,---,---,---,0
712080,新應材永豐68購02,1.05,+0.07,1.05,1.05,1.05,"5,000"
712081,新應材永豐68購03,1.11,+0.05,1.11,1.11,1.11,"35,000"
712082,群聯永豐64購11,1.86,+0.23,1.86,1.86,1.86,"5,000"
712083,均華凱基64購01,---,---,---,---,---,0
712084,沛亨凱基63購01,2.36,+0.32,2.30,2.36,2.30,"4,000"
712085,宜鼎凱基68購01,3.08,+0.25,3.08,3.08,3.08,"5,000"
712086,新應材凱基63購01,---,---,---,---,---,0
712087,新應材凱基63購02,3.10,+0.36,3.10,3.10,3.10,"5,000"
712088,新應材凱基63購03,3.20,+0.43,3.02,3.20,3.02,"113,000"
712089,新應材凱基64購01,2.91,+0.20,3.02,3.04,2.91,"156,000"
712090,群聯凱基63購05,3.33,+0.18,3.47,3.47,3.33,"187,000"
712091,臺慶科凱基63購02,2.81,+0.24,2.81,2.81,2.81,"20,000"
712092,雙鴻凱基63購05,---,---,---,---,---,0
712093,譜瑞凱基63購01,2.35,+0.32,2.24,2.36,2.23,"410,000"
712094,世界台新65購01,2.31,+0.11,2.39,2.39,2.29,"26,000"
712095,巨漢台新62購01,---,---,---,---,---,0
712096,均華台新62購01,---,---,---,---,---,0
712097,均華台新62購02,---,---,---,---,---,0
712098,宜鼎台新62購03,2.24,+0.24,2.24,2.24,2.24,"3,000"
712099,竑騰台新62購01,2.08,+0.27,2.08,2.08,2.08,"20,000"
712100,家登台新62購02,1.46,+0.16,1.45,1.46,1.45,"30,000"
712101,國眾台新65購01,---,---,---,---,---,0
712102,博磊台新62購01,1.79,+0.28,1.90,1.90,1.79,"17,000"
712103,群聯台新68購01,---,---,---,---,---,0
712104,聚和台新62購01,1.64,+0.15,1.64,1.64,1.64,"20,000"
712105,營邦台新62購01,---,---,---,---,---,0
712106,營邦台新62購02,1.78,+0.10,1.78,1.78,1.78,"12,000"
712107,營邦台新65購01,1.97,+0.10,1.97,1.97,1.97,"11,000"
712108,均華富邦63購01,---,---,---,---,---,0
712109,宜鼎富邦62購01,1.33,+0.09,1.33,1.33,1.33,"40,000"
712110,家登富邦64購01,1.03,+0.02,1.03,1.03,1.03,"1,000"
712111,家登富邦64購02,---,---,---,---,---,0
712112,順達富邦63購02,1.00,+0.10,1.00,1.00,1.00,"10,000"
712113,新應材富邦63購03,1.34,+0.23,1.22,1.34,1.22,"160,000"
712114,新應材富邦64購01,1.10,+0.11,1.07,1.14,1.07,"237,000"
712115,營邦富邦64購01,---,---,---,---,---,0
712116,新應材統一71購01,0.94,+0.08,0.94,0.94,0.94,"52,000"
712117,新應材統一71購02,0.94,+0.08,0.94,0.94,0.94,"115,000"
712118,群聯統一6A購01,0.98,+0.03,0.99,0.99,0.98,"29,000"
712119,世禾國票66購01,---,---,---,---,---,0
712120,系統電國票67購01,---,---,---,---,---,0
712121,系微國票65購02,---,---,---,---,---,0
712122,松上國票65購01,---,---,---,---,---,0
712123,前鼎國票65購01,---,---,---,---,---,0
712124,能率國票65購01,---,---,---,---,---,0
712125,華景電國票65購02,---,---,---,---,---,0
712126,順達國票67購01,---,---,---,---,---,0
712127,廣穎國票65購02,---,---,---,---,---,0
712128,中美晶台新65購02,---,---,---,---,---,0
712129,宜鼎台新62購04,---,---,---,---,---,0
712130,新應材台新62購01,1.70,+0.34,1.81,1.81,1.70,"12,000"
712131,新應材台新62購02,2.70,+0.72,2.70,2.70,2.70,"8,000"
712132,中光電元大64購03,---,---,---,---,---,0
712133,中美晶元大64購04,1.61,+0.17,1.70,1.70,1.60,"65,000"
712134,台特化元大64購01,---,---,---,---,---,0
712135,富喬元大64購05,---,---,---,---,---,0
712136,廣積元大63購04,3.26,+0.61,3.26,3.26,3.26,"10,000"
712137,營邦元大64購01,---,---,---,---,---,0
712138,中美晶中信62購01,---,---,---,---,---,0
712139,富喬中信64購01,---,---,---,---,---,0
712140,中光電永豐63購02,---,---,---,---,---,0
712141,系統電永豐64購02,---,---,---,---,---,0
712142,宜鼎永豐63購05,---,---,---,---,---,0
712143,宜鼎永豐64購03,---,---,---,---,---,0
712144,宜鼎永豐65購02,---,---,---,---,---,0
712145,倉和永豐63購01,---,---,---,---,---,0
712146,耕興永豐63購01,1.21,+0.04,1.20,1.21,1.20,"25,000"
712147,晟德永豐63購01,1.33,+0.03,1.33,1.33,1.32,"146,000"
712148,頎邦永豐63購02,---,---,---,---,---,0
712149,雙鴻永豐63購04,---,---,---,---,---,0
712150,雙鴻永豐64購04,---,---,---,---,---,0
712151,M31群益62購01,1.25,+0.16,1.25,1.25,1.25,"100,000"
712152,世界群益62購03,---,---,---,---,---,0
712153,均華群益68購01,2.64,+0.77,2.65,2.65,2.64,"400,000"
712154,宜特群益62購01,---,---,---,---,---,0
712155,家登群益62購01,---,---,---,---,---,0
712156,博智群益63購02,---,---,---,---,---,0
712157,群聯群益64購02,---,---,---,---,---,0
712158,頎邦群益62購01,---,---,---,---,---,0
712159,雙鴻群益64購01,---,---,---,---,---,0
712160,中美晶凱基63購05,---,---,---,---,---,0
712161,宏捷科凱基67購01,---,---,---,---,---,0
712162,系統電凱基64購01,---,---,---,---,---,0
712163,宜鼎凱基63購02,---,---,---,---,---,0
712164,威剛凱基64購02,---,---,---,---,---,0
712165,倉和凱基63購01,1.70,+0.20,1.84,1.84,1.70,"30,000"
712166,智通*凱基63購01,---,---,---,---,---,0
712167,群聯凱基63購06,---,---,---,---,---,0
712168,蜜望實凱基63購01,---,---,---,---,---,0
712169,營邦凱基63購01,---,---,---,---,---,0
712170,雙鴻凱基63購06,---,---,---,---,---,0
712171,巨漢富邦63購02,---,---,---,---,---,0
712172,博智富邦63購02,---,---,---,---,---,0
712173,頎邦富邦64購02,---,---,---,---,---,0
712174,中美晶國泰63購03,---,---,---,---,---,0
712175,巨漢國泰63購01,---,---,---,---,---,0
712176,頎邦國泰63購03,---,---,---,---,---,0
712177,雙鴻國泰63購02,---,---,---,---,---,0
712178,元太統一6A購01,---,---,---,---,---,0
712179,富喬統一6A購01,---,---,---,---,---,0
72124U,宏捷科群益58售01,---,---,---,---,---,0
722944,安國統一58購01,---,---,---,---,---,0
723132,旺矽統一58購01,---,---,---,---,---,0
723195,昱展統一58購01,---,---,---,---,---,0
723287,巨有統一58購01,---,---,---,---,---,0
723288,巨有統一58購02,---,---,---,---,---,0
723289,巨有統一58購03,---,---,---,---,---,0
72328U,環球晶群益59售01,2.20,+0.10,2.20,2.20,2.20,"1,000"
723290,波若威統一58購01,---,---,---,---,---,0
723292,神盾統一58購01,0.76,+0.04,0.76,0.76,0.76,"1,000"
723411,巨有統一58購04,---,---,---,---,---,0
723422,先進光元富58購01,---,---,---,---,---,0
723425,雙鴻元富58購01,---,---,---,---,---,0
723454,原相統一58購01,0.02,-0.03,0.02,0.02,0.02,"300,000"
723457,翔名統一58購01,---,---,---,---,---,0
72348U,良維群益59售01,---,---,---,---,---,0
723511,旺矽統一58購02,---,---,---,---,---,0
723516,翔名統一58購02,---,---,---,---,---,0
723681,雷科元富58購01,0.76,+0.03,0.90,0.90,0.76,"19,000"
723779,宏捷科元富59購01,---,---,---,---,---,0
723780,廣運元富59購01,---,---,---,---,---,0
72400U,博智群益5A售02,---,---,---,---,---,0
724017,家登統一59購01,---,---,---,---,---,0
724019,湧德統一59購01,---,---,---,---,---,0
724023,新復興統一59購01,---,---,---,---,---,0
724061,波若威統一59購01,---,---,---,---,---,0
724062,波若威統一59購02,---,---,---,---,---,0
724063,波若威統一59購03,---,---,---,---,---,0
724064,振曜統一59購01,---,---,---,---,---,0
724128,能率統一59購01,0.26,+0.06,0.26,0.26,0.26,"499,000"
724130,擎亞統一59購01,---,---,---,---,---,0
72414U,振曜群益5A售01,---,---,---,---,---,0
724240,力致統一59購01,---,---,---,---,---,0
724241,力致統一59購02,---,---,---,---,---,0
724242,前鼎統一59購01,---,---,---,---,---,0
724243,華星光統一59購01,---,---,---,---,---,0
724244,華星光統一59購02,---,---,---,---,---,0
724372,正基統一59購01,---,---,---,---,---,0
724374,聰泰統一59購01,0.02,-0.01,0.02,0.02,0.02,"20,000"
724431,原相統一59購01,---,---,---,---,---,0
724436,波若威元富59購01,---,---,---,---,---,0
724478,千附精統一59購01,---,---,---,---,---,0
724481,正基統一59購02,0.81,+0.02,0.81,0.81,0.81,"1,000"
724668,昇達科統一59購01,---,---,---,---,---,0
724669,昇達科統一59購02,---,---,---,---,---,0
724670,神盾統一59購01,---,---,---,---,---,0
72479U,擎亞群益5B售01,---,---,---,---,---,0
72485U,信驊群益5B售01,---,---,---,---,---,0
724979,鈊象統一5A購01,0.04,+0.02,0.04,0.04,0.04,"1,000"
72501U,雙鴻中信5B售02,---,---,---,---,---,0
725048,原相統一5A購01,---,---,---,---,---,0
72523U,新應材群益5B售01,0.31,-0.05,0.33,0.33,0.30,"17,000"
72535U,信驊國票58售01,---,---,---,---,---,0
725632,訊聯統一58購01,---,---,---,---,---,0
72572U,精測群益62售01,---,---,---,---,---,0
725744,新復興統一5A購01,0.04,-0.03,0.10,0.10,0.04,"71,000"
72587U,華電網國票5A售01,---,---,---,---,---,0
725881,鈊象元富5A購01,0.02,0.00,0.02,0.02,0.02,"297,000"
72597U,昇達科群益58售02,---,---,---,---,---,0
72600U,昇達科國票59售01,0.01,0.00,0.01,0.01,0.01,"12,000"
72602U,宏捷科凱基58售01,---,---,---,---,---,0
726037,元債20元富5A購01,---,---,---,---,---,0
726070,元債20元富5A購02,---,---,---,---,---,0
72609U,富喬國票58售02,---,---,---,---,---,0
72610U,富喬國票5C售02,0.68,-0.15,0.73,0.73,0.68,"11,000"
726119,華星光統一5B購01,3.36,-0.44,4.23,4.23,3.36,"2,000"
72614U,富喬中信5C售02,---,---,---,---,---,0
726194,元債20元富5B購01,---,---,---,---,---,0
72622U,精測群益62售02,0.29,0.00,0.25,0.29,0.25,"1,420,000"
72629U,櫃200群益5B售02,0.14,-0.03,0.14,0.14,0.14,"532,000"
72637U,力旺群益58售03,---,---,---,---,---,0
72638U,譜瑞群益5C售01,---,---,---,---,---,0
72650U,雙鴻群益59售01,---,---,---,---,---,0
72651U,穩懋群益58售01,---,---,---,---,---,0
72662U,信驊群益59售01,---,---,---,---,---,0
72665U,信驊永豐59售01,0.02,0.00,0.01,0.02,0.01,"176,000"
72667U,富喬凱基59售01,0.51,-0.17,0.43,0.51,0.43,"55,000"
72671U,東捷群益59售02,---,---,---,---,---,0
72675U,東捷凱基59售01,---,---,---,---,---,0
72680U,點序國票58售02,---,---,---,---,---,0
72682U,弘塑國票58售03,---,---,---,---,---,0
72688U,信驊凱基58售03,---,---,---,---,---,0
72690U,信驊群益59售02,---,---,---,---,---,0
72691U,信驊群益5B售03,---,---,---,---,---,0
726924,金麗科統一5B購01,0.10,0.00,0.09,0.10,0.09,"51,000"
726925,金麗科統一5B購02,---,---,---,---,---,0
726926,金麗科統一5B購03,0.18,+0.07,0.18,0.18,0.18,"1,000"
726927,金麗科統一5B購04,---,---,---,---,---,0
72692U,信驊群益61售02,0.07,0.00,0.05,0.07,0.05,"622,000"
72693U,穩懋群益59售02,---,---,---,---,---,0
72697U,穩懋凱基59售04,---,---,---,---,---,0
72700U,博智凱基59售03,---,---,---,---,---,0
72704U,點序群益61售01,---,---,---,---,---,0
72707U,精測國票58售02,---,---,---,---,---,0
727095,高鋒統一5A購01,0.27,+0.01,0.27,0.27,0.27,"1,000"
72713U,世界群益5B售01,0.69,-0.15,0.62,0.72,0.62,"164,000"
72718U,信驊凱基59售01,---,---,---,---,---,0
72721U,信驊國票59售01,---,---,---,---,---,0
72722U,信驊國票59售02,---,---,---,---,---,0
72723U,信驊國票59售03,---,---,---,---,---,0
72724U,信驊國票5B售01,0.05,0.00,0.04,0.05,0.04,"57,000"
72725U,萬潤國票59售01,---,---,---,---,---,0
72726U,擎亞國票59售01,---,---,---,---,---,0
72727U,萬潤凱基59售02,---,---,---,---,---,0
72729U,精材國票59售01,---,---,---,---,---,0
72730U,穩懋國票59售01,0.29,+0.24,0.29,0.29,0.29,"1,000"
72731U,精材凱基59售01,---,---,---,---,---,0
72732U,印能國票59售02,---,---,---,---,---,0
72733U,中探針群益62售01,0.22,-0.03,0.25,0.25,0.21,"63,000"
72735U,世界群益5A售01,0.44,-0.19,0.38,0.45,0.38,"106,000"
72736U,精材群益5A售04,---,---,---,---,---,0
72737U,雙鴻群益5A售04,---,---,---,---,---,0
72738U,世界國票59售03,---,---,---,---,---,0
72740U,精測國票59售01,0.60,-0.04,0.53,0.60,0.53,"30,000"
72741U,精測國票59售02,0.95,-0.02,0.89,0.95,0.89,"52,000"
72742U,精測國票59售03,---,---,---,---,---,0
72743U,精測國票59售04,---,---,---,---,---,0
72744U,雙鴻元大58售13,---,---,---,---,---,0
72745U,世界凱基58售04,0.01,0.00,0.01,0.01,0.01,"1,000"
72746U,新應材凱基58售07,---,---,---,---,---,0
72747U,閎康群益5A售02,0.07,-0.24,0.07,0.07,0.07,"10,000"
72748U,精測群益5A售02,1.35,+0.01,1.23,1.35,1.22,"44,000"
72749U,精測群益62售04,1.10,-0.02,1.04,1.10,1.03,"6,000"
72750U,均華凱基58售03,---,---,---,---,---,0
72751U,雙鴻凱基58售03,---,---,---,---,---,0
72752U,台燿元富58售01,---,---,---,---,---,0
72753U,茂迪國票59售03,---,---,---,---,---,0
72754U,博智群益62售02,---,---,---,---,---,0
72755U,新應材群益58售04,---,---,---,---,---,0
72756U,博智凱基58售04,---,---,---,---,---,0
72757U,力旺凱基58售03,---,---,---,---,---,0
72758U,力旺凱基58售04,---,---,---,---,---,0
72759U,茂迪凱基59售01,---,---,---,---,---,0
72760U,力旺元富58售03,---,---,---,---,---,0
72761U,新應材元富58售04,---,---,---,---,---,0
72762U,力旺國票58售04,---,---,---,---,---,0
72763U,譜瑞國票59售02,---,---,---,---,---,0
72764U,力旺群益58售04,---,---,---,---,---,0
72765U,譜瑞凱基58售02,---,---,---,---,---,0
72766U,富喬群益5A售02,0.61,-0.56,0.61,0.61,0.61,"51,000"
72767U,富喬永豐58售03,---,---,---,---,---,0
72769U,穩懋元富58售03,0.01,-0.10,0.01,0.01,0.01,"1,000"
72770U,信驊凱基59售02,---,---,---,---,---,0
72771U,信驊國票59售05,0.02,-0.01,0.02,0.02,0.02,"199,000"
72772U,穩懋群益63售01,0.36,-0.12,0.40,0.40,0.36,"325,000"
72773U,信驊元大59售01,---,---,---,---,---,0
72774U,信驊永豐5A售01,---,---,---,---,---,0
72775U,信驊元富59售02,---,---,---,---,---,0
72776U,信驊元富59售03,---,---,---,---,---,0
72777U,環球晶凱基59售07,---,---,---,---,---,0
72778U,穩懋凱基59售12,0.15,-0.09,0.15,0.15,0.15,"1,000"
72779U,穩懋元大59售08,---,---,---,---,---,0
72780U,旺矽凱基59售02,---,---,---,---,---,0
72781U,系統電國票5A售01,---,---,---,---,---,0
72782U,環球晶群益62售01,0.30,+0.07,0.24,0.30,0.24,"9,000"
72783U,旺矽群益59售04,---,---,---,---,---,0
72784U,新復興國票59售02,---,---,---,---,---,0
72785U,旺矽富邦5A售02,---,---,---,---,---,0
72786U,宜特群益59售01,---,---,---,---,---,0
72787U,神盾群益59售01,0.09,-0.04,0.09,0.09,0.09,"50,000"
72788U,能率群益59售02,0.02,-0.14,0.02,0.02,0.02,"5,000"
72789U,能率群益59售03,---,---,---,---,---,0
72790U,閎康群益63售01,---,---,---,---,---,0
72791U,榮剛群益63售01,---,---,---,---,---,0
72792U,台特化凱基59售04,---,---,---,---,---,0
72793U,宜特凱基59售01,---,---,---,---,---,0
72794U,雙鴻凱基5A售02,1.15,-0.11,1.11,1.17,1.11,"258,000"
72795U,神盾群益61售01,---,---,---,---,---,0
72796U,雙鴻群益59售04,---,---,---,---,---,0
72797U,台特化國票5A售02,1.10,-0.23,1.10,1.10,1.10,"1,000"
72798U,宏觀國票5A售01,---,---,---,---,---,0
72799U,雙鴻國票5A售01,0.21,-0.07,0.20,0.21,0.20,"306,000"
728003,金麗科統一5C購01,---,---,---,---,---,0
72800U,信驊永豐5B售01,---,---,---,---,---,0
72801U,世界元富59售02,---,---,---,---,---,0
72802U,雙鴻元大59售10,---,---,---,---,---,0
72803U,世界群益59售02,---,---,---,---,---,0
72804U,旺矽群益59售07,---,---,---,---,---,0
72805U,雙鴻群益59售07,---,---,---,---,---,0
72806U,雙鴻凱基59售12,0.42,-0.10,0.42,0.42,0.42,"10,000"
72807U,新應材國泰5A售01,---,---,---,---,---,0
728086,能率統一58購01,---,---,---,---,---,0
72808U,新應材國票5A售03,---,---,---,---,---,0
72809U,萬泰科國票5A售02,---,---,---,---,---,0
72810U,鑫聯國票5A售02,---,---,---,---,---,0
72811U,台燿中信59售03,---,---,---,---,---,0
72812U,茂迪國票5A售03,---,---,---,---,---,0
72813U,宜鼎群益5B售03,0.30,-0.03,0.29,0.30,0.28,"389,000"
72814U,精測群益5B售02,0.82,+0.01,0.76,0.82,0.75,"135,000"
72815U,精測元富59售09,---,---,---,---,---,0
72816U,精測元富59售10,1.67,-0.18,1.67,1.67,1.67,"5,000"
72817U,雙鴻台新59售03,---,---,---,---,---,0
72818U,信驊永豐5C售01,---,---,---,---,---,0
72819U,鑫科國票59售02,---,---,---,---,---,0
72820U,鑫聯國票5A售03,---,---,---,---,---,0
72821U,信驊元大59售04,0.23,+0.03,0.23,0.23,0.23,"3,000"
72822U,信驊元大59售05,---,---,---,---,---,0
72823U,弘塑凱基59售05,0.17,+0.04,0.17,0.17,0.17,"5,000"
72824U,亞泰國票59售03,---,---,---,---,---,0
72825U,頎邦元富59售03,---,---,---,---,---,0
728264,元債20永豐61購01,---,---,---,---,---,0
72826U,頎邦元富59售06,0.02,-0.07,0.01,0.02,0.01,"4,000"
72827U,元太群益5B售02,---,---,---,---,---,0
72828U,台燿群益5B售01,---,---,---,---,---,0
72829U,宏捷科群益5C售01,0.69,-0.06,0.65,0.69,0.65,"36,000"
72830U,元太凱基5B售03,0.21,0.00,0.19,0.21,0.19,"172,000"
72831U,台燿凱基59售05,---,---,---,---,---,0
72832U,閎康國票5A售04,---,---,---,---,---,0
72833U,台燿元富59售04,---,---,---,---,---,0
72834U,台燿中信59售08,---,---,---,---,---,0
72835U,東捷群益59售03,---,---,---,---,---,0
72836U,東捷群益5B售01,0.61,-0.04,0.58,0.61,0.58,"7,000"
72837U,鈊象群益59售04,---,---,---,---,---,0
72838U,鈊象群益5B售02,---,---,---,---,---,0
72839U,台燿元大59售25,---,---,---,---,---,0
72840U,世界群益5B售04,---,---,---,---,---,0
72841U,神盾群益5C售01,---,---,---,---,---,0
72842U,鈊象群益63售01,---,---,---,---,---,0
72843U,精材群益63售01,0.26,-0.07,0.26,0.26,0.26,"235,000"
72844U,雙鴻群益59售15,---,---,---,---,---,0
72845U,雙鴻凱基5A售04,---,---,---,---,---,0
72846U,鈊象凱基5A售02,---,---,---,---,---,0
72847U,印能國票5A售04,0.12,0.00,0.12,0.12,0.12,"450,000"
72848U,雙鴻群益5A售06,---,---,---,---,---,0
72849U,印能凱基5A售04,---,---,---,---,---,0
72850U,印能國票5A售05,0.26,+0.05,0.21,0.26,0.20,"378,000"
728516,系微統一5C購01,0.04,+0.01,0.04,0.04,0.04,"30,000"
72851U,矽科國票5B售02,---,---,---,---,---,0
728520,金麗科統一5C購02,---,---,---,---,---,0
72852U,旺矽元大5A售03,---,---,---,---,---,0
72853U,信驊元大5A售01,0.71,-0.09,0.62,0.71,0.62,"973,000"
72854U,信驊永豐61售01,0.20,-0.02,0.19,0.21,0.17,"561,000"
72855U,信驊富邦5C售02,0.90,-0.07,0.88,0.92,0.86,"2,046,000"
72856U,頎邦凱基5A售03,---,---,---,---,---,0
72857U,雙鴻元大5A售06,0.92,-0.07,0.90,0.92,0.90,"340,000"
72858U,巨漢國票5A售02,0.99,-0.03,0.96,0.99,0.96,"25,000"
72859U,弘塑國票5B售02,0.72,+0.12,0.56,0.72,0.56,"781,000"
72860U,弘塑元大5A售03,1.62,+0.12,1.58,1.62,1.58,"6,000"
72861U,華電網凱基5A售01,1.16,-0.22,1.16,1.16,1.16,"4,000"
72862U,群聯國票5B售02,---,---,---,---,---,0
72863U,蜜望實國票5A售03,---,---,---,---,---,0
72864U,群聯凱基5A售03,0.65,+0.02,0.64,0.65,0.64,"42,000"
72865U,信驊永豐5B售03,0.23,+0.01,0.22,0.23,0.22,"31,000"
72866U,旺矽凱基5A售06,0.58,-0.10,0.53,0.58,0.41,"182,000"
72867U,旺矽富邦61售01,---,---,---,---,---,0
72868U,富喬群益5C售01,1.41,+0.10,1.34,1.41,1.34,"23,000"
72869U,立碁國票5B售03,0.76,+0.06,0.65,0.78,0.65,"595,000"
72870U,群聯國票5B售06,0.53,-0.04,0.52,0.53,0.52,"2,000"
72871U,群聯群益61售02,---,---,---,---,---,0
72872U,聖暉*台新5B售01,0.70,-0.08,0.71,0.71,0.70,"160,000"
72873U,威剛國票5C售02,---,---,---,---,---,0
72874U,威剛群益5C售02,0.76,-0.01,0.72,0.76,0.72,"283,000"
72875U,威剛凱基5B售05,0.41,-0.07,0.41,0.41,0.41,"40,000"
728767,均豪統一59購01,---,---,---,---,---,0
728768,均豪統一59購02,---,---,---,---,---,0
72876U,合晶台新5B售05,0.65,-0.05,0.66,0.66,0.65,"11,000"
72877U,群聯台新5B售07,---,---,---,---,---,0
72878U,群聯台新5B售08,---,---,---,---,---,0
72879U,世界凱基5B售02,0.69,-0.06,0.62,0.69,0.62,"16,000"
72880U,良維國票5C售02,1.19,+0.02,1.16,1.19,1.16,"238,000"
72881U,鈊象台新5B售03,0.70,-0.03,0.70,0.70,0.70,"1,000"
72882U,環球晶台新5B售03,0.71,+0.09,0.60,0.78,0.54,"321,000"
72883U,環球晶國票5B售02,0.90,+0.12,0.73,0.90,0.72,"778,000"
72884U,鈊象群益61售01,0.26,-0.10,0.26,0.26,0.26,"10,000"
72885U,中美晶群益5B售02,0.41,-0.17,0.40,0.41,0.40,"369,000"
72886U,群聯群益5B售06,1.43,-0.12,1.43,1.43,1.43,"20,000"
72887U,精材群益5B售05,---,---,---,---,---,0
72888U,德微群益5B售02,---,---,---,---,---,0
72889U,新盛力群益5B售04,0.79,-0.05,0.79,0.79,0.76,"658,000"
72890U,廣穎群益5B售03,0.35,-0.06,0.35,0.36,0.35,"18,000"
72891U,世界台新5B售03,---,---,---,---,---,0
728920,元債20元富61購01,---,---,---,---,---,0
72892U,台特化台新5B售04,---,---,---,---,---,0
72893U,威剛中信64售01,0.72,-0.02,0.72,0.72,0.72,"21,000"
72894U,世界群益62售01,---,---,---,---,---,0
72895U,台特化群益5B售01,---,---,---,---,---,0
728967,驊訊統一61購01,---,---,---,---,---,0
72896U,精材凱基5B售08,1.06,+0.48,1.06,1.06,1.06,"5,000"
72897U,精材群益5B售08,0.32,-0.15,0.32,0.32,0.32,"2,000"
72898U,雷科國票5B售03,0.72,-0.05,0.65,0.72,0.65,"741,000"
72899U,立敦台新5B售04,2.38,-0.35,2.38,2.38,2.38,"2,000"
72900U,德微國票5C售04,---,---,---,---,---,0
72901U,德微國票5C售05,1.07,-0.07,1.08,1.08,1.07,"23,000"
72902U,擎亞國票5B售03,0.56,-0.06,0.54,0.56,0.52,"83,000"
72903U,群聯凱基5B售08,1.32,-0.09,1.29,1.32,1.28,"327,000"
72904U,欣銓台新5B售05,1.79,-0.21,2.00,2.00,1.79,"3,000"
72905U,臺慶科台新5B售05,1.86,-0.14,1.86,1.86,1.86,"30,000"
72906U,博智群益5B售04,---,---,---,---,---,0
72907U,群聯富邦61售05,0.80,-0.04,0.80,0.80,0.79,"53,000"
72908U,威剛群益65售01,2.14,-0.15,2.14,2.14,2.14,"1,000"
72909U,威剛凱基65售01,0.72,0.00,0.70,0.72,0.70,"25,000"
72910U,精材台新5B售06,0.61,-0.16,0.66,0.66,0.61,"72,000"
72911U,威剛元大5B售16,0.97,-0.01,0.93,0.97,0.93,"41,000"
72912U,良維群益61售02,---,---,---,---,---,0
72913U,威剛群益5B售04,---,---,---,---,---,0
72914U,威剛群益5B售05,1.03,-0.12,1.05,1.05,1.03,"23,000"
72915U,威剛群益61售03,---,---,---,---,---,0
72916U,中美晶凱基5B售06,0.99,+0.03,0.84,0.99,0.83,"696,000"
729170,M31統一59購01,---,---,---,---,---,0
729171,M31統一61購01,---,---,---,---,---,0
729172,M31統一61購02,---,---,---,---,---,0
72917U,威剛凱基5B售09,0.91,-0.01,0.85,0.91,0.85,"360,000"
729185,華星光統一59購03,2.36,+0.44,2.36,2.36,2.36,"35,000"
729186,華星光統一61購01,2.56,0.00,2.56,2.57,2.56,"4,000"
729187,華星光統一61購02,2.10,+0.13,2.00,2.10,2.00,"74,000"
72918U,威剛永豐61售03,---,---,---,---,---,0
72919U,順達台新5C售01,1.33,-0.02,1.33,1.33,1.33,"4,000"
72920U,佳邦群益5C售01,---,---,---,---,---,0
72921U,富喬台新5C售03,1.37,-0.11,1.28,1.39,1.28,"118,000"
72922U,威剛凱基5C售05,0.58,-0.02,0.57,0.58,0.56,"552,000"
72923U,宜鼎台新5C售05,2.94,-0.18,2.94,2.94,2.94,"5,000"
72924U,台半群益5C售03,---,---,---,---,---,0
72925U,台半凱基5C售03,0.95,-0.12,1.00,1.00,0.95,"23,000"
72926U,臺慶科凱基5C售03,---,---,---,---,---,0
72927U,聖暉*台新5C售05,---,---,---,---,---,0
72928U,富喬凱基5C售04,1.02,-0.10,0.97,1.03,0.97,"161,000"
72929U,臺慶科台新5C售02,---,---,---,---,---,0
72930U,威剛群益5C售08,---,---,---,---,---,0
729313,旺矽統一59購01,---,---,---,---,---,0
72931U,群聯群益5C售10,3.11,-0.28,3.11,3.11,3.11,"4,000"
72932U,威剛國泰61售02,1.81,-0.02,1.79,1.81,1.79,"6,000"
72933U,世界群益66售01,2.95,-0.19,2.88,2.95,2.88,"28,000"
72934U,精材群益66售01,1.68,-0.17,1.72,1.72,1.68,"40,000"
72935U,世界台新5C售02,2.62,-0.40,2.62,2.62,2.62,"3,000"
72936U,宜鼎凱基5C售10,1.94,-0.22,1.91,1.97,1.91,"49,000"
72937U,元太國票62售01,---,---,---,---,---,0
72938U,世界國票62售01,1.36,-0.14,1.33,1.36,1.32,"17,000"
72939U,威剛國票62售01,1.04,-0.07,1.05,1.05,1.04,"205,000"
72940U,臺慶科國票62售01,---,---,---,---,---,0
72941U,雙鴻永豐61售04,1.19,-0.08,1.19,1.19,1.19,"10,000"
72942U,家登群益61售03,1.45,-0.13,1.46,1.46,1.43,"150,000"
72943U,頎邦國票61售01,1.59,-0.36,1.59,1.59,1.59,"5,000"
72944U,中光電台新61售03,1.39,-0.23,1.40,1.43,1.38,"54,000"
72945U,頎邦台新61售03,2.55,-0.33,2.57,2.57,2.55,"40,000"
72946U,世界群益61售03,1.46,-0.16,1.41,1.46,1.41,"58,000"
72947U,台星科群益61售02,0.65,-0.16,0.65,0.65,0.65,"12,000"
72948U,精材群益63售02,2.05,-0.24,2.13,2.13,2.05,"8,000"
72949U,威剛元大61售06,2.02,-0.05,2.01,2.02,1.99,"167,000"
72950U,精材凱基63售02,---,---,---,---,---,0
72951U,中光電台新61售05,1.76,-0.22,1.76,1.76,1.76,"2,000"
72952U,精材國票61售05,1.73,+0.03,1.60,1.73,1.59,"39,000"
72953U,精材國票65售02,---,---,---,---,---,0
72954U,群聯中信61售02,---,---,---,---,---,0
72955U,宜鼎國票61售03,1.33,-0.12,1.31,1.33,1.31,"10,000"
72956U,群聯國票61售05,1.52,-0.08,1.50,1.52,1.50,"9,000"
72957U,良維群益63售01,---,---,---,---,---,0
72958U,群聯群益63售02,---,---,---,---,---,0
72959U,雙鴻群益63售03,---,---,---,---,---,0
72960U,良維凱基61售03,1.95,-0.07,1.87,1.95,1.87,"4,000"
72961U,群聯凱基61售10,---,---,---,---,---,0
72962U,宜鼎群益67售01,---,---,---,---,---,0
72963U,中美晶國票61售06,2.01,+0.04,2.01,2.01,2.01,"9,000"
72964U,中美晶國票64售02,2.21,-0.05,2.21,2.21,2.21,"5,000"
72965U,青雲國票61售03,---,---,---,---,---,0
72966U,雙鴻凱基61售07,1.29,-0.05,1.29,1.29,1.29,"5,000"
72967U,順達國票61售03,---,---,---,---,---,0
72968U,群聯國票64售01,---,---,---,---,---,0
72969U,聖暉*國票61售05,1.25,-0.05,1.18,1.25,1.18,"10,000"
72970U,雙鴻國票61售02,---,---,---,---,---,0
72971U,良維群益67售01,2.68,+0.26,2.66,2.68,2.66,"11,000"
72972U,雙鴻群益61售03,---,---,---,---,---,0
72973U,M31國票61售02,1.12,-0.06,1.12,1.12,1.12,"39,000"
72974U,威剛國票65售01,1.14,-0.04,1.13,1.14,1.13,"5,000"
72975U,譜瑞國票61售01,---,---,---,---,---,0
72976U,順達凱基61售06,1.56,-0.08,1.51,1.56,1.51,"30,000"
72977U,雙鴻國泰63售01,1.52,-0.07,1.47,1.52,1.46,"273,000"
72978U,威剛凱基61售06,1.07,-0.04,1.05,1.07,1.05,"6,000"
729791,台燿統一58購01,---,---,---,---,---,0
729794,正基統一58購01,---,---,---,---,---,0
729799,金益鼎統一58購01,---,---,---,---,---,0
72979U,群聯台新61售07,1.04,-0.06,1.05,1.05,1.04,"21,000"
729803,智擎統一58購02,---,---,---,---,---,0
729804,僑威統一5A購01,---,---,---,---,---,0
729808,騰雲統一5A購01,---,---,---,---,---,0
72980U,頎邦凱基61售05,---,---,---,---,---,0
72981U,欣銓國票61售04,1.28,-0.09,1.25,1.28,1.25,"30,000"
72982U,華景電國票61售02,---,---,---,---,---,0
72983U,家登群益63售02,1.62,-0.11,1.62,1.62,1.62,"6,000"
72984U,凡甲國票61售01,---,---,---,---,---,0
72985U,中美晶國票63售01,1.27,0.00,1.18,1.27,1.18,"218,000"
72986U,元太國票61售02,---,---,---,---,---,0
729872,友輝統一58購01,---,---,---,---,---,0
729879,艾訊統一58購01,---,---,---,---,---,0
72987U,宜特國票61售02,---,---,---,---,---,0
729884,新復興統一58購03,---,---,---,---,---,0
729887,廣明統一58購01,---,---,---,---,---,0
72988U,頎邦國票64售02,0.79,-0.06,0.79,0.79,0.79,"41,000"
729890,廣積統一59購01,0.10,+0.01,0.10,0.10,0.10,"9,000"
729895,耀勝統一58購01,---,---,---,---,---,0
72989U,廣穎國票61售01,1.13,-0.08,1.13,1.13,1.13,"10,000"
72990U,中美晶元大61售09,---,---,---,---,---,0
72991U,群聯元大61售20,---,---,---,---,---,0
72992U,中美晶富邦67售02,0.83,+0.02,0.83,0.83,0.83,"25,000"
72993U,中美晶凱基63售03,---,---,---,---,---,0
72994U,元太凱基61售07,---,---,---,---,---,0
72995U,群聯凱基63售03,---,---,---,---,---,0
729960,友輝統一58購02,---,---,---,---,---,0
729961,亞泰統一58購01,---,---,---,---,---,0
729964,欣銓統一58購02,---,---,---,---,---,0
729966,昱展統一58購02,---,---,---,---,---,0
729967,昱展統一58購03,---,---,---,---,---,0
72996U,立碁國票64售02,1.04,+0.04,0.96,1.04,0.96,"37,000"
729971,振曜統一58購01,---,---,---,---,---,0
729973,新漢統一58購01,---,---,---,---,---,0
72997U,良維國票61售02,1.10,-0.06,1.10,1.10,1.10,"30,000"
72998U,新普國票61售02,---,---,---,---,---,0
72999U,世界國票62售02,---,---,---,---,---,0
73000U,宜鼎國票63售01,---,---,---,---,---,0
73001U,欣銓國票63售01,---,---,---,---,---,0
73002U,順達國票63售01,---,---,---,---,---,0
73003U,鈊象國票62售01,---,---,---,---,---,0
730046,富喬統一58購01,---,---,---,---,---,0
730048,新漢統一58購02,---,---,---,---,---,0
73004U,群翊國票62售01,---,---,---,---,---,0
730051,綠界*統一58購01,---,---,---,---,---,0
730052,綠界*統一58購02,---,---,---,---,---,0
73005U,群聯國票62售01,---,---,---,---,---,0
73006U,雙鴻國票63售01,---,---,---,---,---,0
73007U,世界凱基63售03,1.37,-0.20,1.37,1.37,1.37,"1,000"
73008U,中美晶國票64售03,---,---,---,---,---,0
73009U,光焱國票65售01,0.53,-0.03,0.53,0.53,0.53,"80,000"
73010U,頎邦國票64售03,0.80,-0.09,0.80,0.80,0.80,"4,000"
73011U,中美晶國票66售01,---,---,---,---,---,0
73012U,威剛國票65售02,---,---,---,---,---,0
730135,安勤統一58購01,0.11,+0.03,0.10,0.11,0.10,"73,000"
73013U,威剛元大63售02,---,---,---,---,---,0
730146,訊聯統一58購02,---,---,---,---,---,0
73014U,家登凱基63售02,---,---,---,---,---,0
730152,智通*統一58購01,---,---,---,---,---,0
730157,綠界*統一5A購01,---,---,---,---,---,0
73015U,新應材凱基63售04,---,---,---,---,---,0
730160,耀勝統一58購02,---,---,---,---,---,0
730161,鑫科統一58購01,0.03,-0.02,0.03,0.03,0.03,"10,000"
73016U,宜鼎國票66售02,---,---,---,---,---,0
73017U,順達國票66售01,---,---,---,---,---,0
73018U,群聯國票66售02,1.13,-0.03,1.13,1.13,1.13,"50,000"
73019U,雙鴻國票66售02,---,---,---,---,---,0
73020U,雙鴻元大63售07,---,---,---,---,---,0
73021U,威剛凱基63售03,---,---,---,---,---,0
730235,神準統一58購01,---,---,---,---,---,0
730238,群聯統一58購01,7.45,+0.35,7.45,7.50,7.35,"17,000"
730240,精測統一58購01,---,---,---,---,---,0
730317,鴻呈統一58購01,---,---,---,---,---,0
730399,M31統一58購01,---,---,---,---,---,0
730400,M31統一58購02,---,---,---,---,---,0
730401,M31統一62購01,---,---,---,---,---,0
730402,M31統一62購02,---,---,---,---,---,0
730403,M31統一62購03,---,---,---,---,---,0
730493,昇達科統一5C購01,5.20,+0.27,5.20,5.20,5.20,"2,000"
730543,美琪瑪統一58購01,---,---,---,---,---,0
730635,鈦昇統一58購01,0.73,+0.20,0.60,0.73,0.60,"127,000"
730636,萬潤統一58購02,---,---,---,---,---,0
730722,元太統一58購01,---,---,---,---,---,0
730732,威剛統一58購01,---,---,---,---,---,0
730733,原相統一5B購01,0.08,+0.05,0.03,0.08,0.03,"2,000"
730735,泰茂統一58購01,---,---,---,---,---,0
730737,磐儀統一58購01,---,---,---,---,---,0
731063,元債20元大59購01,---,---,---,---,---,0
731093,僑威統一59購01,---,---,---,---,---,0
731162,兆利統一59購01,---,---,---,---,---,0
731240,金麗科元富61購01,---,---,---,---,---,0
731248,萬潤元富59購01,---,---,---,---,---,0
731264,順達統一59購01,---,---,---,---,---,0
731265,順達統一5B購01,---,---,---,---,---,0
731277,元債20凱基59購01,---,---,---,---,---,0
731332,大綜統一59購01,0.38,+0.15,0.38,0.38,0.38,"5,000"
731493,亞信統一59購01,---,---,---,---,---,0
731495,英濟統一5B購01,0.34,+0.05,0.31,0.34,0.31,"19,000"
731555,順達統一59購02,---,---,---,---,---,0
731584,群聯統一5B購01,---,---,---,---,---,0
731670,信紘科統一59購01,---,---,---,---,---,0
731671,茂綸統一59購01,---,---,---,---,---,0
731730,順達統一59購03,---,---,---,---,---,0
731874,茂訊統一59購01,0.76,+0.16,0.70,0.76,0.70,"6,000"
731877,鈊象統一59購01,---,---,---,---,---,0
731945,千附精統一59購02,---,---,---,---,---,0
731949,茂綸統一59購02,---,---,---,---,---,0
732049,系統電統一59購01,---,---,---,---,---,0
732050,信立統一59購01,---,---,---,---,---,0
732051,高鋒統一59購01,0.01,0.00,0.01,0.01,0.01,"10,000"
732054,博智統一59購01,---,---,---,---,---,0
732069,金山電統一59購01,---,---,---,---,---,0
732167,精剛統一59購01,---,---,---,---,---,0
732269,M31統一63購01,0.19,+0.01,0.19,0.19,0.19,"1,000"
732271,千附統一59購01,---,---,---,---,---,0
732272,千附統一5B購01,0.40,+0.04,0.40,0.40,0.40,"150,000"
732275,萬泰科統一59購01,---,---,---,---,---,0
732277,精剛統一59購02,---,---,---,---,---,0
732332,M31統一63購02,0.20,0.00,0.20,0.20,0.20,"1,000"
732545,晟德統一5A購01,0.33,-0.08,0.33,0.33,0.33,"1,000"
732586,印能統一5A購01,---,---,---,---,---,0
732653,光焱統一5A購01,---,---,---,---,---,0
733025,華星光統一5B購02,---,---,---,---,---,0
733133,振曜群益59購01,0.03,+0.01,0.03,0.03,0.03,"230,000"
733178,華星光統一59購04,5.15,+0.69,5.15,5.15,5.15,"1,000"
733248,宇峻統一5B購01,---,---,---,---,---,0
733332,大宇資統一5B購01,---,---,---,---,---,0
733411,美琪瑪統一61購01,0.56,+0.02,0.57,0.57,0.56,"119,000"
733460,先進光統一5B購01,1.03,+0.08,1.08,1.08,0.74,"36,000"
733461,先進光統一65購01,0.54,+0.01,0.53,0.60,0.50,"1,189,000"
733467,新應材統一5B購01,---,---,---,---,---,0
733470,營邦統一58購01,---,---,---,---,---,0
733471,營邦統一5B購01,1.26,+0.06,1.30,1.30,1.26,"2,000"
733533,新應材統一58購01,---,---,---,---,---,0
733560,大學光統一5B購01,---,---,---,---,---,0
733563,弘塑統一5B購01,---,---,---,---,---,0
733653,創惟統一5B購01,---,---,---,---,---,0
733654,創惟統一65購01,---,---,---,---,---,0
733655,創惟統一65購02,---,---,---,---,---,0
733656,創惟統一65購03,0.08,+0.01,0.07,0.08,0.07,"101,000"
733695,高端統一5B購01,0.55,+0.08,0.55,0.55,0.54,"595,000"
733696,高端統一65購01,0.61,+0.09,0.59,0.61,0.57,"510,000"
733701,創惟統一58購01,---,---,---,---,---,0
733702,創惟統一5C購01,---,---,---,---,---,0
733756,台特化統一58購01,---,---,---,---,---,0
733760,高端統一65購02,0.45,+0.07,0.45,0.45,0.45,"30,000"
733800,華星光統一5B購03,2.56,+0.44,2.56,2.56,2.56,"2,000"
733958,新應材統一5C購01,0.40,+0.04,0.40,0.40,0.40,"10,000"
733959,新應材統一5C購02,---,---,---,---,---,0
733983,富喬統一5C購01,2.00,+0.30,2.00,2.02,2.00,"14,000"
734209,華星光統一66購01,2.78,+0.39,2.65,2.78,2.32,"110,000"
734284,竹陞統一5C購01,---,---,---,---,---,0
734285,良維統一5A購01,---,---,---,---,---,0
734287,鈦昇統一59購01,2.08,+0.13,2.07,2.20,2.01,"63,000"
734294,耀勝統一59購01,---,---,---,---,---,0
734351,竹陞統一58購01,---,---,---,---,---,0
734352,竹陞統一5C購02,---,---,---,---,---,0
734355,南俊統一5C購01,---,---,---,---,---,0
734508,台燿統一5C購01,---,---,---,---,---,0
734514,協易機統一58購01,---,---,---,---,---,0
734519,建榮統一5C購01,0.79,+0.08,0.75,0.79,0.75,"5,000"
734521,智通*統一5C購01,---,---,---,---,---,0
734535,台燿永豐59購01,---,---,---,---,---,0
734608,兆利統一58購01,---,---,---,---,---,0
734707,智通*統一5C購02,0.68,+0.02,0.68,0.68,0.68,"5,000"
734708,新漢統一5C購01,---,---,---,---,---,0
734710,雙鴻統一62購01,0.52,+0.09,0.52,0.52,0.52,"2,000"
734781,兆利統一58購02,---,---,---,---,---,0
734782,宇峻統一5C購01,---,---,---,---,---,0
734783,均華統一5C購01,---,---,---,---,---,0
734785,萬潤統一5C購01,3.04,-0.01,3.07,3.07,3.04,"11,000"
734873,前鼎統一5C購01,---,---,---,---,---,0
734874,威剛統一5C購01,---,---,---,---,---,0
734994,新應材統一62購01,0.49,+0.13,0.49,0.49,0.49,"100,000"
735028,新應材元富63購01,1.09,+0.09,1.06,1.12,1.05,"425,000"
735029,新應材元富64購01,---,---,---,---,---,0
735271,波若威統一62購01,6.95,+0.80,6.95,6.95,6.95,"1,000"
735304,華景電統一5A購01,0.63,+0.18,0.63,0.63,0.63,"1,000"
735306,順達統一5C購01,---,---,---,---,---,0
735307,廣運統一58購04,---,---,---,---,---,0
735512,華星光統一61購03,2.49,+0.44,2.44,2.49,2.39,"38,000"
735556,百德統一59購01,---,---,---,---,---,0
735557,波若威統一63購01,9.95,+0.65,10.00,10.00,9.95,"7,000"
735647,久禾光統一61購01,---,---,---,---,---,0
735648,久禾光統一63購01,---,---,---,---,---,0
735650,台特化統一59購01,---,---,---,---,---,0
735654,信紘科統一5A購01,---,---,---,---,---,0
735658,彩富統一5B購01,---,---,---,---,---,0
735659,彩富統一61購01,---,---,---,---,---,0
735660,彩富統一63購01,---,---,---,---,---,0
735661,富喬統一5A購01,---,---,---,---,---,0
735665,意德士統一61購01,---,---,---,---,---,0
735724,久禾光統一61購02,---,---,---,---,---,0
735848,生合統一63購01,---,---,---,---,---,0
735849,均華統一63購01,---,---,---,---,---,0
735852,宏觀統一61購01,0.21,+0.04,0.21,0.21,0.21,"40,000"
735853,旺矽統一61購01,---,---,---,---,---,0
735855,南俊統一61購01,2.90,+0.51,2.90,2.90,2.90,"1,000"
735923,創惟統一59購01,---,---,---,---,---,0
735925,雙鴻統一59購01,---,---,---,---,---,0
736081,均華統一63購02,---,---,---,---,---,0
736082,均豪統一61購01,---,---,---,---,---,0
736084,昇達科統一59購03,---,---,---,---,---,0
736086,創惟統一59購02,---,---,---,---,---,0
736153,台燿統一61購01,---,---,---,---,---,0
736154,立碁統一61購01,0.71,-0.05,0.84,0.84,0.69,"636,000"
736156,均華統一5C購02,---,---,---,---,---,0
736157,旺矽統一59購02,---,---,---,---,---,0
736158,金居統一59購01,---,---,---,---,---,0
736159,金居統一59購02,---,---,---,---,---,0
736160,金居統一62購01,8.35,+0.80,7.70,8.35,7.70,"6,000"
736161,閎康統一59購01,1.14,+0.34,1.13,1.27,1.13,"19,000"
736242,宜特統一59購01,---,---,---,---,---,0
736243,宜特統一61購01,0.37,+0.02,0.37,0.37,0.37,"5,000"
736244,金居統一61購01,5.95,+0.15,6.45,6.60,5.95,"9,000"
736249,家登統一61購01,0.50,+0.06,0.50,0.50,0.50,"1,000"
736346,立碁統一59購01,---,---,---,---,---,0
736349,安國統一63購01,0.34,-0.07,0.45,0.45,0.26,"86,000"
736350,安國統一65購01,0.26,-0.01,0.27,0.28,0.26,"25,000"
736351,安國統一66購01,---,---,---,---,---,0
736352,安國統一67購01,---,---,---,---,---,0
736353,安國統一67購02,---,---,---,---,---,0
736354,安國統一67購03,0.23,+0.01,0.23,0.23,0.23,"6,000"
736360,閎康統一5B購01,0.69,+0.27,0.69,0.69,0.69,"1,000"
736427,M31統一61購03,0.12,+0.02,0.12,0.12,0.12,"55,000"
736428,立碁統一59購02,0.37,+0.02,0.37,0.37,0.37,"10,000"
736430,宏捷科統一59購01,0.79,+0.13,0.79,0.79,0.79,"2,000"
736431,宏捷科統一61購01,0.65,+0.08,0.67,0.67,0.65,"178,000"
736433,波若威統一59購04,---,---,---,---,---,0
736434,信紘科統一59購02,---,---,---,---,---,0
736436,晶呈統一59購01,3.28,+0.23,3.28,3.28,3.28,"1,000"
736439,順達統一59購04,---,---,---,---,---,0
736443,雙鴻統一62購02,---,---,---,---,---,0
736444,穩懋統一61購01,---,---,---,---,---,0
736474,中美晶統一5A購01,---,---,---,---,---,0
736475,立碁統一59購03,1.11,-0.09,1.11,1.11,1.11,"25,000"
736476,系微統一5B購01,---,---,---,---,---,0
736477,神盾統一5A購01,---,---,---,---,---,0
736478,新盛力統一67購01,---,---,---,---,---,0
736479,漢磊統一61購01,0.87,+0.11,0.76,0.88,0.76,"26,000"
736480,廣運統一61購01,0.14,-0.01,0.14,0.14,0.14,"3,000"
736585,振曜統一59購02,---,---,---,---,---,0
736586,神盾統一5C購01,---,---,---,---,---,0
736587,漢磊統一58購01,---,---,---,---,---,0
736604,元債20凱基67購01,---,---,---,---,---,0
736736,力旺統一61購01,0.78,+0.04,0.84,0.84,0.78,"14,000"
736740,安國統一59購01,---,---,---,---,---,0
736741,安國統一61購01,---,---,---,---,---,0
736834,中光電統一59購01,0.62,+0.10,0.62,0.62,0.62,"1,000"
736933,系統電統一59購02,---,---,---,---,---,0
736934,金居統一5B購01,5.05,-0.15,5.90,5.90,5.05,"31,000"
736935,前鼎統一5B購01,---,---,---,---,---,0
736938,晶呈統一5B購01,2.90,+0.11,2.90,2.90,2.90,"6,000"
736997,華景電統一59購01,---,---,---,---,---,0
737015,中美晶國票59購01,---,---,---,---,---,0
737086,良維統一62購01,---,---,---,---,---,0
737088,富喬統一5A購02,---,---,---,---,---,0
737153,正基統一5A購01,---,---,---,---,---,0
737161,富喬統一5A購03,1.21,+0.28,1.22,1.22,1.21,"31,000"
737163,新應材統一59購01,---,---,---,---,---,0
737197,智通*國票59購01,---,---,---,---,---,0
737198,智通*國票5B購01,1.51,-0.48,1.52,1.52,1.51,"25,000"
737286,元債20元大58購01,---,---,---,---,---,0
737292,雍智元大58購01,---,---,---,---,---,0
737295,環球晶元大58購01,---,---,---,---,---,0
737299,信驊第一58購01,---,---,---,---,---,0
737319,大宇資統一58購01,---,---,---,---,---,0
737320,元太統一58購02,---,---,---,---,---,0
737321,立碁統一5C購01,0.51,-0.08,0.60,0.62,0.51,"63,000"
737322,合晶統一58購01,---,---,---,---,---,0
737323,合騏統一58購02,---,---,---,---,---,0
737325,系微統一58購01,---,---,---,---,---,0
737328,美琪瑪統一58購02,---,---,---,---,---,0
737330,創惟統一58購02,---,---,---,---,---,0
737331,晶呈統一58購01,---,---,---,---,---,0
737332,華星光統一58購02,---,---,---,---,---,0
737334,萬泰科統一58購01,---,---,---,---,---,0
737335,廣明統一58購02,---,---,---,---,---,0
737336,雙鴻統一58購03,---,---,---,---,---,0
737337,穩懋統一58購02,---,---,---,---,---,0
737404,環球晶元大58購02,---,---,---,---,---,0
737487,環球晶元大58購03,---,---,---,---,---,0
737510,新應材第一58購02,1.63,+0.46,1.63,1.63,1.63,"10,000"
737517,宏捷科國票58購01,---,---,---,---,---,0
737675,建榮國票58購01,---,---,---,---,---,0
737701,譜瑞兆豐58購01,---,---,---,---,---,0
737795,鈦昇國票58購01,---,---,---,---,---,0
737800,漢磊國票58購01,1.45,+0.41,1.45,1.45,1.45,"19,000"
737801,漢磊國票5B購01,---,---,---,---,---,0
737846,台燿群益58購03,---,---,---,---,---,0
737870,廣明兆豐58購01,---,---,---,---,---,0
737913,博智群益58購01,---,---,---,---,---,0
737914,晶呈群益58購01,---,---,---,---,---,0
737927,中光電統一58購01,---,---,---,---,---,0
737929,台燿統一5A購01,5.90,+0.75,5.90,5.90,5.90,"1,000"
737930,晶呈統一5C購01,---,---,---,---,---,0
737931,萬泰科統一59購02,---,---,---,---,---,0
737933,譜瑞統一5B購01,0.03,+0.01,0.02,0.03,0.02,"15,000"
738020,中光電兆豐58購01,---,---,---,---,---,0
738051,台特化第一58購01,---,---,---,---,---,0
738060,精測國票58購01,---,---,---,---,---,0
738072,良維國票58購01,---,---,---,---,---,0
738079,中光電第一58購01,---,---,---,---,---,0
738080,精測第一58購01,84.50,+5.00,84.50,84.50,84.50,"3,000"
738082,台燿凱基58購01,---,---,---,---,---,0
738123,中光電元富58購01,0.01,-0.19,0.01,0.01,0.01,"349,000"
738128,聯合元富58購01,---,---,---,---,---,0
738130,大綜統一58購01,0.67,+0.36,0.40,0.67,0.40,"37,000"
738131,中光電統一5B購01,0.30,+0.07,0.30,0.30,0.30,"4,000"
738132,中美晶統一58購01,---,---,---,---,---,0
738133,元太統一58購03,---,---,---,---,---,0
738134,台燿統一58購02,---,---,---,---,---,0
738135,台燿統一5C購02,---,---,---,---,---,0
738136,亞信統一58購01,---,---,---,---,---,0
738137,亞信統一5B購01,---,---,---,---,---,0
738138,亞信統一64購01,---,---,---,---,---,0
738139,信紘科統一58購01,---,---,---,---,---,0
738140,美琪瑪統一64購01,---,---,---,---,---,0
738142,順達統一58購01,---,---,---,---,---,0
738143,順達統一58購02,---,---,---,---,---,0
738144,順達統一5B購02,0.07,-0.08,0.18,0.18,0.07,"11,000"
738145,順達統一5C購02,0.28,-0.01,0.33,0.33,0.28,"410,000"
738146,萬潤統一58購03,---,---,---,---,---,0
738147,群翊統一58購01,---,---,---,---,---,0
738148,漢科統一58購01,---,---,---,---,---,0
738149,漢科統一58購02,---,---,---,---,---,0
738150,漢科統一5B購01,---,---,---,---,---,0
738151,漢科統一5C購01,0.22,0.00,0.22,0.22,0.22,"5,000"
738152,精測統一5B購01,---,---,---,---,---,0
738153,精測統一64購01,---,---,---,---,---,0
738154,廣明統一64購01,---,---,---,---,---,0
738155,擎亞統一5B購01,---,---,---,---,---,0
738156,譜瑞統一5C購01,---,---,---,---,---,0
738157,譜瑞統一64購01,---,---,---,---,---,0
738183,凡甲統一5C購01,---,---,---,---,---,0
738184,世禾統一5B購01,---,---,---,---,---,0
738185,昇達科統一58購01,---,---,---,---,---,0
738186,昱展統一58購05,---,---,---,---,---,0
738187,昱展統一64購01,---,---,---,---,---,0
738188,美琪瑪統一58購03,---,---,---,---,---,0
738189,能率統一58購02,0.04,+0.02,0.04,0.04,0.04,"450,000"
738190,順達統一5A購01,---,---,---,---,---,0
738191,聖暉*統一5A購02,---,---,---,---,---,0
738192,聖暉*統一64購01,---,---,---,---,---,0
738193,廣明統一58購03,---,---,---,---,---,0
738194,環球晶統一58購02,---,---,---,---,---,0
738195,環球晶統一58購03,---,---,---,---,---,0
738196,聯合統一58購01,---,---,---,---,---,0
738197,譜瑞統一58購01,---,---,---,---,---,0
738198,譜瑞統一58購02,---,---,---,---,---,0
738202,順達元富58購01,---,---,---,---,---,0
738226,台燿凱基58購02,---,---,---,---,---,0
738269,廣明國票58購01,---,---,---,---,---,0
738281,M31統一5B購01,0.15,-0.01,0.15,0.15,0.15,"5,000"
738282,M31統一5C購01,0.11,+0.01,0.11,0.11,0.11,"18,000"
738283,凡甲統一58購01,---,---,---,---,---,0
738284,千附精統一59購03,---,---,---,---,---,0
738285,旺矽統一63購01,---,---,---,---,---,0
738286,信紘科統一64購01,0.24,+0.01,0.24,0.24,0.24,"20,000"
738287,意德士統一58購01,---,---,---,---,---,0
738288,新應材統一64購01,0.34,+0.03,0.34,0.34,0.34,"17,000"
738289,聖暉*統一58購02,---,---,---,---,---,0
738291,環球晶統一64購01,---,---,---,---,---,0
738292,聯合統一58購02,---,---,---,---,---,0
738293,聯合統一58購03,---,---,---,---,---,0
738296,廣明中信58購01,---,---,---,---,---,0
738299,元債20元富58購01,---,---,---,---,---,0
738373,雙鴻元大58購01,---,---,---,---,---,0
738439,雙鴻元大58購02,---,---,---,---,---,0
738442,寬宏第一59購01,---,---,---,---,---,0
738465,宜鼎兆豐59購01,---,---,---,---,---,0
738491,廣運永豐59購01,---,---,---,---,---,0
738497,台燿元大59購01,---,---,---,---,---,0
738503,勤凱元大59購01,0.34,+0.06,0.34,0.34,0.34,"1,000"
738557,譜瑞元大59購01,---,---,---,---,---,0
738567,精測國票5B購01,---,---,---,---,---,0
738588,譜瑞元大59購02,---,---,---,---,---,0
738605,譜瑞凱基59購01,---,---,---,---,---,0
738619,精測群益59購01,---,---,---,---,---,0
738651,世禾統一59購01,---,---,---,---,---,0
738653,兆利統一59購02,---,---,---,---,---,0
738654,旺矽統一59購03,---,---,---,---,---,0
738655,旺矽統一59購04,---,---,---,---,---,0
738658,順達統一59購05,---,---,---,---,---,0
738661,廣明統一59購01,---,---,---,---,---,0
738663,雙鴻統一59購02,---,---,---,---,---,0
738675,振曜國票59購01,---,---,---,---,---,0
738690,群聯元大59購01,---,---,---,---,---,0
738720,群聯凱基59購01,---,---,---,---,---,0
738726,宏捷科國票5B購01,0.44,+0.07,0.44,0.44,0.44,"10,000"
738736,M31統一5C購02,0.10,0.00,0.13,0.13,0.10,"6,000"
738737,M31統一62購04,---,---,---,---,---,0
738739,弘塑統一59購01,---,---,---,---,---,0
738740,生合統一59購01,---,---,---,---,---,0
738741,生合統一63購02,---,---,---,---,---,0
738742,安勤統一59購01,0.35,+0.07,0.32,0.35,0.32,"355,000"
738743,宏觀統一5C購01,---,---,---,---,---,0
738744,良維統一59購01,---,---,---,---,---,0
738745,旺矽統一59購05,---,---,---,---,---,0
738746,朋程統一5C購01,0.16,+0.01,0.17,0.17,0.16,"30,000"
738747,長佳智統一5C購01,---,---,---,---,---,0
738748,信紘科統一5C購01,---,---,---,---,---,0
738749,前鼎統一59購02,1.81,+0.52,1.81,1.81,1.81,"2,000"
738750,威剛統一59購01,---,---,---,---,---,0
738751,茂訊統一59購02,0.52,+0.09,0.50,0.52,0.50,"80,000"
738752,振曜統一58購02,---,---,---,---,---,0
738753,神準統一59購01,0.01,0.00,0.01,0.01,0.01,"10,000"
738754,晶焱統一5C購01,---,---,---,---,---,0
738755,智擎統一59購01,---,---,---,---,---,0
738756,湧德統一59購02,---,---,---,---,---,0
738757,順達統一5C購03,0.19,-0.04,0.23,0.23,0.19,"103,000"
738758,萬泰科統一5C購01,0.59,+0.07,0.59,0.59,0.59,"9,000"
738759,群翊統一59購01,---,---,---,---,---,0
738760,群翊統一5C購01,---,---,---,---,---,0
738761,寬宏統一59購01,---,---,---,---,---,0
738762,寬宏統一65購01,---,---,---,---,---,0
738763,廣明統一58購04,---,---,---,---,---,0
738764,廣明統一5C購01,---,---,---,---,---,0
738765,緯軟統一59購01,0.17,0.00,0.17,0.17,0.17,"10,000"
738766,優群統一58購01,---,---,---,---,---,0
738767,耀勝統一5C購01,---,---,---,---,---,0
738776,群聯元大59購02,---,---,---,---,---,0
738781,信驊元富59購01,---,---,---,---,---,0
738802,精測群益5C購01,---,---,---,---,---,0
738806,台半統一58購01,---,---,---,---,---,0
738807,台半統一59購01,---,---,---,---,---,0
738808,朋程統一59購01,---,---,---,---,---,0
738853,國債20群益58購01,---,---,---,---,---,0
738870,群聯凱基59購02,---,---,---,---,---,0
738874,精測凱基59購01,---,---,---,---,---,0
738880,雍智元大58購02,---,---,---,---,---,0
738898,精測元富59購01,---,---,---,---,---,0
738899,精測元富59購02,---,---,---,---,---,0
738929,中光電富邦59購01,---,---,---,---,---,0
738931,M31統一5C購03,---,---,---,---,---,0
738932,中光電統一59購02,---,---,---,---,---,0
738933,世禾統一5C購01,0.23,+0.01,0.23,0.23,0.23,"1,000"
738934,台半統一5C購01,---,---,---,---,---,0
738938,永信建統一5C購01,---,---,---,---,---,0
738939,良維統一59購02,---,---,---,---,---,0
738940,旺矽統一65購01,---,---,---,---,---,0
738941,昇達科統一59購04,---,---,---,---,---,0
738942,威剛統一59購02,---,---,---,---,---,0
738943,湧德統一5C購01,---,---,---,---,---,0
738944,順達統一5C購04,---,---,---,---,---,0
738945,鈊象統一59購02,---,---,---,---,---,0
738946,群翊統一59購02,---,---,---,---,---,0
738947,精測統一65購01,1.30,+0.06,1.31,1.31,1.29,"16,000"
738949,台燿凱基58購03,---,---,---,---,---,0
738954,旺矽凱基58購01,---,---,---,---,---,0
738963,雙鴻凱基59購01,---,---,---,---,---,0
739002,台燿富邦59購01,---,---,---,---,---,0
739045,M31元大59購01,0.07,-0.18,0.06,0.07,0.06,"18,000"
739053,旺矽元大59購01,---,---,---,---,---,0
739057,智通*元大59購01,0.02,0.00,0.02,0.02,0.02,"35,000"
739063,系統電富邦59購01,---,---,---,---,---,0
739071,旺矽國票5A購01,---,---,---,---,---,0
739073,威剛國票59購01,---,---,---,---,---,0
739105,智通*元富59購01,---,---,---,---,---,0
739106,湧德元富59購01,0.32,+0.07,0.32,0.32,0.32,"2,000"
739116,元債20永豐59購01,---,---,---,---,---,0
739122,中光電元大58購01,---,---,---,---,---,0
739123,中光電元大59購01,---,---,---,---,---,0
739131,宜鼎元大59購01,---,---,---,---,---,0
739161,中光電國票59購01,---,---,---,---,---,0
739209,宜鼎凱基58購01,---,---,---,---,---,0
739217,雙鴻凱基59購02,---,---,---,---,---,0
739284,威剛國票5B購01,---,---,---,---,---,0
739303,中美晶凱基59購01,---,---,---,---,---,0
739372,力旺統一5C購01,0.46,+0.13,0.41,0.46,0.41,"16,000"
739373,生合統一5C購01,---,---,---,---,---,0
739374,合晶統一59購01,---,---,---,---,---,0
739375,合晶統一5C購01,---,---,---,---,---,0
739376,均豪統一5B購01,---,---,---,---,---,0
739378,宜鼎統一5C購01,---,---,---,---,---,0
739379,宜鼎統一5C購02,---,---,---,---,---,0
739380,欣銓統一64購01,1.82,+0.14,1.84,1.84,1.82,"4,000"
739381,信驊統一5C購01,---,---,---,---,---,0
739382,威剛統一5C購02,---,---,---,---,---,0
739383,威剛統一64購01,3.37,+0.21,3.37,3.37,3.37,"1,000"
739384,鈊象統一5C購01,0.16,+0.01,0.16,0.16,0.16,"10,000"
739385,萬泰科統一64購01,0.92,+0.08,0.92,0.92,0.92,"14,000"
739386,群翊統一5C購02,---,---,---,---,---,0
739387,精材統一5C購01,1.56,+0.11,1.74,1.79,1.56,"13,000"
739388,德微統一5C購01,---,---,---,---,---,0
739389,優群統一59購01,---,---,---,---,---,0
739404,中光電元大58購02,---,---,---,---,---,0
739419,永信建國票59購01,---,---,---,---,---,0
739425,泰茂國票5A購01,0.04,0.00,0.04,0.04,0.04,"2,000"
739433,威剛兆豐59購01,---,---,---,---,---,0
739441,中光電統一5B購02,---,---,---,---,---,0
739442,中美晶統一5C購01,0.55,-0.23,0.60,0.60,0.55,"46,000"
739443,永信建統一5C購02,---,---,---,---,---,0
739444,合晶統一59購02,---,---,---,---,---,0
739445,合晶統一59購03,---,---,---,---,---,0
739446,宜鼎統一5C購03,4.14,+0.31,4.14,4.14,4.14,"3,000"
739447,朋程統一5C購02,---,---,---,---,---,0
739448,長佳智統一59購01,---,---,---,---,---,0
739451,威剛統一59購03,---,---,---,---,---,0
739452,茂達統一59購01,0.61,+0.01,0.61,0.61,0.61,"2,000"
739453,振曜統一5C購01,---,---,---,---,---,0
739454,能率統一5B購01,0.19,+0.09,0.19,0.19,0.19,"1,000"
739455,鈊象統一59購03,---,---,---,---,---,0
739456,精測統一59購02,1.80,-0.13,2.06,2.06,1.80,"20,000"
739457,營邦統一59購01,---,---,---,---,---,0
739458,環球晶統一59購01,3.66,-0.51,3.66,3.66,3.66,"3,000"
739459,環球晶統一59購02,2.78,-0.68,2.78,2.78,2.78,"5,000"
739460,環球晶統一64購02,1.73,-0.33,2.10,2.40,1.72,"119,000"
739478,大宇資群益59購01,---,---,---,---,---,0
739519,系微統一5C購02,---,---,---,---,---,0
739520,旺矽統一5B購01,---,---,---,---,---,0
739521,茂迪統一59購01,---,---,---,---,---,0
739522,廣運統一5C購01,---,---,---,---,---,0
739523,擎亞統一5C購01,---,---,---,---,---,0
739549,聯合國票5A購01,---,---,---,---,---,0
739581,均華兆豐59購01,---,---,---,---,---,0
739598,中美晶國票59購02,---,---,---,---,---,0
739634,中光電富邦59購02,---,---,---,---,---,0
739639,大宇資統一5C購01,---,---,---,---,---,0
739640,中光電統一59購03,---,---,---,---,---,0
739641,台燿統一64購01,---,---,---,---,---,0
739642,弘塑統一5C購01,---,---,---,---,---,0
739643,合晶統一5B購01,11.50,0.00,11.50,11.50,11.50,"1,000"
739644,合晶統一5C購02,4.80,+0.14,4.80,4.80,4.80,"1,000"
739645,均豪統一5C購01,---,---,---,---,---,0
739646,昇佳電統一5C購01,0.18,+0.06,0.18,0.18,0.18,"10,000"
739647,昇佳電統一5C購02,0.15,0.00,0.15,0.15,0.15,"12,000"
739648,創惟統一5C購02,---,---,---,---,---,0
739649,新漢統一64購01,0.21,+0.03,0.20,0.21,0.20,"450,000"
739650,萬泰科統一5C購02,---,---,---,---,---,0
739651,德微統一5C購02,0.85,+0.15,0.85,0.85,0.85,"1,000"
739652,耀勝統一5C購02,---,---,---,---,---,0
739696,鈊象元富59購01,---,---,---,---,---,0
739709,環球晶富邦59購01,2.96,-1.04,4.36,4.36,2.96,"5,000"
739715,台半元富59購01,---,---,---,---,---,0
739716,台半元富59購02,---,---,---,---,---,0
739718,精測元富59購03,---,---,---,---,---,0
739723,環球晶元富59購01,---,---,---,---,---,0
739724,環球晶元富59購02,---,---,---,---,---,0
739742,威剛凱基59購01,---,---,---,---,---,0
739750,環球晶凱基59購01,---,---,---,---,---,0
739751,環球晶凱基59購02,---,---,---,---,---,0
739806,合晶永豐58購01,---,---,---,---,---,0
739825,雙鴻元富59購01,---,---,---,---,---,0
739826,世界群益59購01,---,---,---,---,---,0
739841,世界國票5C購01,---,---,---,---,---,0
739842,威剛國票5A購01,---,---,---,---,---,0
739850,中光電元大58購03,---,---,---,---,---,0
739856,系微元大59購01,---,---,---,---,---,0
739858,昇達科元大59購01,5.35,+0.99,5.35,5.35,5.35,"2,000"
739913,旺矽國票5B購01,---,---,---,---,---,0
739986,廣明國票5B購01,0.01,-0.01,0.01,0.01,0.01,"5,000"
7402,邑錡,106.00,+4.00,104.50,106.50,104.00,"584,725"
7547,碩網,48.40,+1.30,47.60,49.00,47.60,"11,223"
7556,意德士,223.50,+8.00,222.00,224.50,220.00,"22,447"
7584,樂意,25.20,0.00,25.85,25.85,25.20,"2,200"
7642,昶瑞機電,78.00,+1.10,76.40,78.70,76.40,"20,155"
7703,銳澤,171.50,+6.50,168.00,174.00,168.00,"208,634"
7704,明遠精密,65.30,+4.40,66.80,66.90,63.40,"572,136"
7708,全家餐飲,92.30,0.00,92.40,92.40,92.20,"8,480"
7709,榮田,72.10,+1.20,72.50,73.00,71.80,"49,913"
7712,博盛半導體,140.00,-1.00,146.00,146.00,140.00,"290,493"
7713,威力德生醫,69.50,-0.40,70.00,70.20,69.30,"32,141"
7714,創泓科技,158.00,+3.00,166.50,167.00,155.50,"542,301"
7715,裕山,35.60,+1.15,35.40,37.05,34.50,"335,970"
7716,昱臺國際,24.85,+0.25,24.85,24.85,24.85,"1,001"
7717,萊德光電-KY,440.00,+27.00,423.00,453.00,423.00,"191,126"
7718,友鋮,47.95,+0.75,47.20,47.95,47.15,"18,145"
7723,築間,18.45,-0.15,18.60,18.70,18.45,"47,940"
7728,光焱科技,619.00,+18.00,601.00,620.00,596.00,"18,885"
7734,印能科技,3440.00,-250.00,3800.00,3875.00,3395.00,"333,739"
7738,東聯互動,167.50,+1.50,167.00,167.50,167.00,"6,674"
7743,金利食安,20.80,-0.10,20.80,20.80,20.80,"1,027"
7744,崴寶,444.50,+40.00,426.00,444.50,425.50,"69,736"
7747,昕奇雲端,116.00,+1.00,113.50,116.00,113.50,"2,110"
7751,竑騰,1405.00,+40.00,1395.00,1460.00,1390.00,"466,821"
7753,星亞,37.20,-0.60,37.60,37.60,37.15,"20,233"
7757,金色三麥,88.60,+0.40,88.40,88.80,88.30,"8,622"
7767,仁大資訊,47.50,-0.15,47.65,48.10,47.45,"46,070"
7770,君曜,---,---,---,---,---,0
7772,耀穎,92.60,+2.90,95.40,96.60,91.50,"147,801"
7777,能率亞洲,42.40,+2.80,40.50,43.45,40.50,"4,734,768"
7782,光速火箭,25.90,-0.55,26.50,26.50,25.90,"2,140"
7792,安葆,203.50,+5.50,199.50,205.00,198.00,"329,561"
7794,宏碁智新,28.50,-0.30,29.10,29.20,28.50,"30,046"
7805,威聯通,638.00,+24.00,638.00,639.00,633.00,"15,945"
7810,捷創科技,189.50,+1.00,189.50,190.50,188.00,"37,381"
7811,民盛,71.00,0.00,71.00,71.00,70.50,"48,009"
7814,海昌生技,30.40,+0.30,30.10,31.00,30.00,"20,453"
7819,精誠金融,34.40,-0.35,35.30,35.60,34.30,"35,644"
7820,立盈,100.50,0.00,100.50,100.50,100.50,"6,158"
7828,創新服務,1750.00,+140.00,1765.00,1770.00,1720.00,"225,183"
7839,達人網,45.50,-0.25,45.50,45.50,45.50,"1,000"
7842,天能綠電,76.10,+0.10,77.70,79.00,75.10,"177,514"
8024,佑華,14.70,+0.30,14.80,15.45,14.50,"33,954"
8027,鈦昇,183.00,+7.50,182.50,187.50,179.50,"2,632,935"
8032,光菱,36.30,+0.60,36.35,36.60,36.00,"61,725"
8034,榮群,19.55,+0.15,19.45,19.70,19.35,"79,478"
8038,長園科,31.90,+0.50,31.50,32.30,31.50,"208,247"
8040,九暘,73.90,+3.90,72.60,74.40,71.30,"613,144"
8042,金山電,110.00,-0.50,114.50,116.50,109.00,"5,634,260"
8043,蜜望實,135.50,-2.00,142.50,144.50,135.00,"6,391,632"
8044,網家,26.95,+0.30,27.00,27.30,26.65,"401,896"
8047,星雲,44.20,+0.20,42.70,44.20,42.00,"16,003"
8048,德勝,54.90,+0.90,54.30,56.60,52.50,"494,562"
8049,晶采,26.30,+0.20,26.40,26.45,26.10,"79,909"
8050,廣積,64.90,+5.90,59.90,64.90,59.40,"6,005,350"
8054,安國,83.20,+2.10,83.20,84.40,82.50,"942,533"
8059,凱碩,15.20,+0.05,15.25,15.35,15.05,"101,193"
8064,東捷,104.00,0.00,106.50,108.50,103.00,"3,892,404"
8066,來思達,15.00,+0.25,14.70,15.00,14.70,"11,228"
8067,志旭,13.65,+0.05,14.70,14.90,13.60,"29,047"
8068,全達,18.05,+0.45,17.90,18.80,17.90,"217,148"
8069,元太,195.50,-2.00,200.00,204.50,195.50,"11,627,250"
8071,能率網通,23.80,+1.30,23.25,24.75,23.00,"2,022,749"
8074,鉅橡,54.90,+1.90,54.50,56.40,54.10,"943,955"
8076,伍豐,23.30,+0.30,23.10,23.50,23.10,"658,216"
8077,洛碁,---,---,---,---,---,0
8080,泰霖,27.60,-0.90,30.00,30.10,27.45,"24,055"
8083,瑞穎,158.50,-1.00,160.50,160.50,157.50,"128,027"
8084,巨虹,41.85,+0.35,42.00,43.75,41.60,"58,002"
8085,福華,11.15,-0.25,11.35,11.55,10.90,"1,144,089"
8086,宏捷科,124.00,+1.50,128.00,129.50,123.50,"3,807,266"
8087,麗升能源,29.00,+0.20,29.35,29.35,28.80,"11,007"
8088,品安,47.65,+0.85,48.80,49.20,47.65,"1,039,283"
8089,康全電訊,18.35,+0.15,18.40,18.55,18.20,"89,403"
8091,翔名,229.00,+7.00,229.50,232.00,225.00,"579,511"
8092,建暐,13.45,0.00,13.60,13.65,13.35,"20,065"
8093,保銳,20.70,+0.10,20.00,21.00,20.00,"33,827"
8096,擎亞,129.50,+3.00,132.50,137.00,129.50,"9,582,403"
8097,常珵,51.80,-2.60,54.40,54.80,51.30,"182,592"
8099,大世科,56.00,+0.40,56.10,56.90,55.60,"116,697"
8102,傑霖科技,69.40,+1.60,69.50,71.30,67.90,"10,064"
8107,大億金茂,11.30,-0.20,11.50,11.60,11.30,"41,329"
8109,博大,130.50,+6.00,132.00,133.00,129.50,"465,631"
8111,立碁,63.50,-2.00,67.50,69.00,62.80,"19,535,807"
8121,越峰,29.50,-0.40,30.10,30.80,29.35,"1,206,622"
8147,正淩,125.50,+5.00,124.00,127.50,124.00,"213,030"
8155,博智,291.50,+3.00,296.50,299.50,289.00,"907,616"
8171,天宇,19.50,+0.15,19.50,19.80,19.20,"86,573"
8176,智捷,9.92,+0.02,9.86,9.99,9.86,"106,192"
8182,加高,39.90,+1.10,39.70,41.05,39.05,"2,126,044"
8183,精星,29.35,+0.25,29.35,29.90,29.35,"218,110"
8227,巨有科技,150.00,+4.00,152.00,152.00,147.50,"424,078"
8234,新漢,67.90,+4.20,64.30,68.80,64.30,"1,070,115"
8240,華宏,41.75,+0.80,41.90,42.70,41.55,"274,782"
8255,朋程,146.00,+4.50,146.00,148.00,143.50,"466,768"
8272,全景軟體,64.60,+0.70,63.40,64.60,63.40,"5,523"
8277,商丞,8.20,+0.01,8.68,8.68,8.11,"79,556"
8279,生展,89.90,+0.60,91.00,91.00,89.60,"11,343"
8284,三竹,62.00,-0.60,62.00,62.00,62.00,"3,377"
8289,泰藝,43.50,+1.45,43.45,44.00,42.65,"771,742"
8291,尚茂,37.30,+3.35,33.95,37.30,33.95,"29,908"
8299,群聯,1845.00,+25.00,1900.00,1910.00,1845.00,"3,866,831"
8342,益張,---,---,---,---,---,1
8349,恒耀,39.90,+0.10,40.00,40.00,39.60,"41,805"
8349A,恒耀甲特,45.40,+0.10,45.35,45.40,45.35,"2,000"
8354,冠好,15.50,除息,15.65,15.65,15.50,"16,329"
8358,金居,349.50,+8.50,365.00,375.00,347.50,"24,905,783"
8383,千附,71.00,+1.10,71.20,72.50,69.90,"2,542,170"
8390,金益鼎,95.30,+1.20,95.10,96.10,94.30,"320,707"
8401,白紗科,22.80,0.00,22.70,22.85,22.65,"9,698"
8403,盛弘,18.90,0.00,19.00,19.00,18.80,"107,304"
8409,商之器,18.30,-0.05,18.35,18.50,18.30,"6,282"
8410,森田,30.90,+0.25,30.65,30.90,30.55,"26,000"
8415,大國鋼,37.10,+0.30,37.15,37.50,36.75,"469,968"
8416,實威,169.50,0.00,168.50,170.00,168.50,"9,397"
8421,旭源,14.40,-0.25,14.70,14.80,14.35,"262,669"
8423,保綠-KY,17.90,-0.10,18.00,18.00,17.75,"33,879"
8424,惠普,68.80,0.00,68.80,68.90,68.50,"13,138"
8426,紅木-KY,21.50,+0.30,21.70,21.70,21.20,"22,216"
8431,匯鑽科,50.90,-0.60,51.10,52.20,50.70,"625,521"
8432,東生華,50.70,+0.30,50.50,50.90,50.40,"39,114"
8433,弘帆,53.80,+0.20,53.70,53.80,53.50,"5,112"
8435,鉅邁,52.20,0.00,52.20,52.20,52.00,"27,723"
8436,大江,114.50,+1.00,114.50,115.50,114.00,"303,328"
8437,大地-KY,8.89,-0.02,8.88,8.91,8.85,"20,574"
8440,綠電,19.25,+0.10,19.60,19.60,19.15,"58,352"
8444,綠河-KY,5.35,+0.18,5.23,5.35,5.22,"19,021"
8446,華研,85.10,-0.10,85.30,86.30,85.00,"55,885"
8450,霹靂,14.65,+0.05,14.55,14.80,14.55,"19,964"
8455,大拓-KY,23.95,0.00,24.00,24.00,23.90,"9,480"
8472,夠麻吉,68.20,+0.10,68.00,68.20,67.80,"12,078"
8477,創業家,15.90,-0.05,15.95,15.95,15.45,"32,501"
8489,三貝德,22.90,+0.35,22.60,22.90,22.20,"95,043"
8905,裕國,33.90,+0.50,32.55,33.90,32.55,"41,907"
8906,花王,27.10,+0.85,26.25,27.10,26.20,"47,049"
8908,欣雄,39.95,0.00,39.55,40.00,39.55,"23,750"
8916,光隆,43.05,0.00,43.10,43.15,43.00,"109,434"
8917,欣泰,53.00,+1.00,52.90,53.00,52.90,"4,000"
8921,沈氏,17.10,-0.40,17.60,17.60,17.00,"18,001"
8923,時報,18.70,-0.45,19.45,19.45,18.70,"33,379"
8924,大田,52.00,-1.80,53.10,53.10,51.50,"412,880"
8927,北基,20.35,+0.05,20.25,20.60,20.15,"381,222"
8928,鉅明,22.40,+0.05,22.20,22.40,22.10,"23,373"
8929,富堡,13.10,-0.05,13.15,13.15,13.00,"22,396"
8930,青鋼,30.70,-0.30,31.00,31.15,30.65,"50,228"
8931,大汽電,40.90,-0.15,41.05,41.35,40.90,"40,041"
8932,智通*,99.40,+0.60,100.00,103.50,99.30,"2,192,019"
8933,愛地雅,4.33,+0.03,4.31,4.33,4.30,"55,488"
8935,邦泰,17.60,+0.20,17.65,17.80,17.55,"121,445"
8936,國統,52.10,+0.60,52.10,52.30,51.70,"1,144,886"
8937,合騏*,23.90,+0.10,23.80,24.45,23.60,"37,600"
8938,明安,53.60,-0.50,53.40,53.90,52.40,"261,589"
8941,關中,43.40,+0.10,43.40,43.40,43.40,"1,300"
8942,森鉅,37.60,+0.40,37.90,37.90,37.40,"112,934"
9949,琉園,23.25,+0.20,23.30,23.75,22.70,"61,483"
9950,萬國通,10.45,+0.05,10.50,10.50,10.45,"42,118"
9951,皇田,52.90,+0.50,52.60,53.00,52.60,"46,123"
9960,邁達康,32.90,+0.40,33.45,33.50,32.80,"33,006"
9962,有益,9.77,-0.01,9.89,9.89,9.65,"42,334"
